crop,area_ha,temperature,soil_moisture,soil_ph,annual_rainfall,nitrogen,fertilizer_level,irrigation_level,yield_t_ha,water_mm,harvest_days,co2_credits,input_cost,success_rate,season_income,net_roi,temperature_fit,ph_fit,moisture_fit,rainfall_fit,nitrogen_fit,condition,is_synthetic
Rice,3.0,41.1,18.9,4.47,328.0,12.7,65.4,22.1,0.91,1505,137,1.23,14173,5,60060,323.8,14,5,5,5,5,Poor,True
Rice,2.0,29.9,97.1,7.24,1716.0,84.9,45.4,67.1,2.24,1549,117,1.37,9567,41,98560,930.2,100,85,5,100,100,Poor,True
Rice,6.25,19.0,87.9,5.64,808.0,132.8,86.7,20.5,3.17,1328,126,5.61,32515,65,435875,1240.5,59,100,73,54,96,Moderate,True
Rice,0.5,37.2,72.8,5.7,551.0,191.4,53.6,27.4,1.97,1186,131,0.32,2313,34,21670,836.9,50,100,100,13,17,Poor,True
Rice,12.25,25.9,68.6,6.63,1398.0,90.4,36.8,87.8,4.46,1196,122,14.91,59266,99,1201970,1928.1,100,100,100,100,100,Good,True
Rice,12.25,29.1,82.6,7.65,1655.0,194.6,56.5,64.2,2.32,1165,119,8.78,61676,43,625240,913.7,100,59,100,100,12,Poor,True
Rice,7.5,23.9,68.9,5.55,1063.0,27.1,55.3,35.4,2.23,1222,121,5.45,35980,41,367950,922.7,100,100,100,94,5,Poor,True
Rice,5.0,30.6,77.5,6.0,1144.0,95.5,34.9,72.9,4.61,1220,121,5.88,23789,99,507100,2031.7,100,100,100,100,100,Good,True
Rice,10.0,42.4,19.9,4.68,180.0,10.7,61.7,86.7,0.92,1523,134,4.05,50599,8,202400,300.0,5,23,5,5,5,Poor,True
Rice,16.0,24.4,95.6,7.11,1249.0,98.7,79.1,74.7,2.26,1535,119,11.56,85093,43,795520,834.9,100,93,5,100,100,Poor,True
Rice,2.25,22.6,63.9,7.73,1346.0,58.3,35.0,70.8,3.32,1236,118,2.06,10592,67,164340,1451.5,100,54,96,100,59,Moderate,True
Rice,6.25,22.7,51.2,5.98,2769.0,88.5,67.4,39.6,2.63,1397,120,4.62,30716,49,361625,1077.3,100,100,47,23,100,Moderate,True
Rice,0.25,23.5,34.3,8.63,2096.0,43.9,52.7,81.5,1.59,1580,117,0.14,1293,24,8745,576.3,100,5,5,77,31,Poor,True
Rice,5.0,7.2,84.0,8.03,1263.0,13.2,93.9,65.4,1.73,1181,135,2.89,27210,25,190300,599.4,5,35,100,100,5,Poor,True
Rice,1.5,33.7,29.1,6.5,2666.0,128.6,40.0,31.2,2.04,1528,123,1.01,6932,34,67320,871.1,84,100,5,31,100,Poor,True
Rice,1.0,29.5,60.5,6.28,1231.0,18.5,82.3,54.3,2.28,1277,120,0.7,5040,40,50160,895.2,100,100,83,100,5,Poor,True
Rice,4.0,27.4,78.9,5.84,1222.0,129.1,70.8,49.0,4.35,1224,120,4.74,19641,99,382800,1849.0,100,100,100,100,100,Good,True
Rice,1.0,41.3,14.5,8.4,3000.0,23.5,98.0,88.9,0.93,1549,134,0.41,5315,8,20460,284.9,12,12,5,5,5,Poor,True
Rice,2.25,38.9,53.6,4.96,1736.0,66.8,30.8,77.7,2.61,1330,132,1.75,11339,48,129195,1039.4,35,48,57,100,75,Moderate,True
Rice,2.25,23.1,87.8,6.16,2652.0,134.7,77.7,63.0,2.83,1290,125,1.9,11341,58,140085,1135.2,100,100,73,33,94,Moderate,True
Rice,1.0,30.8,61.3,8.67,1426.0,89.6,60.4,56.3,2.28,1247,121,0.74,5083,42,50160,886.8,100,5,86,100,100,Poor,True
Rice,7.5,43.7,18.8,4.21,125.0,7.7,93.9,89.6,0.85,1528,135,3.03,39575,5,140250,254.4,5,5,5,5,5,Poor,True
Rice,12.25,39.1,16.4,4.49,73.0,16.4,67.8,82.3,0.98,1502,128,5.1,61307,6,264110,330.8,33,5,5,5,5,Poor,True
Rice,3.5,41.0,93.6,8.8,181.0,8.0,64.0,25.5,0.94,1520,131,1.48,16946,9,72380,327.1,14,5,19,5,5,Poor,True
Rice,9.0,22.1,77.6,5.79,1150.0,99.8,83.2,81.3,4.51,1245,119,10.6,46989,99,892980,1800.4,100,100,100,100,100,Good,True
Rice,10.0,30.4,47.3,5.02,2492.0,94.0,39.0,58.0,2.58,1421,121,7.66,47533,48,567600,1094.1,100,54,33,45,100,Moderate,True
Rice,9.0,26.1,79.0,5.71,1193.0,128.5,68.5,41.2,4.38,1179,122,11.18,43816,97,867240,1879.3,100,100,100,100,100,Good,True
Rice,0.25,23.6,70.0,6.32,1600.0,113.0,91.1,53.9,4.53,1168,123,0.3,1270,99,24915,1861.8,100,100,100,100,100,Good,True
Rice,2.0,25.4,66.8,5.64,1318.0,129.0,44.8,63.1,4.56,1188,116,2.38,9653,99,200640,1978.5,100,100,100,100,100,Good,True
Rice,2.25,20.6,96.2,6.51,1453.0,130.0,60.7,61.4,2.2,1548,122,1.59,11068,42,108900,883.9,81,100,5,100,100,Poor,True
Rice,6.25,37.8,12.2,4.27,138.0,8.5,45.4,25.7,1.03,1549,127,2.74,29654,12,141625,377.6,44,5,5,5,5,Poor,True
Rice,0.25,30.2,30.6,8.53,2593.0,14.2,46.7,73.5,1.34,1569,119,0.13,1212,18,7370,508.1,100,5,5,37,5,Poor,True
Rice,2.0,37.7,47.7,6.24,2825.0,122.2,45.0,30.6,2.25,1483,129,1.37,9216,37,99000,974.2,46,100,34,19,100,Poor,True
Rice,16.0,37.5,82.9,6.27,2327.0,153.2,95.5,65.7,3.09,1216,127,14.06,84773,61,1087680,1183.1,47,100,100,58,69,Moderate,True
Rice,16.0,28.4,49.6,5.19,1986.0,123.1,63.1,82.8,2.97,1420,123,14.13,82138,61,1045440,1172.8,100,71,41,85,100,Moderate,True
Rice,0.25,22.8,79.0,5.61,1675.0,115.3,86.5,35.2,4.6,1184,122,0.29,1310,99,25300,1831.3,100,100,100,100,100,Good,True
Rice,5.0,27.1,56.9,6.2,1914.0,151.1,36.8,54.5,3.7,1333,122,5.01,22808,79,407000,1684.5,100,100,69,91,71,Good,True
Rice,7.5,36.2,55.6,7.98,628.0,185.5,59.7,57.4,1.97,1331,124,4.81,37333,34,325050,770.7,60,38,64,25,25,Poor,True
Rice,4.0,24.9,84.9,6.55,1369.0,116.9,81.0,73.9,4.49,1193,119,4.84,20415,99,395120,1835.4,100,100,100,100,100,Good,True
Rice,3.5,30.3,49.3,8.02,2868.0,144.7,98.9,27.9,1.93,1430,122,2.32,18605,35,148610,698.8,100,36,41,15,80,Poor,True
Rice,0.5,30.8,76.0,5.75,1388.0,118.9,58.2,47.1,4.53,1233,119,0.61,2414,99,49830,1964.2,100,100,100,100,100,Good,True
Rice,0.25,43.0,12.5,4.15,117.0,11.3,49.5,40.0,0.82,1539,134,0.1,1194,5,4510,277.7,5,5,5,5,5,Poor,True
Rice,12.25,14.3,13.4,4.68,150.0,35.3,93.2,33.2,0.97,1571,135,5.06,62091,9,261415,321.0,5,22,5,5,15,Poor,True
Rice,4.0,31.5,77.1,5.84,1570.0,110.9,30.2,51.2,4.43,1206,124,4.81,19036,99,389840,1947.9,100,100,100,100,100,Good,True
Rice,7.5,43.5,17.9,4.23,154.0,16.0,84.8,72.9,0.87,1462,132,3.05,40284,7,143550,256.3,5,5,5,5,5,Poor,True
Rice,6.25,23.4,65.3,6.03,1513.0,99.6,64.1,35.2,4.58,1205,116,7.43,31213,99,629750,1917.6,100,100,100,100,100,Good,True
Rice,3.0,29.8,39.1,6.16,1724.0,123.8,82.4,24.6,2.25,1554,118,2.18,14350,45,148500,934.8,100,100,5,100,100,Poor,True
Rice,3.0,23.5,67.8,6.46,1227.0,97.3,70.9,60.2,4.49,1176,121,3.56,14909,99,296340,1887.7,100,100,100,100,100,Good,True
Rice,9.0,27.5,75.7,6.03,1726.0,86.4,89.7,32.6,4.39,1199,118,10.83,47689,98,869220,1722.7,100,100,100,100,100,Good,True
Rice,6.25,43.4,17.2,4.93,1826.0,135.0,46.5,29.6,1.71,1561,135,3.64,28842,27,235125,715.2,5,46,5,98,93,Poor,True
Rice,12.25,40.6,32.2,6.97,1896.0,83.8,70.9,61.8,2.01,1597,132,7.98,60980,33,541695,788.3,18,100,5,92,100,Poor,True
Rice,3.0,27.4,63.2,4.1,1476.0,87.0,48.6,30.5,2.26,1209,118,2.22,14327,40,149160,941.1,100,5,93,100,100,Poor,True
Rice,1.0,26.7,77.5,4.23,1496.0,111.1,30.7,69.7,2.23,1217,119,0.7,4765,45,49060,929.6,100,5,100,100,100,Poor,True
Rice,6.25,27.5,19.0,6.69,1567.0,26.5,54.4,25.5,1.9,1522,119,3.96,29019,34,261250,800.3,100,100,5,100,5,Poor,True
Rice,12.25,30.4,66.0,5.53,1588.0,129.9,47.1,42.8,4.52,1200,121,14.94,58693,99,1218140,1975.4,100,100,100,100,100,Good,True
Rice,0.5,28.0,68.4,6.82,425.0,92.7,76.8,64.4,2.33,1189,119,0.35,2604,39,25630,884.3,100,100,100,5,100,Poor,True
Rice,2.0,14.4,69.6,6.45,1345.0,101.8,92.3,79.4,2.41,1215,132,1.51,10565,46,106040,903.7,5,100,100,100,100,Poor,True
Rice,1.0,37.5,81.7,7.99,886.0,149.6,40.9,42.5,2.64,1228,128,0.8,4638,51,58080,1152.3,48,37,100,66,73,Moderate,True
Rice,10.0,41.7,26.2,8.55,99.0,27.3,48.3,79.3,0.87,1562,131,4.02,49842,6,191400,284.0,8,5,5,5,5,Poor,True
Rice,5.0,35.1,64.9,6.11,1664.0,85.2,68.6,54.2,3.81,1209,124,5.33,23888,85,419100,1654.4,70,100,100,100,100,Good,True
Rice,3.5,27.4,73.6,6.0,1611.0,114.7,30.7,26.0,4.65,1220,122,4.16,15870,99,358050,2156.1,100,100,100,100,100,Good,True
Rice,1.5,30.7,26.4,5.92,1707.0,77.7,60.1,23.3,2.36,1529,119,1.1,7292,42,77880,968.0,100,100,5,100,96,Poor,True
Rice,12.25,27.9,81.5,4.45,1711.0,137.1,92.9,36.8,2.23,1160,119,8.87,63337,41,600985,848.9,100,5,100,100,90,Poor,True
Rice,3.5,28.6,96.1,7.03,1796.0,109.6,98.2,80.0,2.33,1518,121,2.61,19433,43,179410,823.2,100,98,5,100,100,Poor,True
Rice,2.25,23.0,81.8,6.87,1186.0,91.8,94.8,38.9,4.46,1189,122,2.64,11478,99,220770,1823.4,100,100,100,100,100,Good,True
Rice,12.25,19.1,60.4,7.47,611.0,90.0,41.4,84.0,2.43,1257,127,9.26,58809,41,654885,1013.6,61,70,83,23,100,Poor,True
Rice,0.25,20.5,95.1,5.72,1512.0,81.6,84.8,52.9,2.21,1521,122,0.18,1287,42,12155,844.4,79,100,5,100,100,Poor,True
Rice,4.0,26.1,66.7,7.0,1452.0,109.8,76.9,78.8,4.5,1205,120,4.74,20559,99,396000,1826.2,100,100,100,100,100,Good,True
Rice,9.0,35.6,71.3,5.84,2242.0,119.1,47.4,32.7,3.46,1238,125,8.9,41623,80,685080,1545.9,66,100,100,65,100,Good,True
Rice,3.0,33.1,44.4,4.19,1465.0,39.9,94.3,48.0,1.64,1449,125,1.78,16045,25,108240,574.6,90,5,22,100,24,Poor,True
Rice,0.25,23.6,97.0,6.26,1526.0,93.7,53.0,89.1,2.36,1595,121,0.18,1265,43,12980,926.1,100,100,5,100,100,Poor,True
Rice,16.0,32.0,54.8,5.84,2662.0,42.0,97.7,42.3,2.35,1306,119,12.24,80606,49,827200,926.2,100,100,61,32,28,Moderate,True
Rice,7.5,41.5,14.0,4.78,130.0,19.1,38.1,97.6,1.01,1571,132,3.19,37047,7,166650,349.8,10,32,5,5,5,Poor,True
Rice,10.0,36.8,80.4,6.26,652.0,80.3,42.5,97.0,2.81,1185,126,7.83,49636,54,618200,1145.5,55,100,100,29,100,Moderate,True
Rice,3.0,41.2,96.9,8.61,458.0,29.8,30.1,94.0,0.9,1542,135,1.22,14264,8,59400,316.4,12,5,5,5,5,Poor,True
Rice,2.25,40.8,17.2,4.59,151.0,10.5,34.9,73.1,0.95,1593,134,0.91,10449,9,47025,350.0,17,14,5,5,5,Poor,True
Rice,5.0,25.4,87.2,5.49,808.0,155.6,53.1,45.1,3.27,1295,123,4.58,24298,66,359700,1380.4,100,99,79,54,65,Moderate,True
Rice,3.5,38.9,74.8,5.5,997.0,81.7,58.2,43.7,2.88,1186,130,3.15,16937,60,221760,1209.3,34,100,100,84,100,Moderate,True
Rice,0.5,26.6,97.0,5.94,1380.0,119.3,77.4,92.2,2.28,1572,119,0.36,2735,46,25080,817.0,100,100,5,100,100,Poor,True
Rice,7.5,32.2,82.0,6.89,1577.0,19.2,58.4,86.7,2.29,1163,120,5.48,38028,44,377850,893.6,98,100,100,100,5,Poor,True
Rice,10.0,29.3,68.9,5.67,1395.0,119.8,51.3,36.8,4.62,1232,122,12.22,45580,96,1016400,2129.9,100,100,100,100,100,Good,True
Rice,9.0,29.0,71.8,6.59,1146.0,95.8,85.0,68.5,4.63,1225,117,10.86,47860,99,916740,1815.5,100,100,100,100,100,Good,True
Rice,10.0,27.7,88.6,4.9,1027.0,97.6,52.6,55.3,3.18,1305,117,8.7,47859,60,699600,1361.8,100,43,66,88,100,Moderate,True
Rice,1.5,12.1,94.4,4.07,363.0,10.2,33.2,98.7,0.88,1481,132,0.6,7196,5,29040,303.6,5,5,11,5,5,Poor,True
Rice,4.0,37.1,47.9,5.25,1501.0,58.7,72.8,81.5,2.61,1457,127,3.1,20408,48,229680,1025.4,51,76,35,100,59,Moderate,True
Rice,9.0,28.5,75.4,5.68,236.0,85.4,80.3,50.7,2.35,1188,120,6.44,44772,42,465300,939.3,100,100,100,5,100,Poor,True
Rice,0.5,38.9,84.6,6.38,2033.0,152.2,58.0,31.8,2.8,1164,128,0.41,2393,57,30800,1187.1,34,100,100,82,70,Moderate,True
Rice,0.5,41.8,18.9,4.69,183.0,16.7,45.3,84.3,0.95,1516,134,0.2,2398,9,10450,335.8,7,23,5,5,5,Poor,True
Rice,3.5,12.3,37.7,8.7,3000.0,34.1,68.4,91.8,0.9,1570,134,1.48,18418,5,69300,276.3,5,5,5,5,13,Poor,True
Rice,3.5,23.7,86.4,6.87,3150.0,129.5,83.6,61.7,2.29,1259,122,2.54,18681,43,176330,843.9,100,100,87,5,100,Poor,True
Rice,2.25,30.8,84.2,6.2,1715.0,80.3,73.9,42.0,4.45,1238,121,2.66,11092,99,220275,1885.9,100,100,100,100,100,Good,True
Rice,9.0,42.5,79.0,5.75,1557.0,107.8,52.4,63.2,2.31,1206,137,6.48,44223,43,457380,934.3,5,100,100,100,100,Poor,True
Rice,7.5,29.5,80.8,5.76,1640.0,127.4,39.7,38.5,4.54,1194,123,8.89,36176,99,749100,1970.7,100,100,100,100,100,Good,True
Rice,6.25,29.6,65.5,5.53,1327.0,104.4,78.6,76.5,4.57,1159,119,7.32,32395,99,628375,1839.7,100,100,100,100,100,Good,True
Rice,3.0,37.4,14.1,4.43,112.0,8.1,59.4,92.4,1.05,1520,129,1.33,15356,9,69300,351.3,48,5,5,5,5,Poor,True
Rice,2.0,25.6,68.2,7.27,1377.0,28.7,31.4,90.5,2.22,1202,120,1.44,9566,40,97680,921.1,100,83,100,100,5,Poor,True
Rice,16.0,22.2,66.1,5.39,1173.0,14.5,30.4,48.1,2.26,1184,122,11.36,71668,42,795520,1010.0,100,90,100,100,5,Poor,True
Rice,10.0,23.3,78.7,6.15,1240.0,104.6,82.7,88.3,4.51,1220,119,11.89,50976,99,992200,1846.4,100,100,100,100,100,Good,True
Rice,3.5,32.3,63.0,8.02,2260.0,138.5,96.7,53.5,2.81,1212,121,2.9,18092,56,216370,1095.9,97,35,92,64,88,Moderate,True
Rice,12.25,31.0,76.2,6.69,622.0,89.0,82.3,63.7,2.72,1194,120,10.0,62476,55,733040,1073.3,100,100,100,24,100,Moderate,True
Rice,0.5,29.1,29.8,5.1,1364.0,5.8,53.5,74.3,1.83,1553,120,0.31,2544,28,20130,691.3,100,62,5,100,5,Poor,True
Rice,12.25,29.9,86.1,6.7,376.0,93.8,98.7,62.7,2.28,1234,122,8.79,68123,43,614460,802.0,100,100,89,5,100,Poor,True
Rice,5.0,33.2,71.5,6.98,1702.0,132.4,93.5,67.4,4.19,1214,122,5.63,26462,90,460900,1641.7,88,100,100,100,97,Good,True
Rice,7.5,42.9,66.9,7.29,1830.0,115.5,42.7,40.8,2.27,1194,130,5.32,35598,39,374550,952.2,5,81,100,98,100,Poor,True
Rice,9.0,39.3,14.5,4.27,182.0,9.2,96.6,53.7,0.99,1543,133,3.89,50178,9,196020,290.6,31,5,5,5,5,Poor,True
Rice,4.0,33.2,66.9,7.69,2672.0,103.3,88.4,57.6,2.74,1235,124,3.18,20985,51,241120,1049.0,88,56,100,31,100,Moderate,True
Rice,3.5,30.6,73.2,6.09,1779.0,102.0,82.4,24.2,4.49,1195,118,4.33,18085,99,345730,1811.7,100,100,100,100,100,Good,True
Rice,1.5,22.3,71.7,4.11,1257.0,116.0,82.8,96.0,2.37,1163,120,1.04,8044,42,78210,872.3,100,5,100,100,100,Poor,True
Rice,10.0,26.5,76.8,6.92,1277.0,98.0,44.0,21.6,4.63,1212,116,12.17,46955,98,1018600,2069.3,100,100,100,100,100,Good,True
Rice,3.5,32.2,17.2,5.44,1266.0,74.0,69.5,37.4,2.28,1565,120,2.47,16554,41,175560,960.5,99,94,5,100,89,Poor,True
Rice,10.0,12.3,29.0,8.4,3000.0,25.2,93.6,50.0,0.88,1494,135,3.9,52491,5,193600,268.8,5,11,5,5,5,Poor,True
Rice,2.25,22.3,71.2,6.56,1241.0,113.7,95.9,35.9,4.44,1195,120,2.75,11755,99,219780,1769.7,100,100,100,100,100,Good,True
Rice,5.0,18.4,56.5,7.56,2589.0,155.3,71.4,86.4,2.5,1321,129,3.85,26841,47,275000,924.6,51,65,68,38,66,Moderate,True
Rice,10.0,42.4,35.8,4.56,3000.0,7.4,75.3,21.0,0.89,1552,135,4.2,49482,6,195800,295.7,5,10,5,5,5,Poor,True
Rice,1.5,42.0,96.2,8.56,3000.0,21.3,87.8,67.4,0.88,1531,135,0.6,8019,5,29040,262.1,5,5,5,5,5,Poor,True
Rice,10.0,20.1,69.7,4.43,1367.0,118.7,49.5,56.1,2.18,1185,121,7.22,49219,37,479600,874.4,74,5,100,100,100,Poor,True
Rice,5.0,42.1,95.5,8.43,3000.0,24.5,66.2,35.3,0.94,1492,134,1.93,24164,6,103400,327.9,5,10,5,5,5,Poor,True
Rice,3.0,38.7,14.1,4.44,86.0,12.1,79.8,55.9,0.98,1536,130,1.28,15052,9,64680,329.7,36,5,5,5,5,Poor,True
Rice,16.0,5.9,87.9,6.32,1515.0,76.3,51.4,66.5,2.16,1271,134,11.15,78900,42,760320,863.7,5,100,73,100,93,Poor,True
Rice,12.25,42.1,95.8,8.46,3000.0,9.2,67.5,81.0,0.88,1585,134,4.89,62761,5,237160,277.9,5,7,5,5,5,Poor,True
Rice,5.0,22.0,77.8,6.27,1515.0,119.7,43.0,37.3,4.4,1218,120,6.04,24064,99,484000,1911.3,100,100,100,100,100,Good,True
Rice,6.25,42.4,97.2,4.16,377.0,39.1,68.7,75.8,0.95,1598,132,2.62,31397,6,130625,316.0,5,5,5,5,22,Poor,True
Rice,0.25,21.2,56.1,7.68,1688.0,120.3,38.8,89.5,3.3,1303,120,0.23,1239,68,18150,1364.9,89,57,66,100,100,Moderate,True
Rice,9.0,27.0,89.6,5.49,3002.0,98.3,62.9,55.2,2.22,1374,123,6.1,44358,38,439560,890.9,100,99,56,5,100,Poor,True
Rice,3.5,28.3,95.8,5.97,1325.0,113.2,38.0,25.2,2.38,1526,120,2.46,16244,43,183260,1028.2,100,100,5,100,100,Poor,True
Rice,3.5,10.4,97.1,8.45,335.0,32.1,56.6,92.7,0.86,1580,131,1.48,17888,6,66220,270.2,5,8,5,5,9,Poor,True
Rice,10.0,30.2,49.8,7.98,2060.0,153.2,50.8,67.1,2.64,1443,119,7.95,49273,50,580800,1078.7,100,38,42,79,68,Moderate,True
Rice,10.0,26.0,68.0,6.99,1749.0,107.0,60.0,65.5,4.51,1182,120,11.87,50064,99,992200,1881.9,100,100,100,100,100,Good,True
Rice,16.0,11.1,61.9,5.45,1232.0,93.9,73.8,41.2,2.19,1244,130,11.19,81077,40,770880,850.8,5,95,88,100,100,Poor,True
Rice,5.0,6.6,87.6,6.24,1844.0,129.6,41.0,52.7,2.22,1312,133,3.51,23785,40,244200,926.7,5,100,75,97,100,Poor,True
Rice,16.0,30.2,71.5,5.53,1208.0,91.2,78.3,57.6,4.51,1203,121,18.44,81374,99,1587520,1850.9,100,100,100,100,100,Good,True
Rice,12.25,30.7,78.9,5.46,1756.0,99.8,32.3,43.0,4.38,1212,120,13.94,55579,96,1180410,2023.8,100,96,100,100,100,Good,True
Rice,10.0,39.0,18.6,4.06,85.0,9.0,85.4,67.2,0.99,1491,132,4.36,50119,7,217800,334.6,34,5,5,5,5,Poor,True
Rice,0.5,19.2,88.8,5.08,2199.0,187.6,86.3,35.8,2.13,1319,124,0.34,2508,38,23430,834.2,62,61,64,68,22,Poor,True
Rice,7.5,43.3,66.9,5.69,1227.0,82.2,87.9,25.7,2.36,1221,135,5.59,37052,44,389400,951.0,5,100,100,100,100,Poor,True
Rice,1.0,26.7,81.6,7.25,2369.0,41.7,41.6,44.6,2.57,1187,121,0.76,4711,46,56540,1100.2,100,84,100,55,27,Moderate,True
Rice,2.0,42.2,15.7,4.23,69.0,15.3,79.0,95.4,0.85,1499,132,0.8,11063,6,37400,238.1,5,5,5,5,5,Poor,True
Rice,16.0,26.9,68.0,5.99,1616.0,103.8,65.0,59.5,4.38,1235,120,18.94,81494,98,1541760,1791.9,100,100,100,100,100,Good,True
Rice,0.25,37.6,10.4,4.35,98.0,8.8,36.4,97.0,1.02,1539,128,0.11,1236,9,5610,353.9,47,5,5,5,5,Poor,True
Rice,3.0,13.5,96.4,4.4,3000.0,11.4,71.0,70.8,0.87,1522,134,1.18,15324,6,57420,274.7,5,5,5,5,5,Poor,True
Rice,16.0,24.7,18.2,5.74,1067.0,134.0,90.0,46.4,2.25,1576,121,10.84,82975,42,792000,854.5,100,100,5,95,95,Poor,True
Rice,12.25,25.3,79.3,7.02,1026.0,66.1,78.6,43.1,3.87,1181,122,13.1,63377,82,1042965,1545.7,100,99,100,88,74,Good,True
Rice,0.5,14.5,94.6,4.08,3000.0,6.9,66.3,69.8,0.88,1527,135,0.2,2560,5,9680,278.1,5,5,9,5,5,Poor,True
Rice,1.5,38.6,71.9,6.76,2321.0,161.8,64.9,55.4,2.7,1213,129,1.21,7262,55,89100,1126.9,37,100,100,59,57,Moderate,True
Rice,6.25,43.1,64.9,5.77,1793.0,117.3,60.7,75.9,2.3,1219,133,4.53,30376,43,316250,941.1,5,100,100,100,100,Poor,True
Rice,2.0,7.1,31.9,4.39,274.0,22.4,80.2,60.7,0.89,1569,135,0.79,10386,5,39160,277.0,5,5,5,5,5,Poor,True
Rice,2.25,42.7,95.8,4.13,3000.0,16.9,85.1,41.4,0.87,1525,134,0.89,11528,5,43065,273.6,5,5,5,5,5,Poor,True
Rice,0.5,27.1,81.8,6.6,1480.0,109.5,30.2,78.1,4.33,1243,121,0.6,2415,99,47630,1872.3,100,100,100,100,100,Good,True
Rice,16.0,21.4,70.0,7.5,2306.0,172.2,88.6,66.4,2.83,1208,123,13.8,82547,57,996160,1106.8,92,68,100,60,43,Moderate,True
Rice,10.0,22.6,70.7,6.85,3089.0,70.4,54.2,64.2,2.21,1197,121,6.93,48655,42,486200,899.3,100,100,100,5,82,Poor,True
Rice,3.0,28.5,51.4,6.13,2080.0,157.1,68.0,56.4,3.06,1376,119,2.59,14512,62,201960,1291.7,100,100,48,78,63,Moderate,True
Rice,3.0,31.5,48.8,6.76,1891.0,124.1,52.5,35.1,3.16,1404,121,2.65,14632,64,208560,1325.4,100,100,38,93,100,Moderate,True
Rice,10.0,29.0,79.9,6.97,1247.0,121.3,78.8,65.7,4.29,1209,119,11.85,50167,99,943800,1781.3,100,100,100,100,100,Good,True
Rice,0.25,30.3,96.2,7.16,1564.0,99.5,82.1,76.4,2.34,1535,118,0.18,1337,43,12870,862.6,100,90,5,100,100,Poor,True
Rice,4.0,37.5,44.7,7.32,2480.0,196.2,64.7,23.0,1.67,1498,131,2.39,19529,24,146960,652.5,48,80,23,46,10,Poor,True
Rice,6.25,37.8,57.1,6.27,2607.0,166.3,65.2,67.2,2.55,1277,122,4.78,32542,47,350625,977.5,45,100,70,36,51,Moderate,True
Rice,0.25,42.7,14.8,4.51,3000.0,16.8,78.5,72.0,0.86,1564,133,0.1,1294,5,4730,265.5,5,6,5,5,5,Poor,True
Rice,3.5,24.8,70.2,5.87,1734.0,92.5,89.6,88.2,4.58,1236,120,4.2,18492,99,352660,1807.1,100,100,100,100,100,Good,True
Rice,3.5,28.2,76.2,6.02,1321.0,118.6,90.2,50.4,4.49,1208,123,4.3,18021,99,345730,1818.5,100,100,100,100,100,Good,True
Rice,3.5,33.3,88.2,5.72,2105.0,69.7,52.2,77.5,3.49,1311,122,3.44,17227,80,268730,1459.9,87,100,70,76,80,Good,True
Rice,0.5,12.8,94.2,8.75,491.0,20.5,78.6,92.3,0.88,1528,138,0.21,2518,6,9680,284.4,5,5,13,5,5,Poor,True
Rice,3.0,42.6,22.0,4.37,3000.0,26.7,46.9,93.0,0.85,1509,128,1.22,15200,5,56100,269.1,5,5,5,5,5,Poor,True
Rice,0.5,38.0,14.6,4.2,88.0,5.1,86.3,92.1,1.04,1571,127,0.22,2632,8,11440,334.7,43,5,5,5,5,Poor,True
Rice,1.0,29.9,69.0,5.89,1215.0,96.5,77.4,32.6,4.51,1208,120,1.19,4824,99,99220,1956.8,100,100,100,100,100,Good,True
Rice,5.0,41.7,95.1,8.48,3000.0,25.0,70.2,99.4,0.91,1534,132,2.0,25362,8,100100,294.7,8,6,5,5,5,Poor,True
Rice,1.0,28.6,81.4,6.07,1643.0,128.2,50.7,98.2,4.51,1222,119,1.24,5147,98,99220,1827.7,100,100,100,100,100,Good,True
Rice,3.0,22.7,86.9,6.29,174.0,109.0,93.7,79.6,2.27,1285,120,2.12,15672,40,149820,856.0,100,100,82,5,100,Poor,True
Rice,7.5,23.8,82.9,6.48,1206.0,102.0,88.3,92.2,4.43,1205,120,9.09,40281,99,730950,1714.6,100,100,100,100,100,Good,True
Rice,12.25,20.6,77.2,5.93,2893.0,187.0,84.3,38.4,2.11,1186,123,8.27,60589,39,568645,838.5,81,100,100,13,23,Poor,True
Rice,1.0,30.6,81.4,6.31,1597.0,95.7,86.1,37.5,4.62,1149,119,1.23,5084,99,101640,1899.2,100,100,100,100,100,Good,True
Rice,7.5,23.4,28.6,5.38,1625.0,99.4,74.0,92.3,2.29,1556,118,5.55,37977,43,377850,894.9,100,89,5,100,100,Poor,True
Rice,0.25,41.5,13.1,4.35,137.0,16.0,36.3,43.6,0.89,1514,134,0.1,1187,5,4895,312.4,10,5,5,5,5,Poor,True
Rice,3.5,28.8,68.3,6.48,1794.0,83.6,82.3,34.1,4.48,1192,121,4.15,17550,99,344960,1865.6,100,100,100,100,100,Good,True
Rice,4.0,31.7,86.3,7.69,2362.0,158.3,39.3,63.2,3.04,1253,121,3.52,19100,65,267520,1300.6,100,56,87,56,62,Moderate,True
Rice,3.5,22.8,62.4,5.31,1549.0,160.4,98.0,62.5,3.42,1225,120,3.43,18952,72,263340,1289.5,100,82,90,100,59,Moderate,True
Rice,7.5,31.6,79.5,5.96,1681.0,94.1,93.9,86.4,4.53,1195,119,9.0,40226,99,747450,1758.1,100,100,100,100,100,Good,True
Rice,4.0,38.8,18.2,4.39,171.0,16.2,53.7,29.2,1.0,1531,131,1.73,19796,10,88000,344.5,35,5,5,5,5,Poor,True
Rice,10.0,14.7,96.6,8.78,3000.0,23.8,61.8,73.8,0.87,1519,134,4.05,51445,5,191400,272.0,5,5,5,5,5,Poor,True
Rice,0.25,42.2,15.0,8.87,464.0,27.2,62.5,76.1,0.86,1526,134,0.1,1283,5,4730,268.7,5,5,5,5,5,Poor,True
Rice,12.25,32.5,73.3,6.47,103.0,111.4,51.3,59.4,2.26,1177,121,8.74,56646,44,609070,975.2,95,100,100,5,100,Poor,True
Rice,2.25,23.7,66.3,8.05,1219.0,101.0,36.8,91.0,2.98,1195,121,1.85,10622,59,147510,1288.7,100,34,100,100,100,Moderate,True
Rice,9.0,22.1,72.3,5.8,1076.0,117.5,39.5,56.3,4.39,1208,122,10.23,42663,97,869220,1937.4,100,100,100,96,100,Good,True
Rice,10.0,35.2,58.2,7.52,1823.0,172.0,76.9,79.5,2.82,1285,125,8.5,51908,57,620400,1095.2,70,67,74,98,43,Moderate,True
Rice,9.0,26.9,63.7,7.8,2242.0,131.2,96.2,53.5,3.23,1222,119,8.06,47667,64,639540,1241.7,100,49,95,65,98,Moderate,True
Rice,10.0,42.2,11.5,4.33,65.0,12.3,58.6,96.1,0.85,1577,138,4.0,51914,5,187000,260.2,5,5,5,5,5,Poor,True
Rice,1.0,37.8,74.7,7.07,1432.0,129.0,32.3,49.6,3.24,1209,129,0.92,4559,68,71280,1463.5,45,95,100,100,100,Moderate,True
Rice,3.5,40.1,19.5,4.68,65.0,15.3,68.1,98.2,1.01,1516,131,1.54,18147,11,77770,328.6,23,23,5,5,5,Poor,True
Rice,10.0,24.8,81.9,4.03,1726.0,118.5,96.4,85.9,2.41,1177,118,7.17,55731,42,530200,851.4,100,5,100,100,100,Poor,True
Rice,0.5,27.5,70.9,7.33,827.0,173.4,36.4,37.0,2.9,1234,126,0.43,2256,58,31900,1314.0,100,79,100,57,41,Moderate,True
Rice,2.0,41.5,19.7,4.04,100.0,19.8,85.1,36.4,0.87,1544,133,0.79,10390,5,38280,268.4,10,5,5,5,5,Poor,True
Rice,12.25,13.5,34.8,8.66,441.0,23.9,85.9,28.8,0.85,1545,136,4.95,63206,5,229075,262.4,5,5,5,5,5,Poor,True
Rice,2.25,32.5,52.0,6.45,663.0,115.8,90.7,30.5,2.7,1347,120,1.75,11387,54,133650,1073.7,96,100,51,31,100,Moderate,True
Rice,2.0,39.5,17.9,4.47,52.0,9.0,38.9,53.7,0.93,1461,128,0.84,9452,5,40920,332.9,29,5,5,5,5,Poor,True
Rice,9.0,38.2,62.7,6.13,1383.0,121.2,38.0,25.1,3.13,1270,129,8.04,42096,62,619740,1372.2,41,100,91,100,100,Moderate,True
Rice,5.0,40.1,13.6,4.47,118.0,8.3,73.1,78.2,0.92,1605,131,2.11,25523,8,101200,296.5,23,5,5,5,5,Poor,True
Rice,1.5,30.2,52.0,6.32,2040.0,113.3,93.6,72.7,3.31,1432,122,1.39,7787,70,109230,1302.7,100,100,51,81,100,Moderate,True
Rice,7.5,39.1,16.4,4.02,200.0,17.7,59.8,28.6,0.98,1550,128,3.08,36756,8,161700,339.9,32,5,5,5,5,Poor,True
Rice,12.25,42.0,14.4,4.72,98.0,7.2,38.8,69.9,0.95,1550,133,5.2,58219,7,256025,339.8,5,26,5,5,5,Poor,True
Rice,7.5,28.4,74.1,5.9,1832.0,59.0,65.4,54.4,3.57,1205,119,7.19,37209,77,589050,1483.1,100,100,100,97,60,Good,True
Rice,1.5,22.3,78.8,6.14,1776.0,113.8,85.5,29.2,4.6,1199,121,1.82,7659,99,151800,1882.0,100,100,100,100,100,Good,True
Rice,1.5,41.6,18.8,4.44,180.0,11.5,92.2,53.1,0.88,1499,135,0.6,7661,5,29040,279.1,9,5,5,5,5,Poor,True
Rice,1.0,28.7,72.9,7.86,644.0,111.5,87.9,51.9,2.69,1181,121,0.77,5030,53,59180,1076.5,100,45,100,28,100,Moderate,True
Rice,0.5,33.4,68.7,7.44,2878.0,70.1,81.1,45.0,2.37,1204,122,0.36,2553,41,26070,921.2,87,72,100,15,81,Poor,True
Rice,3.0,19.6,63.5,6.2,752.0,92.3,51.9,40.4,3.1,1221,126,2.65,14254,63,204600,1335.4,68,100,94,45,100,Moderate,True
Rice,3.0,43.7,16.9,4.38,64.0,6.3,60.2,79.6,0.86,1556,132,1.18,15312,5,56760,270.7,5,5,5,5,5,Poor,True
Rice,0.5,34.9,86.0,6.2,2684.0,88.2,56.1,30.4,2.67,1235,124,0.39,2440,54,29370,1103.7,73,100,91,30,100,Moderate,True
Rice,4.0,42.9,95.1,8.73,332.0,10.4,63.8,87.8,0.88,1538,136,1.62,20983,5,77440,269.1,5,5,5,5,5,Poor,True
Rice,1.5,9.2,95.9,4.59,3000.0,6.0,49.1,81.0,0.91,1557,135,0.63,7819,5,30030,284.1,5,14,5,5,5,Poor,True
Rice,9.0,41.9,41.6,4.91,515.0,131.5,34.9,79.3,1.41,1537,135,4.68,41833,22,279180,567.4,6,44,11,7,98,Poor,True
Rice,4.0,27.1,65.9,5.91,1595.0,83.1,98.0,27.3,4.57,1184,119,4.67,20270,99,402160,1884.0,100,100,100,100,100,Good,True
Rice,6.25,40.7,13.8,4.36,74.0,9.7,52.7,95.3,0.93,1539,133,2.61,31414,6,127875,307.1,17,5,5,5,5,Poor,True
Rice,1.0,28.9,74.9,6.08,1543.0,115.2,71.7,90.7,4.59,1202,120,1.19,5171,99,100980,1852.8,100,100,100,100,100,Good,True
Rice,1.0,34.0,14.7,6.25,1358.0,130.6,49.0,73.0,2.2,1581,124,0.71,4771,41,48400,914.5,81,100,5,100,99,Poor,True
Rice,1.5,40.4,14.4,4.22,163.0,6.7,60.1,42.7,0.94,1574,131,0.63,7137,5,31020,334.6,20,5,5,5,5,Poor,True
Rice,9.0,25.9,83.6,5.69,1616.0,128.7,77.5,58.9,4.51,1259,118,11.02,46436,99,892980,1823.0,100,100,100,100,100,Good,True
Rice,2.25,23.7,85.1,4.02,1353.0,93.6,30.5,44.1,2.31,1221,116,1.62,10318,39,114345,1008.2,100,5,99,100,100,Poor,True
Rice,6.25,38.5,11.4,4.2,99.0,5.1,82.3,34.1,0.99,1534,132,2.64,31008,8,136125,339.0,38,5,5,5,5,Poor,True
Rice,7.5,20.2,73.3,6.5,2517.0,161.2,35.0,88.9,2.98,1192,122,6.45,37446,60,491700,1213.1,76,100,100,43,58,Moderate,True
Rice,1.5,9.4,77.0,6.59,1489.0,131.5,90.3,66.1,2.34,1209,136,1.06,7791,46,77220,891.1,5,100,100,100,98,Poor,True
Rice,6.25,19.4,55.8,5.69,1713.0,152.1,70.1,76.8,3.39,1340,125,6.01,31594,72,466125,1375.4,64,100,65,100,70,Moderate,True
Rice,6.25,9.8,93.9,4.58,3000.0,25.6,66.7,51.7,0.95,1489,135,2.66,31091,7,130625,320.1,5,13,16,5,5,Poor,True
Rice,12.25,41.7,33.8,8.42,227.0,13.3,40.3,35.8,0.88,1535,134,5.11,56738,5,237160,318.0,8,10,5,5,5,Poor,True
Rice,4.0,11.4,96.9,8.64,3000.0,35.2,73.9,32.1,0.91,1494,134,1.64,19559,6,80080,309.4,5,5,5,5,15,Poor,True
Rice,2.25,43.3,75.0,6.63,1111.0,89.2,71.4,48.2,2.31,1147,137,1.58,11183,45,114345,922.5,5,100,100,100,100,Poor,True
Rice,6.25,6.7,13.6,4.45,3000.0,25.3,96.8,79.1,0.83,1519,134,2.51,35216,6,114125,224.1,5,5,5,5,5,Poor,True
Rice,3.5,6.4,21.0,8.57,493.0,6.4,79.5,99.3,0.87,1529,130,1.39,18678,5,66990,258.7,5,5,5,5,5,Poor,True
Rice,2.25,22.1,81.6,6.6,1349.0,114.9,66.7,68.8,4.55,1198,121,2.72,11484,99,225225,1861.2,100,100,100,100,100,Good,True
Rice,1.5,28.4,78.3,5.74,1496.0,118.6,55.5,93.4,4.47,1170,121,1.83,7523,99,147510,1860.8,100,100,100,100,100,Good,True
Rice,3.5,39.7,17.7,4.54,58.0,14.5,53.4,46.4,0.95,1569,130,1.48,17061,6,73150,328.8,27,9,5,5,5,Poor,True
Rice,4.0,41.8,32.3,4.23,3000.0,9.5,79.6,26.8,0.85,1550,134,1.62,20125,5,74800,271.7,7,5,5,5,5,Poor,True
Rice,10.0,33.9,71.6,6.41,1382.0,14.4,85.4,85.1,2.27,1211,121,7.01,51532,42,499400,869.1,82,100,100,100,5,Poor,True
Rice,16.0,30.2,68.2,7.33,1250.0,93.0,76.9,86.3,4.01,1197,123,17.02,83699,89,1411520,1586.4,100,79,100,100,100,Good,True
Rice,9.0,24.2,71.5,5.0,2063.0,94.7,81.7,74.8,3.39,1178,120,8.66,47710,69,671220,1306.9,100,53,100,79,100,Moderate,True
Rice,3.5,42.3,93.1,8.43,161.0,7.7,89.1,28.1,0.92,1462,134,1.48,17573,8,70840,303.1,5,10,23,5,5,Poor,True
Rice,4.0,20.9,70.9,6.72,1210.0,25.9,91.9,23.0,2.26,1186,120,2.88,20833,41,198880,854.6,85,100,100,100,5,Poor,True
Rice,4.0,39.4,17.7,4.1,107.0,7.4,88.2,81.7,0.93,1579,128,1.68,21472,6,81840,281.1,30,5,5,5,5,Poor,True
Rice,10.0,39.0,63.4,5.61,2354.0,121.4,86.6,33.2,2.77,1258,129,7.95,50842,54,609400,1098.6,34,100,94,56,100,Moderate,True
Rice,16.0,24.7,77.0,5.94,1600.0,118.0,60.6,52.9,4.5,1145,120,19.62,80217,99,1584000,1874.6,100,100,100,100,100,Good,True
Rice,6.25,41.7,12.4,4.36,93.0,16.2,61.4,62.7,0.87,1531,132,2.48,31347,7,119625,281.6,8,5,5,5,5,Poor,True
Rice,0.25,42.6,94.0,8.47,291.0,33.6,86.1,31.1,0.95,1507,135,0.1,1254,9,5225,316.7,5,7,15,5,12,Poor,True
Rice,16.0,37.0,46.7,7.4,886.0,159.6,47.5,71.3,2.39,1454,125,12.04,78067,44,841280,977.6,52,74,30,66,60,Poor,True
Rice,0.25,40.0,59.9,4.51,2553.0,170.2,50.0,81.0,1.55,1287,132,0.14,1224,22,8525,596.5,24,6,81,40,45,Poor,True
Rice,1.0,15.9,91.5,4.74,1369.0,189.3,45.5,56.1,1.8,1438,134,0.59,4883,29,39600,711.0,17,27,38,100,20,Poor,True
Rice,2.25,9.1,94.9,4.7,3000.0,32.7,39.6,43.0,0.95,1572,138,0.95,10365,9,47025,353.7,5,24,6,5,10,Poor,True
Rice,10.0,22.0,63.7,7.89,1590.0,171.7,88.1,75.7,2.88,1201,120,8.85,51663,61,633600,1126.4,100,44,95,100,43,Moderate,True
Rice,6.25,25.7,83.9,6.46,1570.0,111.6,39.7,76.4,4.47,1190,120,7.36,29596,98,614625,1976.7,100,100,100,100,100,Good,True
Rice,5.0,22.9,10.5,4.4,842.0,167.0,68.4,78.2,1.61,1554,120,2.75,25682,24,177100,589.6,100,5,5,59,50,Poor,True
Rice,1.5,25.3,63.1,5.75,1072.0,112.5,66.9,28.9,4.24,1231,120,1.71,7317,94,139920,1812.3,100,100,93,96,100,Good,True
Rice,9.0,16.5,37.1,4.24,1317.0,158.8,62.0,28.9,1.52,1530,134,4.93,42566,21,300960,607.0,26,5,5,100,61,Poor,True
Rice,2.0,31.7,70.0,6.51,1595.0,110.5,93.4,67.7,4.4,1224,120,2.43,10675,99,193600,1713.6,100,100,100,100,100,Good,True
Rice,6.25,6.1,32.1,8.44,3000.0,7.4,66.8,60.6,0.85,1546,133,2.56,31224,7,116875,274.3,5,9,5,5,5,Poor,True
Rice,4.0,38.1,63.2,7.59,1034.0,140.9,99.2,64.3,2.9,1231,128,3.39,21717,58,255200,1075.1,42,63,93,89,85,Moderate,True
Rice,12.25,39.7,14.7,4.51,197.0,8.8,31.1,83.1,0.9,1603,132,5.06,59284,8,242550,309.1,27,6,5,5,5,Poor,True
Rice,3.0,30.8,79.8,5.52,1274.0,90.7,54.1,78.6,4.42,1198,119,3.65,15374,99,291720,1797.5,100,100,100,100,100,Good,True
Rice,6.25,43.5,70.0,7.06,1357.0,104.5,39.3,48.2,2.35,1208,129,4.58,28863,42,323125,1019.5,5,96,100,100,100,Poor,True
Rice,0.25,18.5,67.9,8.15,2086.0,196.2,63.5,34.6,1.93,1181,124,0.16,1231,35,10615,762.3,53,27,100,77,10,Poor,True
Rice,3.5,42.4,13.0,8.49,3000.0,13.9,82.7,35.3,0.89,1575,135,1.5,17633,5,68530,288.6,5,6,5,5,5,Poor,True
Rice,6.25,19.3,80.3,8.33,1063.0,24.9,55.8,91.2,1.82,1183,125,3.9,31574,28,250250,692.6,63,16,100,94,5,Poor,True
Rice,12.25,33.0,46.5,6.21,2725.0,56.8,82.0,91.6,2.42,1477,122,9.15,64698,44,652190,908.1,91,100,30,27,56,Poor,True
Rice,0.25,23.2,68.1,6.61,1421.0,93.1,57.1,97.9,4.54,1213,120,0.3,1283,99,24970,1846.2,100,100,100,100,100,Good,True
Rice,5.0,23.7,56.0,5.92,2678.0,51.6,64.7,59.8,2.54,1362,120,3.85,25341,51,279400,1002.6,100,100,66,30,46,Moderate,True
Rice,16.0,14.3,32.4,4.38,3000.0,26.1,59.8,75.2,0.9,1557,132,6.5,78766,5,316800,302.2,5,5,5,5,5,Poor,True
Rice,12.25,27.0,77.8,7.66,1823.0,158.4,54.6,23.4,3.41,1176,117,11.83,58180,68,918995,1479.6,100,58,100,98,61,Moderate,True
Rice,5.0,20.2,55.6,6.56,1998.0,76.8,90.9,48.2,3.49,1310,122,4.91,26151,73,383900,1368.0,76,100,64,84,94,Moderate,True
Rice,9.0,33.8,83.5,7.07,1547.0,153.0,99.9,42.0,3.65,1254,125,9.21,48988,77,722700,1375.3,83,95,100,100,69,Good,True
Rice,9.0,21.0,75.8,5.56,1501.0,174.4,98.6,95.8,3.07,1193,122,8.38,48279,60,607860,1159.1,86,100,100,100,40,Moderate,True
Rice,2.0,29.1,82.6,6.6,1588.0,117.6,35.3,71.0,4.6,1192,120,2.41,9175,99,202400,2106.0,100,100,100,100,100,Good,True
Rice,9.0,30.5,82.7,6.2,1153.0,99.4,55.4,84.1,4.48,1212,120,10.84,44634,99,887040,1887.4,100,100,100,100,100,Good,True
Rice,9.0,28.8,88.5,5.64,2768.0,46.4,77.6,96.2,2.33,1340,123,6.47,48967,44,461340,842.1,100,100,66,23,36,Poor,True
Rice,7.5,42.2,93.3,4.25,3000.0,18.0,83.4,65.9,0.95,1479,138,3.13,40157,8,156750,290.3,5,5,21,5,5,Poor,True
Rice,4.0,26.0,76.4,6.29,1330.0,14.2,52.0,42.3,2.35,1238,118,2.82,18513,42,206800,1017.1,100,100,100,100,5,Poor,True
Rice,5.0,43.4,12.3,4.93,1601.0,182.7,38.2,82.0,1.49,1566,134,2.78,24739,23,163900,562.5,5,46,5,100,28,Poor,True
Rice,5.0,26.7,76.6,6.14,1954.0,67.8,79.3,37.2,4.0,1210,121,5.41,25907,85,440000,1598.4,100,100,100,88,77,Good,True
Rice,5.0,42.4,17.6,8.84,3000.0,28.4,79.7,64.0,0.89,1576,135,2.05,25196,5,97900,288.6,5,5,5,5,5,Poor,True
Rice,12.25,30.5,66.8,4.45,1711.0,102.4,85.6,60.7,2.36,1215,121,8.9,63580,41,636020,900.3,100,5,100,100,100,Poor,True
Rice,3.5,29.0,72.4,6.15,1122.0,93.0,38.5,36.1,4.53,1202,120,4.26,16082,98,348810,2068.9,100,100,100,100,100,Good,True
Rice,6.25,30.3,96.5,6.6,1125.0,122.4,68.8,49.5,2.35,1561,122,4.51,30994,44,323125,942.5,100,100,5,100,100,Poor,True
Rice,12.25,26.1,67.6,5.53,1352.0,119.2,86.3,64.1,4.34,1171,121,15.09,64703,99,1169630,1707.7,100,100,100,100,100,Good,True
Rice,16.0,27.1,65.1,6.91,1390.0,100.1,72.8,26.9,4.44,1232,121,18.88,79170,99,1562880,1874.1,100,100,100,100,100,Good,True
Rice,4.0,28.0,83.6,6.89,1339.0,106.4,51.7,100.0,4.56,1186,120,4.99,20021,99,401280,1904.3,100,100,100,100,100,Good,True
Rice,3.0,42.0,15.3,4.62,174.0,6.1,98.1,71.4,0.9,1547,134,1.24,15853,6,59400,274.7,5,16,5,5,5,Poor,True
Rice,0.25,28.4,65.4,6.68,260.0,116.7,91.5,82.4,2.3,1237,122,0.18,1351,44,12650,836.3,100,100,100,5,100,Poor,True
Rice,10.0,30.6,26.4,8.83,1355.0,182.1,33.9,29.9,1.7,1549,122,5.87,46437,27,374000,705.4,100,5,5,100,29,Poor,True
Rice,2.25,28.3,19.1,5.31,1075.0,99.6,54.2,95.3,2.24,1507,121,1.6,11197,40,110880,890.3,100,82,5,96,100,Poor,True
Rice,3.5,43.3,18.5,4.2,145.0,13.3,38.8,44.2,0.86,1563,132,1.45,16786,5,66220,294.5,5,5,5,5,5,Poor,True
Rice,12.25,40.7,15.0,4.13,191.0,7.3,76.1,77.7,0.91,1553,133,4.98,63272,5,245245,287.6,17,5,5,5,5,Poor,True
Rice,7.5,26.7,66.1,6.91,1152.0,101.9,72.4,87.4,4.53,1213,118,8.92,39809,99,747450,1777.6,100,100,100,100,100,Good,True
Rice,1.5,11.1,97.7,8.76,3000.0,27.5,51.1,39.6,0.86,1569,133,0.58,7120,5,28380,298.6,5,5,5,5,5,Poor,True
Rice,7.5,22.2,74.4,6.84,184.0,91.8,41.1,53.2,2.31,1199,120,5.3,36172,45,381150,953.7,100,100,100,5,100,Poor,True
Rice,0.5,33.2,70.7,7.04,2387.0,169.3,62.5,47.2,3.07,1193,123,0.44,2384,59,33770,1316.5,88,98,100,54,47,Moderate,True
Rice,16.0,42.7,97.3,4.09,3000.0,20.7,39.9,24.0,0.9,1517,134,6.39,73607,6,316800,330.4,5,5,5,5,5,Poor,True
Rice,3.0,34.0,51.4,5.53,2788.0,66.3,96.2,89.1,2.42,1447,122,2.19,15799,46,159720,911.0,81,100,48,22,74,Poor,True
Rice,4.0,9.8,97.7,8.4,289.0,8.2,57.5,56.6,0.88,1535,134,1.63,20075,5,77440,285.8,5,12,5,5,5,Poor,True
Rice,2.25,38.7,15.8,4.04,92.0,14.0,89.0,73.8,0.99,1544,130,0.96,11662,8,49005,320.2,36,5,5,5,5,Poor,True
Rice,1.0,16.4,10.7,4.54,488.0,52.9,55.6,52.3,1.11,1558,134,0.48,5085,13,24420,380.2,24,9,5,5,48,Poor,True
Rice,12.25,18.0,83.4,7.44,2043.0,152.5,33.2,24.1,2.95,1183,127,10.74,55271,58,795025,1338.4,46,72,100,81,69,Moderate,True
Rice,9.0,27.5,42.6,5.44,1220.0,90.1,68.5,86.0,2.56,1519,122,7.02,47762,49,506880,961.3,100,95,15,100,100,Moderate,True
Rice,2.25,30.5,89.0,7.36,1515.0,164.1,73.6,68.9,3.17,1401,120,2.06,11718,64,156915,1239.1,100,77,62,100,54,Moderate,True
Rice,12.25,28.3,70.6,6.78,1750.0,129.8,39.0,27.7,4.56,1184,118,15.15,55979,99,1228920,2095.3,100,100,100,100,100,Good,True
Rice,4.0,23.9,65.2,8.67,1691.0,97.4,82.8,35.9,2.29,1182,121,2.92,20935,44,201520,862.6,100,5,100,100,100,Poor,True
Rice,3.0,25.4,55.0,4.23,497.0,66.6,63.2,56.6,1.66,1325,123,1.76,14736,26,109560,643.5,100,5,62,5,75,Poor,True
Rice,1.0,18.6,87.3,7.04,2746.0,79.8,72.4,61.2,2.59,1302,126,0.75,5166,49,56980,1003.0,54,98,78,25,100,Moderate,True
Rice,6.25,27.6,75.2,6.64,1398.0,105.3,53.0,69.0,4.44,1190,119,7.5,30891,99,610500,1876.3,100,100,100,100,100,Good,True
Rice,7.5,25.7,83.6,5.59,1165.0,88.1,41.4,99.2,4.4,1199,121,8.7,37159,99,726000,1853.8,100,100,100,100,100,Good,True
Rice,10.0,31.0,78.0,5.91,1224.0,94.7,81.8,43.9,4.48,1191,121,12.17,51210,99,985600,1824.6,100,100,100,100,100,Good,True
Rice,0.5,39.4,18.3,4.43,156.0,9.5,87.1,49.5,0.96,1508,132,0.21,2551,8,10560,314.0,30,5,5,5,5,Poor,True
Rice,5.0,14.8,84.7,5.56,1439.0,78.2,71.8,41.2,2.32,1210,132,3.67,25740,43,255200,891.5,5,100,100,100,97,Poor,True
Rice,5.0,32.6,70.3,6.74,1577.0,19.4,80.5,66.7,2.31,1218,121,3.46,25368,44,254100,901.7,94,100,100,100,5,Poor,True
Rice,0.25,24.5,80.6,5.65,1153.0,98.1,41.9,70.3,4.52,1208,120,0.3,1229,99,24860,1922.8,100,100,100,100,100,Good,True
Rice,1.0,11.6,35.0,8.56,3000.0,22.6,72.8,57.7,0.85,1550,131,0.4,5040,5,18700,271.0,5,5,5,5,5,Poor,True
Rice,2.25,34.7,47.4,7.4,1152.0,61.6,89.4,78.2,2.56,1442,124,1.79,11765,51,126720,977.1,75,75,33,100,65,Moderate,True
Rice,5.0,41.9,15.2,4.45,200.0,12.2,56.4,96.5,0.87,1502,131,1.99,25951,7,95700,268.8,6,5,5,5,5,Poor,True
Rice,5.0,30.3,72.2,6.87,1496.0,89.1,62.2,62.7,4.52,1218,121,5.9,24562,98,497200,1924.3,100,100,100,100,100,Good,True
Rice,7.5,31.3,78.7,6.3,1123.0,103.8,68.2,74.1,4.4,1204,120,9.31,38559,99,726000,1782.8,100,100,100,100,100,Good,True
Rice,9.0,24.4,75.2,6.66,1131.0,114.7,90.7,74.5,4.39,1210,120,10.77,47496,99,869220,1730.1,100,100,100,100,100,Good,True
Rice,9.0,23.4,50.6,6.04,1550.0,141.4,86.3,41.1,3.15,1364,119,8.25,45646,66,623700,1266.4,100,100,45,100,85,Moderate,True
Rice,10.0,24.2,75.4,6.57,1167.0,95.9,63.9,96.6,4.58,1199,119,11.64,50544,99,1007600,1893.5,100,100,100,100,100,Good,True
Rice,16.0,33.8,68.8,7.07,1585.0,149.7,49.5,43.9,3.78,1204,125,16.68,78031,82,1330560,1605.2,83,96,100,100,73,Good,True
Rice,1.5,43.0,96.5,8.51,3000.0,36.4,57.6,47.6,0.86,1551,130,0.62,7251,6,28380,291.4,5,5,5,5,17,Poor,True
Rice,2.25,18.8,57.7,4.92,2850.0,184.9,84.1,31.7,1.88,1334,124,1.42,11231,29,93060,728.6,57,45,72,17,26,Poor,True
Rice,6.25,34.4,88.9,5.51,1657.0,104.6,32.9,96.4,3.49,1331,118,6.24,29725,75,479875,1514.4,77,100,63,100,100,Good,True
Rice,12.25,42.8,94.1,4.65,126.0,13.5,76.9,62.5,0.94,1476,134,5.13,62062,7,253330,308.2,5,20,14,5,5,Poor,True
Rice,16.0,18.8,85.9,5.58,1566.0,41.5,74.7,24.2,2.64,1202,125,12.35,80833,52,929280,1049.6,56,100,92,100,27,Moderate,True
Rice,1.5,21.5,74.6,4.5,2335.0,1.0,68.5,94.3,1.71,1176,123,0.9,7907,29,56430,613.7,94,5,100,58,5,Poor,True
Rice,10.0,22.9,73.2,5.75,1255.0,95.9,58.5,94.8,4.47,1203,119,11.76,49975,99,983400,1867.8,100,100,100,100,100,Good,True
Rice,10.0,13.9,94.4,4.45,354.0,37.0,42.3,90.6,0.94,1464,132,4.23,46877,6,206800,341.2,5,5,10,5,18,Poor,True
Rice,1.0,24.1,70.9,6.87,1483.0,116.7,42.3,93.6,4.41,1198,120,1.21,5055,97,97020,1819.3,100,100,100,100,100,Good,True
Rice,1.0,41.8,96.7,4.61,3000.0,39.6,68.0,59.5,1.0,1558,133,0.43,5080,6,22000,333.1,7,16,5,5,23,Poor,True
Rice,3.0,28.5,82.5,6.69,1199.0,107.3,95.7,88.1,4.54,1206,115,3.69,16036,99,299640,1768.5,100,100,100,100,100,Good,True
Rice,2.0,40.3,11.9,4.09,74.0,11.9,48.0,34.9,0.92,1501,135,0.8,9269,5,40480,336.7,21,5,5,5,5,Poor,True
Rice,0.25,29.0,60.7,4.4,1273.0,79.0,42.3,88.5,2.26,1217,120,0.17,1148,40,12430,982.8,100,5,84,100,98,Poor,True
Rice,16.0,22.4,78.9,5.71,2591.0,55.4,92.8,86.2,2.94,1228,118,13.98,88779,58,1034880,1065.7,100,100,100,37,53,Moderate,True
Rice,16.0,22.0,72.6,5.72,1113.0,103.2,66.1,26.9,4.49,1230,122,19.49,75546,99,1580480,1992.1,100,100,100,100,100,Good,True
Rice,9.0,42.3,61.3,6.74,1323.0,103.5,95.5,20.5,2.26,1242,134,6.36,45562,42,447480,882.1,5,100,86,100,100,Poor,True
Rice,1.5,34.3,74.9,7.22,1733.0,135.0,56.9,55.7,3.88,1209,126,1.63,7031,87,128040,1721.1,78,86,100,100,93,Good,True
Rice,2.0,24.8,87.5,4.48,1165.0,120.0,48.3,48.8,2.24,1302,121,1.42,9758,38,98560,910.0,100,5,76,100,100,Poor,True
Rice,1.5,28.1,95.4,6.79,1115.0,134.7,41.2,74.9,2.26,1525,120,1.09,7295,42,74580,922.3,100,100,5,100,94,Poor,True
Rice,3.0,24.8,64.0,8.82,1715.0,134.3,55.7,37.7,2.25,1250,119,2.12,14467,42,148500,926.5,100,5,96,100,94,Poor,True
Rice,0.25,25.2,76.1,5.72,1164.0,120.8,97.0,58.3,4.51,1189,122,0.3,1287,99,24805,1827.4,100,100,100,100,100,Good,True
Rice,0.25,20.0,53.6,8.06,1621.0,119.8,61.8,99.1,2.76,1323,122,0.21,1263,53,15180,1101.9,73,33,57,100,100,Moderate,True
Rice,2.25,29.7,70.9,8.77,1583.0,78.4,83.0,84.2,2.24,1192,122,1.64,12143,43,110880,813.1,100,5,100,100,97,Poor,True
Rice,4.0,27.3,72.5,7.62,1051.0,58.8,87.8,80.9,3.57,1180,120,3.92,22213,70,314160,1314.3,100,61,100,92,60,Moderate,True
Rice,10.0,25.0,83.7,6.28,1290.0,100.0,77.6,67.7,4.65,1174,120,12.24,52271,99,1023000,1857.1,100,100,100,100,100,Good,True
Rice,7.5,37.1,46.9,5.91,731.0,155.0,85.1,62.0,2.33,1420,130,5.48,40199,46,384450,856.4,51,100,31,42,66,Poor,True
Rice,6.25,29.6,80.0,5.92,1933.0,91.8,67.0,48.9,4.25,1200,119,7.21,30968,96,584375,1787.0,100,100,100,89,100,Good,True
Rice,2.25,31.9,65.0,6.97,741.0,162.1,94.2,29.0,3.04,1259,119,1.9,11872,62,150480,1167.5,100,100,100,43,56,Moderate,True
Rice,1.5,21.4,75.1,5.02,2026.0,144.7,88.0,92.2,3.23,1192,120,1.41,7752,68,106590,1275.0,92,55,100,82,80,Moderate,True
Rice,6.25,32.7,95.4,5.82,1165.0,80.6,89.8,55.3,2.38,1558,124,4.68,32284,40,327250,913.7,93,100,5,100,100,Poor,True
Rice,10.0,24.4,54.4,7.07,1343.0,188.2,77.6,77.4,2.47,1379,121,7.26,50944,46,543400,966.7,100,95,60,100,21,Moderate,True
Rice,10.0,24.6,90.9,6.23,261.0,26.4,59.1,65.1,1.73,1383,119,6.18,48773,31,380600,680.3,100,100,44,5,5,Poor,True
Rice,2.0,23.3,68.8,6.19,1626.0,125.3,69.1,73.8,4.46,1167,120,2.4,9841,99,196240,1894.1,100,100,100,100,100,Good,True
Rice,3.5,31.6,78.9,4.36,1529.0,99.0,82.2,66.3,2.32,1168,121,2.58,18859,44,178640,847.2,100,5,100,100,100,Poor,True
Rice,9.0,37.3,13.4,4.05,199.0,19.0,34.8,94.7,1.05,1566,126,3.78,44468,10,207900,367.5,49,5,5,5,5,Poor,True
Rice,3.0,21.4,53.9,5.55,1489.0,47.7,32.2,52.7,2.92,1287,120,2.54,13979,54,192720,1278.6,92,100,58,100,39,Moderate,True
Rice,1.5,22.3,76.1,6.28,1796.0,90.1,83.8,81.3,4.45,1136,122,1.83,7638,99,146850,1822.6,100,100,100,100,100,Good,True
Rice,3.5,19.6,53.3,5.31,884.0,117.8,98.5,71.7,3.11,1387,121,3.24,19315,63,239470,1139.8,68,82,56,66,100,Moderate,True
Rice,6.25,43.0,97.6,4.26,354.0,39.7,57.5,30.2,0.97,1531,134,2.61,30149,5,133375,342.4,5,5,5,5,24,Poor,True
Rice,3.5,26.3,56.2,5.21,1012.0,159.6,98.5,86.8,3.32,1342,120,3.26,18912,71,255640,1251.7,100,72,67,86,60,Moderate,True
Rice,4.0,42.9,69.7,6.64,1819.0,121.1,67.2,85.9,2.42,1216,137,2.84,20889,43,212960,919.5,5,100,100,98,100,Poor,True
Rice,7.5,31.7,23.8,7.02,1098.0,118.4,95.6,78.0,2.3,1474,122,5.42,40296,41,379500,841.8,100,99,5,100,100,Poor,True
Rice,16.0,5.3,89.8,5.22,1634.0,110.0,46.8,25.4,2.0,1317,131,10.8,73054,36,704000,863.7,5,74,54,100,100,Poor,True
Rice,6.25,25.5,71.5,6.74,971.0,110.8,71.6,55.7,4.2,1216,119,6.85,31366,90,577500,1741.2,100,100,100,80,100,Good,True
Rice,0.5,29.0,71.6,6.62,1389.0,89.8,77.0,89.8,4.4,1155,119,0.59,2655,99,48400,1723.0,100,100,100,100,100,Good,True
Rice,5.0,27.0,70.7,6.6,1117.0,109.2,47.1,23.5,4.42,1220,124,6.07,22059,99,486200,2104.1,100,100,100,100,100,Good,True
Rice,10.0,23.9,74.8,5.46,155.0,92.1,39.8,99.5,2.36,1163,122,7.06,48240,43,519200,976.3,100,96,100,5,100,Poor,True
Rice,0.25,22.2,56.6,5.88,1877.0,128.2,46.4,93.3,3.89,1317,118,0.25,1220,78,21395,1653.7,100,100,68,94,100,Good,True
Rice,1.5,30.7,62.7,7.66,1310.0,84.0,70.3,66.2,3.44,1276,121,1.5,7695,72,113520,1375.2,100,58,91,100,100,Moderate,True
Rice,12.25,13.0,20.4,4.29,3000.0,6.6,54.1,71.5,0.85,1552,133,4.84,59676,7,229075,283.9,5,5,5,5,5,Poor,True
Rice,9.0,24.1,73.3,6.03,1738.0,82.0,56.7,62.0,4.68,1204,121,10.47,43062,99,926640,2051.9,100,100,100,100,100,Good,True
Rice,2.0,41.8,96.8,4.17,3000.0,38.9,69.0,30.7,0.92,1579,135,0.81,9848,6,40480,311.0,7,5,5,5,22,Poor,True
Rice,2.25,21.1,54.9,5.9,2063.0,99.7,47.0,36.3,3.49,1351,123,2.25,10430,73,172755,1556.3,88,100,62,79,100,Moderate,True
Rice,10.0,31.6,72.5,6.01,1144.0,104.3,75.3,93.8,4.47,1224,119,11.91,53285,99,983400,1745.5,100,100,100,100,100,Good,True
Rice,9.0,42.9,10.9,4.58,79.0,9.0,77.2,68.2,0.88,1529,135,3.69,45963,7,174240,279.1,5,13,5,5,5,Poor,True
Rice,6.25,6.9,69.4,6.89,1739.0,79.6,63.6,89.6,2.31,1229,135,4.58,31731,43,317625,901.0,5,100,100,100,99,Poor,True
Rice,4.0,18.3,96.1,4.08,2818.0,192.4,38.2,100.0,1.12,1581,130,1.79,20104,12,98560,390.3,50,5,5,19,15,Poor,True
Rice,3.0,10.3,94.2,8.53,3000.0,21.3,86.2,77.8,0.92,1481,133,1.23,16232,6,60720,274.1,5,5,13,5,5,Poor,True
Rice,0.5,30.1,59.2,6.43,2424.0,187.2,83.3,45.6,2.41,1290,120,0.37,2509,43,26510,956.6,100,100,78,51,22,Moderate,True
Rice,1.5,26.1,82.7,5.57,1773.0,114.0,44.2,45.0,4.38,1224,119,1.76,7038,99,144540,1953.7,100,100,100,100,100,Good,True
Rice,10.0,6.8,87.8,7.71,147.0,110.7,70.9,77.6,1.69,1285,133,5.76,51289,24,371800,624.9,5,55,74,5,100,Poor,True
Rice,16.0,21.9,89.5,8.66,1109.0,116.4,69.9,39.7,2.09,1391,119,11.07,78299,41,735680,839.6,99,5,57,100,100,Poor,True
Rice,5.0,42.9,97.1,8.74,3000.0,11.4,92.3,99.2,0.86,1580,135,2.04,26956,5,94600,250.9,5,5,5,5,5,Poor,True
Rice,2.0,43.3,57.2,8.2,316.0,163.6,33.4,20.5,1.37,1298,131,1.01,9092,18,60280,563.0,5,24,70,5,54,Poor,True
Rice,2.25,7.2,93.0,8.67,3000.0,5.4,67.1,42.0,0.94,1498,132,0.92,10907,8,46530,326.6,5,5,24,5,5,Poor,True
Rice,6.25,31.0,76.9,5.25,682.0,189.1,98.4,21.4,2.37,1183,116,4.51,33355,42,325875,877.0,100,77,100,34,20,Poor,True
Rice,12.25,13.3,15.0,8.67,3000.0,7.8,97.2,56.7,0.86,1525,134,4.87,66047,5,231770,250.9,5,5,5,5,5,Poor,True
Rice,3.0,42.4,31.2,8.53,104.0,7.9,89.2,71.6,0.87,1551,133,1.17,15676,5,57420,266.3,5,5,5,5,5,Poor,True
Rice,1.0,31.0,66.4,6.99,1766.0,86.9,53.2,98.2,4.38,1184,120,1.19,4936,99,96360,1852.2,100,100,100,100,100,Good,True
Rice,9.0,43.8,18.9,4.74,84.0,18.5,78.5,65.3,0.95,1520,133,3.71,45343,9,188100,314.8,5,27,5,5,5,Poor,True
Rice,10.0,42.8,37.2,4.13,3000.0,37.5,50.9,65.1,0.9,1539,131,4.09,49221,8,198000,302.3,5,5,5,5,19,Poor,True
Rice,6.25,41.0,18.5,4.54,131.0,10.8,81.8,83.2,0.92,1537,133,2.53,32235,6,126500,292.4,15,9,5,5,5,Poor,True
Rice,10.0,32.6,17.1,7.73,1103.0,19.5,46.3,26.1,1.75,1593,122,5.95,45231,31,385000,751.2,95,54,5,100,5,Poor,True
Rice,7.5,42.2,94.6,4.55,3000.0,11.5,71.0,50.4,0.91,1534,131,3.05,36969,8,150150,306.2,5,10,8,5,5,Poor,True
Rice,9.0,31.5,69.2,5.89,1779.0,116.7,84.1,43.6,4.57,1208,119,11.08,45883,99,904860,1872.1,100,100,100,100,100,Good,True
Rice,16.0,14.9,16.6,5.34,1202.0,156.8,40.8,51.2,1.81,1579,131,9.5,74979,27,637120,749.7,5,85,5,100,64,Poor,True
Rice,4.0,30.4,84.8,8.5,1789.0,127.4,61.1,80.9,2.41,1205,121,2.92,20593,44,212080,929.9,100,5,100,100,100,Poor,True
Rice,2.0,20.8,54.5,5.66,1290.0,136.4,37.2,27.0,3.6,1374,122,1.95,8872,75,158400,1685.4,83,100,60,100,91,Moderate,True
Rice,0.5,25.9,68.2,6.22,1058.0,101.9,60.2,64.6,4.36,1211,121,0.58,2472,95,47960,1840.1,100,100,100,93,100,Good,True
Rice,4.0,23.5,71.0,5.63,1738.0,80.3,65.9,28.3,4.4,1211,120,4.86,19081,99,387200,1929.2,100,100,100,100,100,Good,True
Rice,2.0,23.9,49.5,7.71,2276.0,85.2,36.3,64.3,2.76,1412,120,1.72,9808,57,121440,1138.2,100,55,41,62,100,Moderate,True
Rice,7.5,24.6,74.3,5.84,1621.0,126.0,71.8,82.8,4.33,1198,121,8.6,38625,99,714450,1749.7,100,100,100,100,100,Good,True
Rice,5.0,24.2,72.9,5.86,56.0,125.7,80.7,64.8,2.34,1213,116,3.58,25807,45,257400,897.4,100,100,100,5,100,Poor,True
Rice,2.25,14.9,93.8,4.21,3000.0,21.9,35.4,40.1,0.94,1542,131,0.94,10225,6,46530,355.1,5,5,16,5,5,Poor,True
Rice,6.25,28.0,74.7,5.54,1366.0,85.3,47.3,70.0,4.29,1229,121,7.84,30853,99,589875,1811.9,100,100,100,100,100,Good,True
Rice,10.0,20.6,54.9,4.9,690.0,186.6,71.6,35.6,2.08,1344,125,6.69,48671,34,457600,840.2,81,43,61,35,23,Poor,True
Rice,1.0,32.7,82.8,6.24,1312.0,180.5,37.5,44.4,2.86,1209,123,0.83,4599,64,62920,1268.1,93,100,100,100,31,Moderate,True
Rice,16.0,43.6,13.3,4.5,171.0,9.9,53.4,85.2,0.88,1545,133,6.39,80601,5,309760,284.3,5,5,5,5,5,Poor,True
Rice,16.0,43.0,19.7,4.11,98.0,19.2,44.1,45.1,0.88,1547,130,6.52,76276,6,309760,306.1,5,5,5,5,5,Poor,True
Rice,2.25,43.8,19.7,4.23,154.0,12.4,70.3,39.4,0.85,1544,135,0.89,11205,8,42075,275.5,5,5,5,5,5,Poor,True
Rice,10.0,39.6,18.2,4.31,67.0,13.5,71.5,63.7,0.94,1559,129,4.26,51027,7,206800,305.3,27,5,5,5,5,Poor,True
Rice,0.5,42.1,94.0,8.34,3000.0,13.5,76.1,77.2,0.94,1471,134,0.21,2669,7,10340,287.4,5,15,14,5,5,Poor,True
Rice,12.25,26.1,70.6,5.7,1610.0,120.7,85.2,25.9,4.58,1203,116,14.83,62274,99,1234310,1882.1,100,100,100,100,100,Good,True
Rice,2.25,24.9,88.0,7.14,1452.0,17.0,58.1,60.5,2.09,1345,121,1.53,11081,39,103455,833.6,100,91,72,100,5,Poor,True
Rice,3.5,21.8,58.1,6.36,1693.0,157.5,94.4,75.3,3.51,1313,119,3.47,18701,77,270270,1345.2,97,100,74,100,63,Moderate,True
Rice,4.0,22.4,66.1,6.75,1183.0,82.3,68.1,83.3,4.61,1187,117,4.79,20308,99,405680,1897.6,100,100,100,100,100,Good,True
Rice,0.5,31.7,61.1,6.88,2635.0,74.7,55.2,91.6,2.9,1208,120,0.43,2528,59,31900,1161.9,100,100,85,34,90,Moderate,True
Rice,0.5,28.1,78.6,5.8,1331.0,178.7,67.6,71.1,2.98,1205,121,0.42,2550,59,32780,1185.5,100,100,100,100,34,Moderate,True
Rice,9.0,27.2,67.0,6.63,1734.0,117.2,35.9,81.5,4.6,1226,119,10.74,43264,99,910800,2005.2,100,100,100,100,100,Good,True
Rice,10.0,11.9,96.2,8.5,124.0,22.9,66.3,66.4,0.88,1565,134,3.94,50673,5,193600,282.1,5,5,5,5,5,Poor,True
Rice,0.5,41.0,14.5,4.31,166.0,13.8,65.0,47.6,0.94,1492,131,0.2,2485,5,10340,316.1,14,5,5,5,5,Poor,True
Rice,2.25,22.7,72.5,5.03,1350.0,110.3,31.7,28.4,3.45,1215,119,2.27,9783,73,170775,1645.6,100,55,100,100,100,Moderate,True
Rice,2.0,18.2,62.4,5.87,686.0,115.8,59.1,96.9,2.85,1213,128,1.62,9634,53,125400,1201.6,48,100,90,34,100,Moderate,True
Rice,5.0,37.7,57.8,5.96,2212.0,154.8,38.1,95.3,2.94,1294,127,4.16,23982,59,323400,1248.5,46,100,73,67,66,Moderate,True
Rice,1.5,10.7,38.1,6.28,700.0,96.6,63.3,55.1,1.71,1498,133,0.91,7626,27,56430,640.0,5,100,5,37,100,Poor,True
Rice,2.0,31.5,69.4,5.99,1629.0,99.7,78.8,45.5,4.4,1180,121,2.39,10045,99,193600,1827.3,100,100,100,100,100,Good,True
Rice,5.0,31.9,51.1,7.95,2591.0,126.6,51.0,84.8,2.69,1385,119,3.83,25151,50,295900,1076.5,100,40,47,37,100,Moderate,True
Rice,0.25,7.0,31.0,8.63,315.0,32.9,74.1,34.9,0.88,1547,134,0.1,1172,6,4840,313.0,5,5,5,5,11,Poor,True
Rice,3.5,25.6,69.1,7.2,1620.0,180.8,76.0,51.6,2.86,1219,122,2.89,17637,55,220220,1148.6,100,88,100,100,31,Moderate,True
Rice,2.0,36.4,54.8,7.54,1883.0,48.2,81.6,90.6,2.65,1333,123,1.57,10765,52,116600,983.1,58,66,61,93,40,Moderate,True
Rice,0.5,27.1,79.3,6.96,1241.0,80.5,61.5,54.4,4.48,1152,119,0.6,2434,99,49280,1924.7,100,100,100,100,100,Good,True
Rice,5.0,41.4,33.1,4.4,234.0,14.2,90.4,62.2,0.89,1516,132,2.01,26421,5,97900,270.5,10,5,5,5,5,Poor,True
Rice,12.25,37.7,65.7,5.83,1892.0,56.8,74.7,67.8,3.15,1202,125,10.87,62864,66,848925,1250.4,46,100,100,93,56,Moderate,True
Rice,6.25,33.0,88.9,6.27,1412.0,14.8,38.0,48.2,2.07,1314,118,4.2,29313,39,284625,871.0,91,100,63,100,5,Poor,True
Rice,1.0,41.3,37.7,4.22,3000.0,19.6,39.7,50.7,0.88,1539,135,0.4,4849,5,19360,299.3,11,5,5,5,5,Poor,True
Rice,2.0,32.7,24.6,6.9,1809.0,76.4,68.8,59.2,2.25,1532,118,1.45,10231,42,99000,867.6,93,100,5,99,93,Poor,True
Rice,3.0,38.0,13.1,4.36,58.0,10.4,30.7,30.9,1.01,1532,127,1.31,13394,9,66660,397.7,43,5,5,5,5,Poor,True
Rice,0.5,34.2,53.3,6.13,1398.0,104.8,87.1,97.1,3.4,1369,126,0.49,2662,74,37400,1305.0,79,100,56,100,100,Moderate,True
Rice,0.25,29.5,69.7,5.72,1230.0,89.1,65.4,59.6,4.61,1205,119,0.31,1257,99,25355,1917.1,100,100,100,100,100,Good,True
Rice,0.5,41.8,14.2,4.67,123.0,6.2,32.2,80.9,0.97,1519,133,0.2,2346,8,10670,354.8,7,21,5,5,5,Poor,True
Rice,6.25,41.5,95.3,4.38,3000.0,24.0,83.0,80.8,0.89,1567,139,2.58,33230,5,122375,268.3,9,5,5,5,5,Poor,True
Rice,16.0,24.7,68.6,7.1,1229.0,150.5,60.9,37.5,3.72,1198,116,16.53,76605,81,1309440,1609.3,100,94,100,100,72,Good,True
Rice,2.25,9.8,98.0,4.18,264.0,12.3,81.6,75.1,0.89,1610,134,0.9,12071,5,44055,265.0,5,5,5,5,5,Poor,True
Rice,4.0,42.2,16.6,8.78,304.0,16.3,79.3,43.1,0.85,1528,134,1.66,20437,5,74800,266.0,5,5,5,5,5,Poor,True
Rice,10.0,32.4,81.0,6.24,1312.0,180.7,48.7,88.6,2.86,1199,119,8.38,48918,59,629200,1186.2,96,100,100,100,31,Moderate,True
Rice,0.5,24.9,69.8,5.82,1388.0,115.2,99.0,74.3,4.45,1207,120,0.59,2645,98,48950,1750.7,100,100,100,100,100,Good,True
Rice,7.5,19.9,78.1,4.94,2082.0,67.4,36.7,97.0,3.03,1185,123,6.5,37530,59,499950,1232.1,72,47,100,78,76,Moderate,True
Rice,6.25,42.5,19.2,4.79,180.0,6.9,90.6,40.0,0.96,1571,136,2.72,33167,5,132000,298.0,5,33,5,5,5,Poor,True
Rice,3.5,26.3,64.5,6.72,605.0,79.1,79.8,86.3,2.78,1211,118,2.78,19055,53,214060,1023.4,100,100,98,22,98,Moderate,True
Rice,12.25,26.9,71.2,5.77,1453.0,96.1,83.3,74.1,4.48,1210,121,14.77,63717,97,1207360,1794.9,100,100,100,100,100,Good,True
Rice,0.5,40.4,15.8,4.21,112.0,11.8,74.4,90.4,0.91,1542,130,0.2,2660,10,10010,276.3,20,5,5,5,5,Poor,True
Rice,0.5,43.5,79.2,5.37,1398.0,90.5,61.8,59.0,2.22,1224,135,0.34,2579,42,24420,846.9,5,88,100,100,100,Poor,True
Rice,6.25,28.3,88.2,8.24,370.0,194.4,74.4,75.8,1.54,1330,122,3.55,31265,23,211750,577.3,100,22,70,5,13,Poor,True
Rice,5.0,20.8,57.2,6.13,2769.0,131.6,89.5,83.7,2.58,1315,121,3.93,25980,50,283800,992.4,84,100,70,23,98,Moderate,True
Rice,1.0,27.7,79.9,6.83,2105.0,189.7,57.8,97.5,2.46,1218,121,0.82,5213,47,54120,938.2,100,100,100,76,19,Moderate,True
Rice,7.5,38.0,54.5,5.61,922.0,109.5,39.1,88.2,2.93,1340,127,6.49,37232,60,483450,1198.5,43,100,60,72,100,Moderate,True
Rice,16.0,42.5,18.9,4.61,57.0,14.4,88.6,21.3,0.9,1521,131,6.55,81386,8,316800,289.3,5,15,5,5,5,Poor,True
Rice,16.0,28.0,61.3,7.08,2123.0,147.3,95.1,32.6,3.68,1260,118,16.59,81595,79,1295360,1487.5,100,95,86,74,77,Good,True
Rice,1.5,43.0,17.7,8.48,119.0,18.0,93.3,33.2,0.89,1542,137,0.59,7736,5,29370,279.7,5,6,5,5,5,Poor,True
Rice,4.0,39.8,13.1,4.56,85.0,14.8,79.3,20.1,0.97,1535,133,1.72,18952,5,85360,350.4,26,11,5,5,5,Poor,True
Rice,12.25,10.3,26.5,8.79,371.0,18.4,81.2,28.2,0.88,1535,134,4.98,61032,6,237160,288.6,5,5,5,5,5,Poor,True
Rice,4.0,39.2,18.8,4.11,166.0,16.3,39.3,99.4,0.99,1506,127,1.64,19999,8,87120,335.6,32,5,5,5,5,Poor,True
Rice,5.0,23.5,82.1,7.19,2180.0,174.0,40.0,62.4,2.9,1174,122,4.37,24465,61,319000,1203.9,100,88,100,70,40,Moderate,True
Rice,3.0,42.3,63.2,6.91,1513.0,113.3,80.6,70.2,2.33,1241,135,2.18,15146,44,153780,915.3,5,100,93,100,100,Poor,True
Rice,0.25,18.7,87.0,5.57,2415.0,156.2,40.6,52.9,3.04,1268,125,0.22,1163,59,16720,1337.7,55,100,81,51,64,Moderate,True
Rice,1.0,23.6,78.7,6.39,1628.0,95.5,78.1,88.8,4.3,1177,118,1.16,5299,98,94600,1685.2,100,100,100,100,100,Good,True
Rice,1.0,36.5,54.5,7.93,1073.0,132.1,36.1,28.0,2.82,1318,127,0.78,4725,53,62040,1213.0,58,41,60,96,97,Moderate,True
Rice,1.0,20.0,52.2,5.23,1573.0,159.3,82.7,67.2,2.96,1412,122,0.91,5240,62,65120,1142.7,72,75,51,100,60,Moderate,True
Rice,16.0,22.2,67.1,5.76,1402.0,105.5,56.9,97.1,4.48,1175,119,19.19,81128,98,1576960,1843.8,100,100,100,100,100,Good,True
Rice,0.25,17.6,22.6,5.38,344.0,110.7,72.0,68.6,1.65,1536,129,0.15,1277,28,9075,610.6,40,89,5,5,100,Poor,True
Rice,16.0,28.3,55.4,5.15,1919.0,54.8,84.5,75.2,3.14,1319,124,14.16,85064,63,1105280,1199.4,100,67,63,91,52,Moderate,True
Rice,9.0,30.1,67.7,4.1,1072.0,96.3,82.3,43.6,2.26,1187,121,6.32,47286,43,447480,846.3,100,5,100,96,100,Poor,True
Rice,10.0,22.5,76.6,6.87,1224.0,80.4,33.8,91.8,4.66,1195,120,12.15,49700,99,1025200,1962.8,100,100,100,100,100,Good,True
Rice,2.0,43.2,54.5,4.56,1549.0,118.8,67.0,98.2,1.81,1365,133,1.21,10343,30,79640,670.0,5,11,60,100,100,Poor,True
Rice,5.0,26.8,68.1,7.17,2684.0,60.7,99.1,94.7,2.73,1221,121,3.97,26848,52,300300,1018.5,100,89,100,30,63,Moderate,True
Rice,2.0,32.9,77.5,5.46,1431.0,135.6,39.2,88.9,4.25,1203,121,2.36,9745,93,187000,1818.9,92,96,100,100,92,Good,True
Rice,2.0,26.2,84.3,7.5,2244.0,77.3,69.8,49.2,3.53,1168,122,1.9,9842,75,155320,1478.1,100,68,100,65,95,Good,True
Rice,9.0,28.6,53.0,7.97,2559.0,169.6,77.8,81.0,2.55,1366,119,6.96,44277,46,504900,1040.3,100,38,54,40,46,Moderate,True
Rice,5.0,14.6,28.4,8.34,3000.0,19.8,58.2,71.2,0.89,1531,135,2.05,24986,7,97900,291.8,5,15,5,5,5,Poor,True
Rice,16.0,24.4,77.6,6.74,1391.0,92.9,67.6,32.2,4.53,1184,115,19.4,76229,99,1594560,1991.8,100,100,100,100,100,Good,True
Rice,16.0,6.8,93.8,4.27,210.0,7.0,36.0,54.8,0.86,1488,132,6.69,77219,7,302720,292.0,5,5,17,5,5,Poor,True
Rice,0.25,23.2,85.3,5.97,2790.0,120.0,61.7,68.7,2.73,1204,118,0.2,1230,56,15015,1120.7,100,100,97,22,100,Moderate,True
Rice,4.0,25.0,66.0,6.2,1697.0,126.7,51.7,79.3,4.47,1191,122,4.94,20170,99,393360,1850.2,100,100,100,100,100,Good,True
Rice,0.5,34.6,20.7,7.54,2134.0,32.8,96.7,61.8,1.66,1567,122,0.29,2711,24,18260,573.6,75,66,5,74,10,Poor,True
Rice,12.25,20.1,67.9,4.98,1536.0,73.1,84.8,77.7,3.23,1211,124,11.15,64676,66,870485,1245.9,74,50,100,100,87,Moderate,True
Rice,12.25,22.2,82.6,6.95,1339.0,96.9,41.7,30.2,4.47,1210,119,14.56,56800,99,1204665,2020.9,100,100,100,100,100,Good,True
Rice,1.0,32.6,78.7,4.37,1143.0,129.1,53.5,54.3,2.3,1229,123,0.7,4792,41,50600,955.9,94,5,100,100,100,Poor,True
Rice,3.0,10.7,25.9,8.64,146.0,13.0,65.6,23.5,0.88,1528,135,1.21,14127,5,58080,311.1,5,5,5,5,5,Poor,True
Rice,0.25,26.4,88.3,6.62,1756.0,78.7,90.4,39.6,3.79,1322,120,0.26,1298,80,20845,1505.9,100,100,69,100,97,Good,True
Rice,9.0,28.8,75.1,6.65,1440.0,87.5,63.0,50.6,4.41,1207,122,10.63,44379,99,873180,1867.6,100,100,100,100,100,Good,True
Rice,2.25,18.7,51.1,6.89,2749.0,71.0,40.5,94.5,2.36,1447,127,1.61,11246,44,116820,938.8,55,100,47,25,83,Poor,True
Rice,9.0,43.0,15.5,4.73,161.0,11.3,52.5,53.3,0.95,1526,134,3.67,44674,7,188100,321.1,5,27,5,5,5,Poor,True
Rice,0.5,12.5,28.0,4.13,3000.0,35.3,84.1,44.9,0.9,1576,132,0.2,2614,5,9900,278.7,5,5,5,5,15,Poor,True
Rice,1.5,10.5,72.8,5.54,1610.0,123.1,50.4,82.8,2.32,1215,134,1.03,7558,42,76560,913.0,5,100,100,100,100,Poor,True
Rice,1.0,41.5,28.6,4.51,143.0,13.2,54.2,87.2,0.91,1528,133,0.42,5151,5,20020,288.7,10,6,5,5,5,Poor,True
Rice,16.0,30.0,56.2,7.44,1719.0,90.1,91.4,96.1,3.61,1317,120,16.09,84508,77,1270720,1403.7,100,72,67,100,100,Good,True
Rice,12.25,28.9,82.5,5.94,1157.0,94.9,30.1,72.6,4.39,1180,119,14.17,57766,99,1183105,1948.1,100,100,100,100,100,Good,True
Rice,4.0,29.1,65.4,6.13,1643.0,96.9,89.4,78.2,4.38,1191,121,4.77,21623,99,385440,1682.5,100,100,100,100,100,Good,True
Rice,5.0,22.0,58.1,5.76,1794.0,75.2,37.3,62.4,3.98,1291,120,4.98,23487,84,437800,1764.0,100,100,74,100,91,Good,True
Rice,3.5,32.1,48.2,5.26,609.0,189.9,46.7,59.4,2.03,1375,120,2.26,16591,36,156310,842.1,99,78,36,22,19,Poor,True
Rice,2.0,30.8,68.9,5.97,1534.0,111.9,34.2,99.8,4.44,1203,122,2.42,9770,99,195360,1899.6,100,100,100,100,100,Good,True
Rice,3.5,42.0,10.9,4.74,185.0,12.8,79.1,49.8,0.94,1461,139,1.49,17827,8,72380,306.0,5,28,5,5,5,Poor,True
Rice,12.25,14.8,96.2,8.64,3000.0,14.1,52.1,84.1,0.88,1604,134,4.99,60092,5,237160,294.7,5,5,5,5,5,Poor,True
Rice,12.25,30.4,68.1,5.95,1274.0,98.6,79.1,78.8,4.49,1205,120,14.74,63248,97,1210055,1813.2,100,100,100,100,100,Good,True
Rice,16.0,21.4,84.1,4.93,2630.0,125.8,52.3,41.8,2.82,1189,129,13.0,75173,53,992640,1220.5,91,46,100,34,100,Moderate,True
Rice,10.0,37.5,12.0,4.62,138.0,7.3,41.5,57.3,1.06,1573,130,4.4,47986,12,233200,386.0,48,17,5,5,5,Poor,True
Rice,0.25,21.3,58.2,8.82,702.0,61.7,48.6,29.6,1.81,1315,120,0.15,1191,31,9955,735.9,90,5,74,37,65,Poor,True
Rice,10.0,19.1,67.4,5.29,1522.0,92.6,41.0,74.9,3.56,1191,124,9.63,47970,75,783200,1532.7,60,80,100,100,100,Moderate,True
Rice,0.5,26.5,80.8,6.11,709.0,66.5,87.8,75.8,2.98,1196,120,0.41,2645,57,32780,1139.3,100,100,100,38,74,Moderate,True
Rice,5.0,37.3,18.4,4.26,64.0,8.7,54.9,61.1,1.07,1593,128,2.22,25195,11,117700,367.2,50,5,5,5,5,Poor,True
Rice,16.0,22.1,66.8,6.34,1724.0,94.4,77.4,40.8,4.43,1190,120,19.29,81244,99,1559360,1819.4,100,100,100,100,100,Good,True
Rice,10.0,23.2,82.0,5.73,1782.0,122.1,99.3,22.5,4.54,1193,119,11.67,52732,99,998800,1794.1,100,100,100,100,100,Good,True
Rice,4.0,9.6,14.7,4.09,3000.0,29.0,95.6,26.7,0.89,1585,137,1.61,20986,5,78320,273.2,5,5,5,5,5,Poor,True
Rice,9.0,30.7,81.4,5.64,1505.0,11.5,86.9,21.7,2.34,1173,120,6.56,45050,43,463320,928.5,100,100,100,100,5,Poor,True
Rice,2.0,7.6,91.2,6.22,473.0,181.0,88.1,46.5,1.43,1447,136,1.07,10293,22,62920,511.3,5,100,41,5,31,Poor,True
Rice,16.0,28.2,79.5,6.12,1619.0,96.4,33.0,56.9,4.54,1188,122,19.98,75152,97,1598080,2026.5,100,100,100,100,100,Good,True
Rice,16.0,25.2,54.4,6.7,1323.0,52.7,41.8,65.9,3.23,1328,120,14.01,73631,66,1136960,1444.1,100,100,60,100,48,Moderate,True
Rice,4.0,37.9,45.5,4.15,2081.0,34.6,45.0,35.0,1.38,1475,131,2.02,18741,16,121440,548.0,44,5,26,78,14,Poor,True
Rice,3.0,26.1,80.2,6.85,1565.0,85.3,49.6,90.7,4.6,1212,121,3.58,15283,99,303600,1886.5,100,100,100,100,100,Good,True
Rice,3.5,43.2,60.2,6.29,1080.0,109.8,64.9,90.6,2.14,1269,134,2.46,17718,44,164780,830.0,5,100,82,97,100,Poor,True
Rice,0.25,28.8,67.7,6.88,77.0,105.2,59.3,71.4,2.26,1239,122,0.19,1253,44,12430,892.0,100,100,100,5,100,Poor,True
Rice,9.0,42.6,12.5,4.8,132.0,5.3,56.8,77.1,0.99,1609,132,3.95,45303,11,196020,332.7,5,33,5,5,5,Poor,True
Rice,2.0,40.4,17.8,4.28,135.0,9.8,48.9,22.1,0.96,1567,134,0.83,9104,5,42240,364.0,21,5,5,5,5,Poor,True
Rice,10.0,24.9,64.9,7.64,2174.0,172.4,71.8,22.3,2.93,1172,118,8.63,48782,58,644600,1221.4,100,59,100,70,43,Moderate,True
Rice,5.0,24.1,68.8,5.69,1318.0,124.3,86.7,42.5,4.57,1184,122,6.11,24681,99,502700,1936.8,100,100,100,100,100,Good,True
Rice,4.0,31.5,80.3,5.9,1514.0,116.1,86.6,57.7,4.64,1242,124,4.63,20845,99,408320,1858.8,100,100,100,100,100,Good,True
Rice,16.0,31.8,54.5,5.36,2899.0,133.4,55.0,66.7,2.21,1329,120,11.99,78818,41,777920,887.0,100,87,60,13,95,Poor,True
Rice,2.25,25.7,39.2,5.93,1262.0,118.0,48.7,85.3,2.28,1574,121,1.63,11171,43,112860,910.3,100,100,5,100,100,Poor,True
Rice,10.0,43.9,78.7,6.33,1650.0,120.9,54.8,87.1,2.25,1210,134,7.16,49690,45,495000,896.2,5,100,100,100,100,Poor,True
Rice,1.5,26.9,76.7,6.83,1288.0,101.6,89.2,34.1,4.47,1184,121,1.8,7523,99,147510,1860.8,100,100,100,100,100,Good,True
Rice,6.25,28.6,70.7,6.34,1296.0,97.4,71.5,84.5,4.62,1204,117,7.61,33221,99,635250,1812.2,100,100,100,100,100,Good,True
Rice,9.0,12.3,31.7,8.41,308.0,8.2,46.3,37.5,0.88,1548,136,3.72,41344,7,174240,321.4,5,11,5,5,5,Poor,True
Rice,9.0,29.1,77.5,6.96,1491.0,96.8,66.9,20.1,4.54,1225,122,10.97,42631,99,898920,2008.6,100,100,100,100,100,Good,True
Rice,6.25,29.0,71.2,4.93,2350.0,147.0,94.3,36.1,2.97,1182,118,5.47,31420,60,408375,1199.7,100,46,100,56,77,Moderate,True
Rice,2.0,30.2,67.3,6.48,1339.0,117.4,39.1,77.4,4.32,1211,118,2.39,9542,99,190080,1892.0,100,100,100,100,100,Good,True
Rice,3.5,32.3,88.3,4.03,1119.0,116.8,84.2,87.7,2.15,1305,123,2.38,18017,36,165550,818.9,97,5,69,100,100,Poor,True
Rice,12.25,26.2,85.1,4.99,2369.0,175.3,90.2,96.8,2.83,1141,124,10.09,65522,51,762685,1064.0,100,52,99,55,39,Moderate,True
Rice,1.5,19.9,94.8,5.98,393.0,60.4,39.6,32.6,1.74,1510,126,0.87,7014,27,57420,718.6,72,100,7,5,63,Poor,True
Rice,9.0,22.2,59.1,6.58,2099.0,156.9,96.4,83.3,3.46,1312,119,9.02,48402,73,685080,1315.4,100,100,78,76,63,Moderate,True
Rice,12.25,14.6,95.8,4.16,3000.0,9.5,81.0,95.9,0.9,1563,133,4.85,65363,6,242550,271.1,5,5,5,5,5,Poor,True
Rice,7.5,14.5,17.1,8.36,139.0,17.1,52.4,70.9,0.91,1525,134,2.96,36912,5,150150,306.8,5,14,5,5,5,Poor,True
Rice,7.5,43.7,18.2,4.54,159.0,10.0,30.8,36.8,0.89,1512,133,3.01,33130,6,146850,343.3,5,8,5,5,5,Poor,True
Rice,5.0,22.7,79.6,6.34,1351.0,120.4,78.5,48.0,4.61,1189,120,5.98,25655,99,507100,1876.6,100,100,100,100,100,Good,True
Rice,0.25,25.5,81.2,5.87,1144.0,86.6,85.1,77.6,4.53,1209,117,0.31,1327,99,24915,1777.5,100,100,100,100,100,Good,True
Rice,0.25,41.9,97.4,8.51,123.0,10.7,35.2,87.7,0.87,1468,135,0.1,1182,5,4785,304.8,6,5,5,5,5,Poor,True
Rice,1.0,29.9,69.4,6.52,1662.0,108.1,50.6,45.5,4.57,1227,119,1.21,4619,99,100540,2076.7,100,100,100,100,100,Good,True
Rice,3.0,24.3,73.1,6.78,1659.0,93.4,96.6,25.9,4.43,1199,116,3.5,15298,99,292380,1811.2,100,100,100,100,100,Good,True
Rice,5.0,38.2,13.8,4.59,132.0,18.5,36.5,67.5,1.02,1496,128,2.24,23417,9,112200,379.1,41,13,5,5,5,Poor,True
Rice,2.0,41.3,14.8,4.02,191.0,7.5,92.3,32.6,0.92,1543,132,0.81,10481,6,40480,286.2,12,5,5,5,5,Poor,True
Rice,7.5,31.3,71.9,5.74,1494.0,127.2,37.1,36.4,4.52,1198,122,8.71,34099,99,745800,2087.2,100,100,100,100,100,Good,True
Rice,2.25,28.2,96.7,7.22,1190.0,82.4,76.2,43.8,2.26,1546,119,1.58,11333,43,111870,887.1,100,86,5,100,100,Poor,True
Rice,0.5,41.8,94.8,8.79,164.0,27.3,98.4,57.9,0.89,1512,133,0.2,2700,5,9790,262.6,7,5,7,5,5,Poor,True
Rice,2.25,42.8,64.7,5.23,1300.0,111.2,92.6,41.2,2.21,1256,136,1.55,11268,39,109395,870.8,5,74,99,100,100,Poor,True
Rice,3.0,30.7,44.9,5.86,1206.0,37.3,33.1,55.2,2.37,1513,120,2.14,13539,44,156420,1055.3,100,100,24,100,19,Poor,True
Rice,0.25,8.4,16.2,8.51,488.0,34.4,87.3,53.5,0.88,1599,136,0.1,1237,5,4840,291.3,5,5,5,5,13,Poor,True
Rice,16.0,42.7,94.2,4.06,291.0,9.2,83.0,33.8,0.89,1476,131,6.39,80515,8,313280,289.1,5,5,13,5,5,Poor,True
Rice,1.5,33.1,39.2,6.9,1690.0,135.2,33.0,26.3,2.29,1509,122,1.05,6926,42,75570,991.1,90,100,5,100,93,Poor,True
Rice,7.5,32.3,28.2,8.11,529.0,119.0,52.4,78.2,1.74,1501,117,4.31,37308,24,287100,669.5,97,30,5,10,100,Poor,True
Rice,5.0,26.1,75.7,6.83,847.0,116.2,86.5,27.0,3.48,1211,119,4.93,25539,78,382800,1398.9,100,100,100,60,100,Good,True
Rice,1.5,26.2,53.7,6.75,2803.0,115.5,68.9,64.2,2.52,1379,119,1.11,7531,47,83160,1004.2,100,100,57,21,100,Moderate,True
Rice,16.0,32.8,47.3,4.93,773.0,120.3,90.0,61.6,2.52,1447,125,12.56,83690,50,887040,959.9,93,46,33,48,100,Moderate,True
Rice,10.0,36.8,80.7,4.91,1336.0,103.3,94.2,21.0,3.0,1203,126,8.92,50228,61,660000,1214.0,54,44,100,100,100,Moderate,True
Rice,1.0,37.0,49.0,5.09,2732.0,137.3,79.0,67.0,2.27,1429,131,0.69,5180,39,49940,864.1,53,61,39,26,90,Poor,True
Rice,1.5,28.6,61.2,6.05,101.0,118.9,94.7,65.0,2.2,1248,118,1.02,7909,43,72600,817.9,100,100,86,5,100,Poor,True
Rice,2.0,33.9,59.1,6.8,1837.0,40.7,37.1,42.9,2.61,1263,124,1.61,9269,50,114840,1139.0,82,100,78,97,25,Moderate,True
Rice,10.0,29.5,81.1,7.21,1475.0,27.0,91.5,41.1,2.28,1183,119,7.04,52610,42,501600,853.4,100,87,100,100,5,Poor,True
Rice,10.0,20.4,49.3,6.75,2078.0,167.5,75.8,65.8,2.72,1372,121,8.25,50388,54,598400,1087.6,78,100,40,78,49,Moderate,True
Rice,2.25,33.1,85.0,6.97,67.0,100.1,73.3,74.5,2.22,1183,120,1.66,11767,42,109890,833.9,90,100,100,5,100,Poor,True
Rice,1.0,41.8,93.2,4.64,3000.0,14.8,64.4,75.7,0.98,1450,137,0.44,4960,9,21560,334.7,7,19,22,5,5,Poor,True
Rice,3.5,29.2,46.0,5.67,1079.0,77.6,36.9,89.5,2.78,1460,117,2.88,17208,57,214060,1144.0,100,100,28,97,95,Moderate,True
Rice,7.5,30.9,69.6,6.61,1317.0,122.9,39.4,97.9,4.43,1204,119,9.14,35971,99,730950,1932.1,100,100,100,100,100,Good,True
Rice,9.0,35.6,57.4,6.34,1837.0,139.5,61.0,86.1,3.52,1279,126,8.9,46294,77,696960,1405.5,66,100,71,97,87,Good,True
Rice,1.5,8.4,94.1,8.76,425.0,7.3,79.7,52.3,0.89,1548,133,0.61,7355,6,29370,299.3,5,5,14,5,5,Poor,True
Rice,4.0,20.5,80.5,5.69,2669.0,176.6,84.6,61.9,2.6,1226,124,3.15,20343,51,228800,1024.7,80,100,100,31,37,Moderate,True
Rice,1.0,23.1,85.8,6.57,631.0,42.9,69.8,33.9,2.49,1212,117,0.73,4877,48,54780,1023.2,100,100,93,26,30,Moderate,True
Rice,1.0,28.5,77.4,5.96,1160.0,84.5,91.3,36.1,4.52,1192,118,1.23,5163,99,99440,1826.0,100,100,100,100,100,Good,True
Rice,0.5,6.5,96.5,8.58,347.0,13.5,64.2,55.7,0.86,1553,138,0.2,2473,5,9460,282.5,5,5,5,5,5,Poor,True
Rice,6.25,27.2,83.2,6.71,1146.0,114.6,97.2,58.0,4.58,1202,118,7.47,33714,99,629750,1767.9,100,100,100,100,100,Good,True
Rice,10.0,41.7,96.4,4.02,440.0,14.4,58.7,21.6,0.88,1558,132,4.05,48284,5,193600,301.0,8,5,5,5,5,Poor,True
Rice,10.0,26.9,79.8,6.8,1538.0,113.5,84.6,81.4,4.53,1205,120,12.23,53702,99,996600,1755.8,100,100,100,100,100,Good,True
Rice,2.25,9.7,69.2,6.58,1241.0,89.6,72.1,20.7,2.33,1152,134,1.59,11181,45,115335,931.5,5,100,100,100,100,Poor,True
Rice,1.5,42.6,96.5,8.53,3000.0,28.7,87.7,51.8,0.9,1575,136,0.58,7710,5,29700,285.2,5,5,5,5,5,Poor,True
Rice,3.5,9.1,56.0,7.31,2546.0,74.8,75.3,68.7,1.83,1309,136,2.14,18704,32,140910,653.4,5,80,66,41,90,Poor,True
Rice,1.5,23.3,72.3,8.74,1667.0,86.0,99.2,71.2,2.33,1201,116,1.11,8395,44,76890,815.9,100,5,100,100,100,Poor,True
Rice,4.0,41.5,17.3,8.78,357.0,27.9,99.8,40.8,0.9,1532,134,1.62,20298,6,79200,290.2,10,5,5,5,5,Poor,True
Rice,2.25,21.7,44.9,4.18,2153.0,114.4,43.3,78.1,1.87,1445,121,1.4,10631,32,92565,770.7,97,5,24,72,100,Poor,True
Rice,12.25,37.8,84.8,7.69,764.0,168.1,45.6,62.8,2.65,1201,127,9.75,59539,52,714175,1099.5,45,56,100,47,48,Moderate,True
Rice,7.5,36.8,87.8,7.65,853.0,182.1,84.9,92.5,2.29,1280,126,5.15,40482,42,377850,833.4,54,59,73,61,29,Poor,True
Rice,7.5,29.0,68.3,6.63,1778.0,119.0,77.0,60.6,4.51,1222,121,8.99,37800,99,744150,1868.7,100,100,100,100,100,Good,True
Rice,12.25,30.1,82.1,6.87,1286.0,125.2,89.2,87.3,4.55,1190,123,14.47,64811,97,1226225,1792.0,100,100,100,100,100,Good,True
Rice,2.25,24.9,78.0,5.15,712.0,107.2,91.4,34.5,3.02,1205,119,2.0,11437,60,149490,1207.1,100,67,100,39,100,Moderate,True
Rice,0.25,9.7,61.6,5.5,1548.0,84.5,96.3,92.0,2.41,1249,134,0.18,1382,42,13255,859.1,5,100,87,100,100,Poor,True
Rice,16.0,42.4,79.3,6.43,1767.0,115.7,59.4,90.9,2.33,1212,136,11.33,79023,43,820160,937.9,5,100,100,100,100,Poor,True
Rice,0.25,31.1,81.7,5.95,1653.0,81.6,56.0,66.8,4.5,1176,117,0.3,1227,99,24750,1917.1,100,100,100,100,100,Good,True
Rice,0.25,36.2,56.0,6.84,1526.0,71.2,62.5,29.4,3.42,1292,127,0.24,1184,72,18810,1488.7,60,100,66,100,83,Moderate,True
Rice,16.0,37.4,16.3,4.46,143.0,12.1,43.6,29.6,1.03,1504,126,7.09,77366,10,362560,368.6,49,5,5,5,5,Poor,True
Rice,16.0,31.6,70.5,6.09,288.0,78.6,39.6,36.0,2.38,1207,123,11.56,73340,44,837760,1042.3,100,100,100,5,97,Poor,True
Rice,0.25,21.4,61.2,8.53,1427.0,63.3,80.1,82.3,2.12,1241,125,0.17,1315,37,11660,786.7,91,5,86,100,68,Poor,True
Rice,0.25,10.4,93.3,4.19,322.0,9.5,60.4,54.4,0.93,1455,134,0.1,1278,6,5115,300.2,5,5,21,5,5,Poor,True
Rice,3.5,28.0,67.4,5.62,1469.0,100.1,60.0,58.2,4.43,1170,120,4.2,17367,99,341110,1864.1,100,100,100,100,100,Good,True
Rice,0.5,42.4,86.8,5.25,1329.0,120.5,96.5,91.4,2.22,1283,135,0.34,2781,42,24420,778.1,5,76,82,100,100,Poor,True
Rice,0.25,12.8,30.9,8.83,3000.0,10.8,87.7,43.9,0.83,1504,132,0.1,1252,7,4565,264.6,5,5,5,5,5,Poor,True
Rice,5.0,25.5,68.2,5.88,2182.0,169.6,50.4,78.2,3.09,1207,118,4.4,24578,64,339900,1282.9,100,100,100,70,46,Moderate,True
Rice,7.5,27.9,61.8,5.22,1312.0,139.6,71.7,47.0,3.7,1209,120,7.82,37617,83,610500,1522.9,100,74,88,100,87,Good,True
Rice,9.0,22.4,83.2,6.66,1415.0,117.7,92.2,99.6,4.54,1208,119,10.83,48897,99,898920,1738.4,100,100,100,100,100,Good,True
Rice,5.0,30.7,83.5,8.1,1998.0,100.7,54.0,92.1,2.8,1146,119,4.17,25563,56,308000,1104.9,100,31,100,84,100,Moderate,True
Rice,16.0,32.2,85.0,8.58,1609.0,90.4,31.3,37.9,2.25,1202,120,11.7,73652,41,792000,975.3,98,5,100,100,100,Poor,True
Rice,3.5,30.7,73.9,6.01,1197.0,102.0,98.9,36.9,4.27,1181,123,4.21,18394,99,328790,1687.5,100,100,100,100,100,Good,True
Rice,7.5,5.9,55.4,4.62,2162.0,158.4,56.3,71.2,1.62,1317,132,4.27,36233,25,267300,637.7,5,16,64,71,61,Poor,True
Rice,0.25,42.4,16.2,4.48,57.0,6.6,88.5,23.9,0.88,1581,134,0.1,1263,5,4840,283.2,5,5,5,5,5,Poor,True
Rice,1.5,36.6,70.1,5.49,1116.0,114.1,38.1,55.5,3.36,1239,127,1.45,7221,74,110880,1435.5,57,100,100,100,100,Moderate,True
Rice,5.0,10.5,81.9,5.95,1540.0,111.0,44.4,74.9,2.42,1192,133,3.58,24132,44,266200,1003.1,5,100,100,100,100,Poor,True
Rice,6.25,28.3,47.6,5.53,2502.0,164.6,30.7,53.7,2.62,1426,123,4.72,28810,49,360250,1150.4,100,100,34,44,53,Moderate,True
Rice,1.5,37.7,15.2,4.5,155.0,11.3,92.9,60.9,1.03,1595,126,0.68,7802,9,33990,335.7,46,5,5,5,5,Poor,True
Rice,9.0,11.6,96.0,8.88,375.0,24.2,93.7,75.1,0.84,1581,134,3.62,47787,5,166320,248.0,5,5,5,5,5,Poor,True
Rice,3.0,10.3,97.5,4.1,3000.0,27.6,62.0,98.2,0.88,1563,129,1.22,15242,5,58080,281.1,5,5,5,5,5,Poor,True
Rice,16.0,22.7,86.1,6.46,2050.0,150.1,48.5,24.0,3.86,1267,122,15.79,74244,79,1358720,1730.1,100,100,90,80,73,Good,True
Rice,16.0,42.7,96.4,4.52,84.0,16.5,92.6,96.4,0.86,1555,133,6.52,87439,5,302720,246.2,5,7,5,5,5,Poor,True
Rice,0.5,38.9,17.3,4.3,101.0,6.7,58.0,56.5,0.97,1566,128,0.21,2427,10,10670,339.6,35,5,5,5,5,Poor,True
Rice,0.5,32.7,69.6,6.61,3096.0,113.7,75.4,83.8,2.24,1177,120,0.36,2647,41,24640,830.9,94,100,100,5,100,Poor,True
Rice,6.25,28.4,66.0,6.89,1773.0,89.5,37.9,75.7,4.44,1179,122,7.34,30933,99,610500,1873.6,100,100,100,100,100,Good,True
Rice,4.0,36.9,78.3,6.46,1987.0,88.8,34.1,95.4,3.36,1187,127,3.8,19300,70,295680,1432.0,53,100,100,85,100,Moderate,True
Rice,16.0,25.6,69.3,6.63,1548.0,86.0,41.2,53.3,4.68,1204,122,19.4,76484,99,1647360,2053.9,100,100,100,100,100,Good,True
Rice,7.5,42.6,94.9,4.43,3000.0,20.4,34.4,72.4,0.87,1528,134,3.1,36087,8,143550,297.8,5,5,6,5,5,Poor,True
Rice,0.25,32.1,47.4,7.22,2522.0,102.3,30.9,89.5,2.65,1442,121,0.2,1219,53,14575,1095.7,99,86,33,43,100,Moderate,True
Rice,2.0,22.5,83.8,6.29,1530.0,104.1,66.7,79.5,4.52,1180,122,2.44,10102,99,198880,1868.7,100,100,100,100,100,Good,True
Rice,5.0,41.4,26.5,8.74,3000.0,10.2,87.9,91.4,0.87,1579,133,2.02,27072,6,95700,253.5,10,5,5,5,5,Poor,True
Rice,9.0,29.5,11.0,8.67,1566.0,93.9,64.7,33.2,1.99,1528,120,5.78,43328,35,394020,809.4,100,5,5,100,100,Poor,True
Rice,1.5,18.3,50.0,5.95,1605.0,81.9,82.6,45.7,2.96,1418,126,1.31,7492,61,97680,1203.8,50,100,43,100,100,Moderate,True
Rice,1.0,33.0,60.2,4.49,1772.0,79.8,68.5,50.3,2.2,1268,123,0.68,4988,39,48400,870.3,90,5,82,100,100,Poor,True
Rice,3.5,25.2,83.6,6.7,1788.0,149.0,87.2,26.3,3.81,1180,121,3.67,16914,85,293370,1634.5,100,100,100,100,74,Good,True
Rice,1.5,10.0,36.0,4.69,123.0,33.9,85.4,97.1,0.98,1557,132,0.63,7883,6,32340,310.2,5,23,5,5,12,Poor,True
Rice,0.25,29.4,88.8,8.78,1498.0,71.0,96.5,49.1,2.12,1332,121,0.17,1322,36,11660,782.0,100,5,64,100,83,Poor,True
Rice,9.0,41.4,96.8,8.52,128.0,5.1,54.9,70.7,0.92,1517,131,3.74,44009,6,182160,313.9,10,5,5,5,5,Poor,True
Rice,1.0,37.6,73.2,5.82,2068.0,83.0,86.0,63.8,3.15,1200,130,0.9,5379,64,69300,1188.3,47,100,100,79,100,Moderate,True
Rice,9.0,26.3,78.0,6.59,1101.0,126.8,56.2,28.5,4.46,1183,119,10.87,42322,99,883080,1986.6,100,100,100,100,100,Good,True
Rice,10.0,31.8,97.5,6.07,1542.0,103.7,37.5,68.9,2.22,1597,122,7.13,47901,42,488400,919.6,100,100,5,100,100,Poor,True
Rice,12.25,26.0,63.7,7.23,1639.0,168.5,43.1,94.4,3.22,1196,120,11.19,58999,67,867790,1370.9,100,86,95,100,48,Moderate,True
Rice,1.5,27.3,78.2,5.81,1734.0,121.9,57.5,56.6,4.28,1219,118,1.81,7238,99,141240,1851.4,100,100,100,100,100,Good,True
Rice,9.0,31.7,95.3,5.45,1061.0,91.2,33.3,70.7,2.32,1541,117,6.18,41301,43,459360,1012.2,100,95,5,94,100,Poor,True
Rice,9.0,41.2,24.8,4.67,3000.0,37.4,84.7,92.8,1.01,1484,136,3.81,47610,10,199980,320.0,12,22,5,5,19,Poor,True
Rice,0.5,25.5,46.4,7.59,674.0,181.0,78.4,33.9,2.21,1515,121,0.36,2437,42,24310,897.5,100,63,29,32,31,Poor,True
Rice,1.5,33.7,50.0,6.54,1898.0,114.1,87.1,28.3,3.06,1404,124,1.37,7619,66,100980,1225.4,84,100,43,92,100,Moderate,True
Rice,6.25,41.6,16.1,4.26,182.0,11.3,72.6,75.4,0.87,1556,135,2.45,32075,5,119625,273.0,9,5,5,5,5,Poor,True
Rice,1.5,24.8,79.6,7.33,1701.0,46.7,47.4,51.8,2.9,1214,122,1.28,7410,58,95700,1191.5,100,79,100,100,37,Moderate,True
Rice,3.0,24.4,78.6,5.68,1180.0,100.5,54.0,43.5,4.62,1185,121,3.64,14607,99,304920,1987.5,100,100,100,100,100,Good,True
Rice,9.0,37.2,22.4,7.01,2671.0,102.5,89.0,63.8,1.86,1532,126,5.6,46599,30,368280,690.3,51,99,5,31,100,Poor,True
Rice,2.25,17.6,76.3,6.77,730.0,41.9,80.0,74.9,2.37,1208,127,1.66,11750,43,117315,898.4,40,100,100,41,28,Poor,True
Rice,9.0,21.6,49.4,7.12,2405.0,164.0,94.5,30.6,2.76,1432,121,7.27,46092,56,546480,1085.6,95,92,41,52,54,Moderate,True
Rice,2.0,31.1,75.3,5.73,1745.0,117.9,79.7,98.0,4.58,1186,119,2.35,10780,99,201520,1769.4,100,100,100,100,100,Good,True
Rice,1.5,24.8,82.1,5.85,2117.0,60.5,42.4,63.4,3.6,1227,124,1.49,7245,76,118800,1539.8,100,100,100,75,63,Good,True
Rice,1.0,37.1,50.5,7.2,2181.0,54.4,74.6,76.8,2.71,1435,126,0.82,5053,54,59620,1079.9,52,87,45,70,51,Moderate,True
Rice,6.25,28.7,81.9,6.1,1465.0,100.1,83.3,65.0,4.59,1223,118,7.4,31945,99,631125,1875.7,100,100,100,100,100,Good,True
Rice,16.0,41.1,19.4,4.57,151.0,18.4,67.4,90.2,0.9,1579,132,6.65,80005,6,316800,296.0,14,11,5,5,5,Poor,True
Rice,2.25,28.1,72.6,6.69,1712.0,122.6,59.6,21.0,4.43,1203,122,2.7,10555,99,219285,1977.5,100,100,100,100,100,Good,True
Rice,5.0,29.1,74.0,5.65,1595.0,81.6,37.5,50.5,4.49,1201,120,5.95,24008,99,493900,1957.2,100,100,100,100,100,Good,True
Rice,2.25,28.4,71.6,6.79,1186.0,101.7,33.7,24.5,4.56,1216,119,2.66,10021,99,225720,2152.5,100,100,100,100,100,Good,True
Rice,6.25,33.4,75.5,7.57,1175.0,131.4,48.7,82.8,3.49,1152,122,6.24,30622,79,479875,1467.1,87,64,100,100,98,Good,True
Rice,1.5,43.9,16.8,4.12,59.0,16.8,44.3,63.3,0.89,1576,133,0.59,7102,5,29370,313.5,5,5,5,5,5,Poor,True
Rice,9.0,30.3,88.0,6.6,2682.0,52.5,55.1,56.2,2.58,1334,121,6.84,44294,48,510840,1053.3,100,100,72,30,48,Moderate,True
Rice,5.0,28.3,78.7,5.69,1651.0,80.9,73.1,74.0,4.31,1179,122,6.04,26297,99,474100,1702.9,100,100,100,100,100,Good,True
Rice,16.0,31.2,51.1,7.0,1252.0,40.0,69.3,37.9,2.54,1405,122,12.35,79318,50,894080,1027.2,100,100,47,100,24,Moderate,True
Rice,16.0,25.1,77.3,6.54,1383.0,123.8,75.3,51.1,4.34,1201,119,18.96,81328,98,1527680,1778.4,100,100,100,100,100,Good,True
Rice,6.25,25.4,81.7,7.48,2110.0,9.4,56.7,53.3,2.06,1231,120,4.17,30812,36,283250,819.3,100,70,100,75,5,Poor,True
Rice,5.0,42.5,16.9,4.77,58.0,16.2,44.2,89.5,0.97,1519,139,2.2,24635,6,106700,333.1,5,31,5,5,5,Poor,True
Rice,0.25,25.6,48.2,7.09,1603.0,69.2,90.2,55.4,2.97,1375,120,0.21,1326,60,16335,1131.9,100,94,36,100,80,Moderate,True
Rice,3.5,23.3,66.1,6.8,1306.0,80.1,45.8,70.7,4.44,1200,120,4.15,16636,98,341880,1955.1,100,100,100,100,100,Good,True
Rice,7.5,36.3,63.0,5.97,1077.0,96.7,79.7,49.4,3.59,1243,123,7.47,38011,72,592350,1458.4,59,100,92,96,100,Moderate,True
Rice,9.0,34.2,64.7,7.93,1675.0,171.2,71.2,79.1,2.81,1212,122,7.46,45669,59,556380,1118.3,79,41,99,100,44,Moderate,True
Rice,12.25,29.6,61.5,5.3,1955.0,118.8,43.8,78.0,3.95,1258,122,13.31,58634,84,1064525,1715.5,100,81,87,88,100,Good,True
Rice,6.25,12.7,50.4,8.92,316.0,192.5,81.5,29.5,1.08,1453,133,2.85,30546,11,148500,386.2,5,5,44,5,15,Poor,True
Rice,1.0,6.6,35.1,5.32,567.0,169.2,30.4,57.3,1.33,1529,135,0.51,4666,21,29260,527.1,5,83,5,16,47,Poor,True
Rice,16.0,27.0,74.5,6.85,1124.0,96.0,95.6,23.2,4.65,1232,120,18.77,81720,99,1636800,1902.9,100,100,100,100,100,Good,True
Rice,9.0,30.4,75.3,8.89,1368.0,71.9,64.3,65.8,2.24,1227,121,6.33,45081,43,443520,883.8,100,5,100,100,85,Poor,True
Rice,9.0,39.5,17.8,4.25,83.0,7.8,34.8,60.4,0.92,1538,130,3.89,42402,5,182160,329.6,29,5,5,5,5,Poor,True
Rice,5.0,29.0,60.9,6.94,3081.0,88.1,45.5,37.1,2.22,1244,118,3.56,22219,42,244200,999.1,100,100,84,5,100,Poor,True
Rice,5.0,18.3,42.5,5.09,2283.0,106.1,99.8,85.9,2.09,1487,127,3.34,26144,36,229900,779.4,49,61,14,62,100,Poor,True
Rice,2.0,30.3,67.5,6.85,1705.0,103.2,98.7,20.7,4.56,1193,122,2.39,10556,99,200640,1800.7,100,100,100,100,100,Good,True
Rice,3.5,25.4,77.2,6.36,1215.0,86.2,76.8,55.7,4.56,1197,118,4.33,17774,99,351120,1875.5,100,100,100,100,100,Good,True
Rice,16.0,23.9,68.8,5.07,965.0,161.9,93.3,69.1,3.24,1225,115,14.77,87542,67,1140480,1202.8,100,59,100,79,57,Moderate,True
Rice,7.5,41.3,19.6,4.55,98.0,18.7,96.1,50.9,0.89,1602,132,3.13,41154,6,146850,256.8,11,9,5,5,5,Poor,True
Rice,0.5,21.6,55.8,6.74,1574.0,117.2,67.8,42.6,3.71,1315,122,0.51,2467,77,40810,1554.2,94,100,65,100,100,Good,True
Rice,16.0,27.9,87.1,7.35,2830.0,151.9,93.8,85.8,2.26,1294,119,11.32,84470,45,795520,841.8,100,78,80,18,70,Poor,True
Rice,3.0,27.5,73.6,8.75,1053.0,86.9,33.1,91.9,2.18,1209,120,2.12,13922,43,143880,933.5,100,5,100,93,100,Poor,True
Rice,7.5,12.7,56.3,8.74,585.0,191.3,67.7,20.6,1.19,1333,132,3.53,34549,15,196350,468.3,5,5,67,19,17,Poor,True
Rice,7.5,22.1,67.6,5.96,1182.0,129.3,34.6,73.6,4.43,1209,118,8.93,35711,99,730950,1946.8,100,100,100,100,100,Good,True
Rice,6.25,42.7,94.0,4.45,90.0,8.1,33.8,83.5,0.9,1511,132,2.59,29108,6,123750,325.1,5,5,14,5,5,Poor,True
Rice,0.25,32.0,63.5,6.85,1589.0,6.8,87.5,92.9,2.27,1189,123,0.18,1350,45,12485,824.8,100,100,94,100,5,Poor,True
Rice,3.0,41.9,24.1,4.37,398.0,17.5,65.2,43.2,0.87,1556,134,1.2,14554,7,57420,294.5,6,5,5,5,5,Poor,True
Rice,12.25,18.3,55.5,5.8,1620.0,65.7,78.0,68.5,3.14,1337,126,11.04,63338,65,846230,1236.1,50,100,64,100,73,Moderate,True
Rice,2.25,20.3,64.0,5.91,682.0,60.5,49.7,94.1,2.74,1190,121,1.79,11220,54,135630,1108.8,77,100,96,34,63,Moderate,True
Rice,0.25,26.9,59.3,5.8,2836.0,63.0,56.7,85.8,2.45,1256,119,0.19,1283,46,13475,950.3,100,100,78,18,68,Moderate,True
Rice,5.0,23.5,73.3,6.23,1284.0,97.8,32.2,32.5,4.5,1215,122,6.0,22278,98,495000,2121.9,100,100,100,100,100,Good,True
Rice,3.5,34.4,75.2,6.93,2692.0,42.7,45.4,79.7,2.59,1153,124,2.73,17117,49,199430,1065.1,77,100,100,29,29,Moderate,True
Rice,3.5,42.6,18.5,4.24,145.0,9.5,92.1,97.2,0.84,1558,135,1.39,18936,6,64680,241.6,5,5,5,5,5,Poor,True
Rice,12.25,32.3,48.9,6.8,2376.0,164.2,90.7,71.8,2.78,1504,119,9.61,64358,54,749210,1064.1,97,100,39,54,54,Moderate,True
Rice,16.0,21.7,54.5,5.8,2898.0,80.2,97.0,20.9,2.39,1317,119,11.48,80350,41,841280,947.0,96,100,60,13,100,Poor,True
Rice,1.5,26.6,74.4,6.81,1634.0,105.7,91.2,31.3,4.58,1200,120,1.81,7721,99,151140,1857.5,100,100,100,100,100,Good,True
Rice,6.25,6.7,61.5,5.97,1688.0,17.0,44.7,79.3,1.9,1288,134,3.95,30605,31,261250,753.6,5,100,87,100,5,Poor,True
Rice,4.0,32.4,56.7,6.95,2618.0,102.7,80.8,36.9,2.86,1313,118,3.27,20419,57,251680,1132.6,96,100,69,35,100,Moderate,True
Rice,7.5,27.0,66.1,5.67,2658.0,121.4,93.4,88.1,2.98,1224,120,6.27,39275,59,491700,1151.9,100,100,100,32,100,Moderate,True
Rice,16.0,23.6,69.1,6.34,1612.0,53.7,40.0,34.7,3.29,1191,118,15.3,71964,71,1158080,1509.2,100,100,100,100,50,Moderate,True
Rice,0.5,28.1,84.6,6.16,2793.0,112.8,73.2,40.2,2.72,1202,117,0.4,2490,51,29920,1101.6,100,100,100,21,100,Moderate,True
Rice,3.0,21.0,76.5,6.61,931.0,41.4,38.0,73.7,2.64,1161,124,2.31,14626,53,174240,1091.3,87,100,100,73,27,Moderate,True
Rice,2.25,30.7,68.5,4.98,2419.0,41.8,69.7,24.4,2.43,1196,121,1.62,10826,46,120285,1011.1,100,50,100,51,27,Moderate,True
Rice,2.25,23.0,57.3,6.51,2311.0,115.5,82.6,99.2,3.47,1289,122,2.15,12480,72,171765,1276.3,100,100,71,60,100,Moderate,True
Rice,5.0,40.8,16.4,4.06,151.0,8.8,43.8,66.4,0.92,1559,134,2.1,24549,6,101200,312.2,16,5,5,5,5,Poor,True
Rice,10.0,43.7,13.6,4.54,85.0,9.3,34.9,35.5,0.87,1523,131,3.98,45345,8,191400,322.1,5,9,5,5,5,Poor,True
Rice,3.5,40.4,13.3,4.53,154.0,7.3,69.7,84.6,0.94,1537,128,1.43,17993,7,72380,302.3,20,8,5,5,5,Poor,True
Rice,9.0,28.4,72.6,6.11,126.0,106.2,79.9,71.3,2.26,1206,118,6.41,45992,43,447480,873.0,100,100,100,5,100,Poor,True
Rice,10.0,38.9,13.6,4.54,100.0,12.2,61.2,82.0,0.97,1586,128,4.43,50058,7,213400,326.3,34,9,5,5,5,Poor,True
Rice,10.0,10.4,35.6,4.62,386.0,33.4,70.5,81.5,0.95,1555,133,4.14,51776,7,209000,303.7,5,17,5,5,12,Poor,True
Rice,10.0,32.7,96.7,6.23,1080.0,107.5,75.8,31.9,2.24,1532,120,7.03,50813,44,492800,869.8,93,100,5,97,100,Poor,True
Rice,10.0,39.7,18.9,4.47,179.0,7.0,65.1,27.2,0.97,1508,136,4.35,48325,5,213400,341.6,26,5,5,5,5,Poor,True
Rice,2.0,25.4,84.3,6.26,1539.0,97.8,55.5,20.8,4.17,1211,119,2.3,9407,99,183480,1850.5,100,100,100,100,100,Good,True
Rice,3.0,14.6,96.8,8.91,2084.0,151.4,39.8,32.7,1.42,1587,133,1.54,13497,20,93720,594.4,5,5,5,78,71,Poor,True
Rice,6.25,28.2,70.9,5.63,1632.0,95.7,69.6,65.3,4.36,1165,122,7.46,30966,99,599500,1836.0,100,100,100,100,100,Good,True
Rice,16.0,26.2,57.3,6.0,1545.0,148.1,91.1,31.7,3.78,1306,119,16.76,81960,80,1330560,1523.4,100,100,71,100,75,Good,True
Rice,0.25,24.3,70.1,4.93,790.0,58.9,81.2,95.1,2.91,1201,119,0.21,1329,56,16005,1104.3,100,46,100,51,60,Moderate,True
Rice,3.5,20.6,55.2,5.11,1921.0,133.3,32.8,80.9,3.46,1342,125,3.44,16088,71,266420,1556.0,81,63,63,90,96,Moderate,True
Rice,9.0,8.1,94.0,4.27,97.0,29.6,66.5,86.4,0.93,1501,133,3.7,46956,7,184140,292.2,5,5,14,5,5,Poor,True
Rice,6.25,25.3,72.5,5.82,1510.0,102.1,88.4,41.1,4.5,1214,122,7.64,32725,99,618750,1790.8,100,100,100,100,100,Good,True
Rice,12.25,21.9,63.0,5.46,2552.0,84.7,68.1,33.9,3.09,1178,121,10.79,58835,67,832755,1315.4,98,96,92,40,100,Moderate,True
Rice,1.5,11.9,26.5,8.51,284.0,22.6,39.7,33.2,0.89,1584,137,0.61,6935,7,29370,323.5,5,5,5,5,5,Poor,True
Rice,0.5,22.3,81.1,5.53,1681.0,87.2,35.4,71.5,4.51,1187,121,0.6,2388,99,49610,1977.5,100,100,100,100,100,Good,True
Rice,4.0,38.5,11.9,4.29,158.0,6.8,46.1,84.9,1.0,1506,129,1.67,19511,7,88000,351.0,38,5,5,5,5,Poor,True
Rice,0.5,24.1,68.0,6.7,1144.0,114.3,80.4,58.5,4.62,1223,119,0.59,2530,99,50820,1908.7,100,100,100,100,100,Good,True
Rice,2.0,24.2,29.0,4.81,2517.0,4.5,33.0,65.9,1.5,1567,119,1.08,9409,19,66000,601.5,100,34,5,43,5,Poor,True
Rice,2.0,38.1,16.3,4.03,136.0,5.8,48.1,34.4,1.01,1522,126,0.86,9521,8,44440,366.8,42,5,5,5,5,Poor,True
Rice,6.25,18.2,69.9,7.02,1961.0,150.4,97.1,67.9,3.13,1206,126,5.63,33226,65,430375,1195.3,49,99,100,87,72,Moderate,True
Rice,1.5,28.9,77.9,6.53,1361.0,93.1,69.5,21.5,4.57,1253,118,1.85,7143,99,150810,2011.3,100,100,100,100,100,Good,True
Rice,1.0,33.8,69.6,5.42,349.0,89.8,99.5,89.4,2.24,1181,121,0.7,5234,42,49280,841.5,83,92,100,5,100,Poor,True
Rice,16.0,31.5,80.8,6.06,1494.0,82.4,41.9,86.4,4.57,1232,124,18.76,77837,99,1608640,1966.7,100,100,100,100,100,Good,True
Rice,2.0,24.0,71.0,5.38,1092.0,8.6,70.8,81.4,2.21,1199,122,1.43,9903,43,97240,881.9,100,88,100,99,5,Poor,True
Rice,4.0,31.3,71.0,5.46,1083.0,21.5,48.5,77.9,2.31,1200,119,2.94,18940,40,203280,973.3,100,96,100,97,5,Poor,True
Rice,2.25,9.1,18.4,8.61,427.0,21.7,73.0,23.1,0.86,1533,130,0.9,10922,5,42570,289.8,5,5,5,5,5,Poor,True
Rice,10.0,38.8,85.9,5.88,857.0,166.0,84.9,60.3,2.67,1205,131,8.03,51964,51,587400,1030.4,35,100,92,61,51,Moderate,True
Rice,3.5,7.1,37.3,8.76,299.0,29.4,60.0,95.1,0.87,1491,133,1.39,17896,5,66990,274.3,5,5,5,5,5,Poor,True
Rice,4.0,40.4,17.7,4.28,171.0,18.6,88.6,66.1,0.93,1551,130,1.68,21322,5,81840,283.8,20,5,5,5,5,Poor,True
Rice,7.5,9.8,93.4,4.18,323.0,18.1,44.4,84.3,0.91,1476,130,3.18,36261,7,150150,314.1,5,5,20,5,5,Poor,True
Rice,5.0,41.2,94.3,8.67,3000.0,11.3,69.1,58.7,0.94,1505,132,2.08,24693,7,103400,318.7,12,5,12,5,5,Poor,True
Rice,3.5,32.2,68.7,8.89,1799.0,96.5,81.5,88.4,2.38,1228,119,2.5,18235,43,183260,905.0,98,5,100,100,100,Poor,True
Rice,0.25,42.5,33.9,8.54,416.0,10.6,97.5,20.4,0.86,1570,132,0.1,1297,5,4730,264.7,5,5,5,5,5,Poor,True
Rice,16.0,28.0,71.9,8.06,2757.0,169.3,36.4,31.6,2.3,1218,121,11.58,73145,44,809600,1006.8,100,33,100,24,47,Poor,True
Rice,5.0,29.6,88.2,5.72,1478.0,15.9,34.5,37.7,2.15,1343,121,3.58,22904,41,236500,932.6,100,100,70,100,5,Poor,True
Rice,6.25,43.4,66.0,7.22,1459.0,121.4,73.0,61.7,2.19,1161,130,4.61,33038,40,301125,811.5,5,86,100,100,100,Poor,True
Rice,7.5,31.5,79.2,5.85,1575.0,6.4,84.2,34.0,2.27,1177,120,5.39,38272,42,374550,878.7,100,100,100,100,5,Poor,True
Rice,0.25,24.8,11.0,8.25,2799.0,103.6,43.6,82.7,1.72,1525,119,0.14,1201,28,9460,687.7,100,21,5,21,100,Poor,True
Rice,2.0,29.7,77.4,6.4,1482.0,109.5,65.7,75.9,4.46,1189,124,2.39,10408,99,196240,1785.5,100,100,100,100,100,Good,True
Rice,12.25,29.6,70.7,5.8,2000.0,195.1,36.1,42.1,2.43,1206,119,9.1,56945,46,654885,1050.0,100,100,100,84,12,Moderate,True
Rice,0.25,36.4,51.4,7.7,1778.0,100.7,58.0,73.6,3.02,1380,127,0.22,1209,59,16610,1273.9,58,56,48,100,100,Moderate,True
Rice,0.25,26.0,65.5,5.99,1476.0,125.5,58.4,36.0,4.52,1159,120,0.31,1198,99,24860,1975.1,100,100,100,100,100,Good,True
Rice,7.5,20.5,50.2,7.32,1114.0,48.4,31.1,76.3,2.73,1360,125,6.09,34870,55,450450,1191.8,80,79,44,100,40,Moderate,True
Rice,0.5,42.1,21.7,8.42,3000.0,22.7,69.1,60.3,0.91,1569,134,0.19,2484,7,10010,303.0,5,10,5,5,5,Poor,True
Rice,2.0,31.7,72.1,8.9,1751.0,85.1,91.3,85.1,2.35,1179,118,1.43,11048,44,103400,835.9,100,5,100,100,100,Poor,True
Rice,5.0,31.4,61.3,5.82,1274.0,11.3,61.0,50.2,2.22,1302,121,3.65,24143,40,244200,911.5,100,100,86,100,5,Poor,True
Rice,4.0,24.3,31.9,5.7,2349.0,136.3,92.8,89.0,2.06,1582,120,2.73,22029,39,181280,722.9,100,100,5,57,91,Poor,True
Rice,1.5,40.4,12.6,4.31,168.0,8.3,79.1,84.0,0.9,1633,133,0.65,8083,6,29700,267.4,20,5,5,5,5,Poor,True
Rice,12.25,9.7,94.3,8.7,3000.0,16.0,45.3,65.9,0.89,1492,134,4.91,57720,6,239855,315.5,5,5,11,5,5,Poor,True
Rice,3.5,7.6,26.0,4.61,3000.0,10.5,37.5,93.6,0.9,1519,135,1.4,16832,5,69300,311.7,5,16,5,5,5,Poor,True
Rice,2.25,12.1,33.4,8.52,3000.0,22.2,98.9,93.3,0.88,1537,139,0.88,12141,5,43560,258.8,5,5,5,5,5,Poor,True
Rice,6.25,39.0,12.2,4.46,58.0,17.0,63.5,63.3,0.95,1519,131,2.72,30862,11,130625,323.3,34,5,5,5,5,Poor,True
Rice,12.25,37.0,68.8,5.34,1449.0,148.3,65.2,51.5,3.27,1175,129,11.49,61099,65,881265,1342.4,52,85,100,100,75,Moderate,True
Rice,4.0,12.2,31.6,4.01,3000.0,11.6,48.4,41.6,0.88,1571,134,1.6,18675,6,77440,314.7,5,5,5,5,5,Poor,True
Rice,12.25,43.7,13.4,4.15,114.0,11.3,82.7,49.2,0.88,1623,134,4.98,61631,5,237160,284.8,5,5,5,5,5,Poor,True
Rice,5.0,31.6,72.6,5.61,176.0,105.4,98.5,74.9,2.38,1209,122,3.56,27235,43,261800,861.3,100,100,100,5,100,Poor,True
Rice,12.25,29.8,74.9,6.35,1558.0,126.1,87.0,77.7,4.57,1213,122,14.54,64513,99,1231615,1809.1,100,100,100,100,100,Good,True
Rice,10.0,37.2,60.0,8.28,669.0,160.0,81.7,57.8,1.99,1268,127,6.37,51407,32,437800,751.6,51,19,81,32,59,Poor,True
Rice,5.0,30.4,65.2,5.97,1109.0,84.8,30.7,53.7,4.48,1181,120,5.97,23214,99,492800,2022.9,100,100,100,100,100,Good,True
Rice,0.25,26.7,66.4,6.4,1285.0,106.4,39.4,91.5,4.57,1253,122,0.3,1221,99,25135,1958.6,100,100,100,100,100,Good,True
Rice,2.0,30.2,58.1,5.58,1511.0,50.2,90.1,23.8,3.16,1293,120,1.78,10244,66,139040,1257.3,100,100,74,100,43,Moderate,True
Rice,4.0,24.2,58.7,7.22,1129.0,40.1,36.9,33.1,2.57,1279,119,3.12,17518,52,226160,1191.0,100,86,76,100,24,Moderate,True
Rice,12.25,27.9,34.4,5.52,1684.0,132.1,61.5,46.8,2.29,1523,120,8.98,60587,40,617155,918.6,100,100,5,100,97,Poor,True
Rice,6.25,42.1,95.1,4.61,322.0,39.3,49.9,46.0,1.0,1584,134,2.66,30408,6,137500,352.2,5,15,5,5,23,Poor,True
Rice,3.0,33.2,51.2,5.44,1326.0,129.1,65.7,82.0,3.15,1383,120,2.82,15686,69,207900,1225.4,88,94,48,100,100,Moderate,True
Rice,7.5,31.3,87.0,6.51,3076.0,83.0,62.5,96.5,2.24,1252,120,5.18,38188,40,369600,867.8,100,100,81,5,100,Poor,True
Rice,6.25,28.2,97.8,5.36,1422.0,113.1,74.2,65.7,2.27,1522,120,4.52,31572,42,312125,888.6,100,86,5,100,100,Poor,True
Rice,9.0,26.7,79.4,6.29,1377.0,96.1,89.4,25.7,4.55,1187,120,11.01,45465,99,900900,1881.5,100,100,100,100,100,Good,True
Rice,7.5,25.6,79.6,6.95,1209.0,91.4,41.3,38.3,4.65,1183,120,9.17,34469,99,767250,2125.9,100,100,100,100,100,Good,True
Rice,10.0,20.3,52.3,5.01,1682.0,183.2,52.2,43.3,2.43,1403,124,7.37,46950,47,534600,1038.7,76,53,52,100,28,Poor,True
Rice,2.0,42.3,96.9,8.61,254.0,9.4,46.4,40.1,0.84,1581,136,0.8,9392,6,36960,293.5,5,5,5,5,5,Poor,True
Rice,1.5,35.3,63.3,5.23,741.0,47.7,82.1,80.0,2.55,1247,126,1.19,7607,49,84150,1006.2,68,74,94,43,39,Moderate,True
Rice,4.0,23.5,73.4,5.6,1458.0,102.8,44.7,51.8,4.56,1164,119,4.89,19422,99,401280,1966.1,100,100,100,100,100,Good,True
Rice,3.0,28.5,60.8,5.67,1517.0,42.9,36.7,94.9,2.79,1261,119,2.52,14828,57,184140,1141.8,100,100,84,100,29,Moderate,True
Rice,1.0,23.5,82.2,6.2,1383.0,102.5,63.1,24.3,4.41,1161,119,1.22,4797,99,97020,1922.5,100,100,100,100,100,Good,True
Rice,2.0,24.9,71.6,7.69,709.0,97.8,84.0,61.9,2.94,1207,119,1.67,10235,57,129360,1163.9,100,56,100,38,100,Moderate,True
Rice,1.0,44.8,19.4,7.09,345.0,186.3,57.3,38.3,1.31,1524,135,0.49,4840,16,28820,495.5,5,94,5,5,24,Poor,True
Rice,3.0,32.1,79.6,6.6,1957.0,70.1,81.6,55.5,3.95,1181,119,3.46,15649,87,260700,1565.9,99,100,100,88,81,Good,True
Rice,5.0,10.1,57.4,4.85,202.0,71.4,94.1,89.1,1.53,1295,135,2.71,27189,21,168300,519.0,5,39,71,5,84,Poor,True
Rice,5.0,24.2,79.1,6.67,1419.0,114.9,62.7,89.7,4.4,1234,117,5.75,25608,99,484000,1790.0,100,100,100,100,100,Good,True
Rice,3.0,14.4,39.1,8.57,3000.0,36.8,63.7,38.2,0.87,1525,133,1.21,14955,5,57420,284.0,5,5,5,5,18,Poor,True
Rice,10.0,29.6,55.9,7.28,1824.0,161.4,36.3,44.6,3.27,1348,121,9.21,45976,70,719400,1464.7,100,82,66,98,57,Moderate,True
Rice,10.0,21.5,24.0,4.05,1618.0,151.7,39.5,42.9,1.82,1531,120,5.99,48377,32,400400,727.7,93,5,5,100,71,Poor,True
Rice,5.0,28.5,55.2,5.77,990.0,147.8,67.5,75.0,3.48,1360,122,4.84,25716,76,382800,1388.6,100,100,63,83,76,Moderate,True
Rice,2.25,26.6,70.4,6.76,1320.0,121.9,64.4,80.4,4.65,1257,120,2.77,11316,99,230175,1934.1,100,100,100,100,100,Good,True
Rice,2.25,30.5,78.7,5.9,1582.0,119.6,51.0,81.3,4.48,1200,118,2.66,11317,99,221760,1859.5,100,100,100,100,100,Good,True
Rice,7.5,22.8,66.4,6.46,1757.0,80.1,85.9,67.8,4.58,1180,122,8.85,39930,99,755700,1792.6,100,100,100,100,100,Good,True
Rice,3.5,13.2,95.8,8.73,428.0,19.8,46.8,81.2,0.85,1584,133,1.47,16507,5,65450,296.5,5,5,5,5,5,Poor,True
Rice,3.0,26.1,67.1,6.86,1129.0,101.6,93.7,84.6,4.61,1202,120,3.56,16186,99,304260,1779.8,100,100,100,100,100,Good,True
Rice,4.0,28.0,87.8,8.87,1382.0,135.1,58.9,88.3,2.16,1305,119,2.85,20396,41,190080,831.9,100,5,74,100,93,Poor,True
Rice,3.0,30.5,46.7,5.73,2121.0,44.8,42.8,43.2,2.54,1460,121,2.31,13975,48,167640,1099.6,100,100,30,75,33,Moderate,True
Rice,5.0,31.4,78.3,7.07,1056.0,114.1,74.6,69.4,4.31,1237,120,5.69,26538,98,474100,1686.5,100,95,100,93,100,Good,True
Rice,3.0,8.4,21.0,8.36,133.0,13.1,40.5,59.5,0.91,1524,136,1.22,14650,6,60060,310.0,5,14,5,5,5,Poor,True
Rice,5.0,41.6,39.9,4.23,104.0,24.0,42.7,91.7,0.88,1530,135,2.03,25936,5,96800,273.2,9,5,5,5,5,Poor,True
Rice,3.0,15.0,44.3,4.06,2926.0,142.9,56.9,98.0,1.29,1481,136,1.43,15154,15,85140,461.8,5,5,21,11,82,Poor,True
Rice,2.0,38.7,19.9,4.16,160.0,6.4,76.6,36.7,1.0,1561,131,0.85,9816,8,44000,348.2,36,5,5,5,5,Poor,True
Rice,0.5,42.9,16.4,4.18,231.0,39.1,46.5,54.7,0.91,1541,130,0.21,2375,7,10010,321.5,5,5,5,5,22,Poor,True
Rice,3.5,6.7,77.0,5.97,1799.0,73.8,57.7,39.4,2.31,1187,135,2.54,16548,42,177870,974.9,5,100,100,100,88,Poor,True
Rice,10.0,43.8,62.3,7.45,2096.0,31.0,84.0,39.9,1.75,1202,134,5.95,51404,29,385000,649.0,5,71,90,77,7,Poor,True
Rice,4.0,21.1,70.0,7.84,1500.0,166.7,65.0,74.9,2.99,1160,121,3.55,20654,65,263120,1173.9,88,47,100,100,50,Moderate,True
Rice,9.0,23.3,77.4,4.47,1600.0,124.3,34.2,71.6,2.35,1197,121,6.56,43856,40,465300,961.0,100,5,100,100,100,Poor,True
Rice,16.0,41.9,17.9,4.1,85.0,19.7,85.2,80.5,0.85,1517,131,6.45,81577,7,299200,266.8,6,5,5,5,5,Poor,True
Rice,0.5,33.0,75.9,5.94,3004.0,101.0,55.1,30.8,2.34,1214,122,0.36,2397,41,25740,973.8,91,100,100,5,100,Poor,True
Rice,3.5,29.9,76.8,5.25,2324.0,60.4,92.9,58.8,3.23,1231,120,3.3,18564,69,248710,1239.7,100,76,100,59,63,Moderate,True
Rice,1.5,29.3,73.2,7.2,3109.0,85.4,43.3,34.9,2.36,1187,120,1.08,7010,41,77880,1011.0,100,87,100,5,100,Poor,True
Rice,12.25,39.4,17.3,4.22,175.0,18.7,68.8,25.5,0.93,1496,128,5.22,58172,7,250635,330.9,29,5,5,5,5,Poor,True
Rice,6.25,11.2,36.6,5.32,1165.0,0.1,74.7,50.3,1.54,1526,133,3.47,32127,22,211750,559.1,5,83,5,100,5,Poor,True
Rice,0.25,12.4,11.7,8.28,2350.0,47.8,80.5,72.7,1.25,1531,133,0.12,1286,12,6875,434.6,5,19,5,56,39,Poor,True
Rice,3.5,26.6,44.9,6.62,1543.0,110.3,72.9,45.8,2.74,1493,117,2.81,17203,54,210980,1126.4,100,100,24,100,100,Moderate,True
Rice,9.0,30.6,19.9,6.62,293.0,167.0,39.1,89.9,1.72,1532,121,5.29,44107,30,340560,672.1,100,100,5,5,50,Poor,True
Rice,9.0,13.1,53.7,4.49,1756.0,167.3,76.1,62.1,1.58,1347,132,5.07,45811,28,312840,582.9,5,5,57,100,49,Poor,True
Rice,4.0,41.9,12.6,4.29,141.0,6.1,95.1,36.7,0.89,1563,129,1.52,20189,5,78320,287.9,6,5,5,5,5,Poor,True
Rice,16.0,40.4,18.9,4.06,170.0,5.9,69.1,95.1,0.92,1523,132,6.84,84581,8,323840,282.9,20,5,5,5,5,Poor,True
Rice,9.0,9.7,35.1,4.51,477.0,8.5,46.2,50.8,0.89,1572,134,3.53,43745,6,176220,302.8,5,6,5,5,5,Poor,True
Rice,2.25,27.2,77.7,6.37,1281.0,125.4,43.5,72.6,4.58,1193,120,2.67,10940,99,226710,1972.3,100,100,100,100,100,Good,True
Rice,10.0,24.2,68.2,6.06,1693.0,121.4,69.9,95.8,4.62,1177,121,12.04,52155,97,1016400,1848.8,100,100,100,100,100,Good,True
Rice,4.0,26.8,71.8,6.31,1573.0,111.7,69.1,64.7,4.71,1167,121,4.91,20543,98,414480,1917.6,100,100,100,100,100,Good,True
Rice,6.25,29.5,65.4,5.87,1723.0,115.9,82.2,81.3,4.61,1239,122,7.39,34324,99,633875,1746.7,100,100,100,100,100,Good,True
Rice,1.5,31.1,81.6,7.07,750.0,86.1,70.4,74.0,3.24,1192,122,1.37,7853,66,106920,1261.5,100,95,100,45,100,Moderate,True
Rice,3.0,24.8,66.1,6.69,1392.0,91.5,79.2,54.2,4.53,1205,122,3.56,16018,99,298980,1766.5,100,100,100,100,100,Good,True
Rice,16.0,42.4,80.2,6.05,1406.0,131.2,65.3,72.6,2.3,1197,131,11.77,80518,43,809600,905.5,5,100,100,100,98,Poor,True
Rice,12.25,42.2,95.8,8.55,427.0,24.7,45.0,81.3,0.9,1570,136,4.69,59313,5,242550,308.9,5,5,5,5,5,Poor,True
Rice,3.0,43.5,12.5,4.77,117.0,11.0,80.8,98.6,0.95,1502,133,1.27,15854,7,62700,295.5,5,31,5,5,5,Poor,True
Rice,0.5,41.2,15.2,4.79,95.0,9.5,45.5,88.5,1.02,1523,131,0.21,2475,10,11220,353.3,13,33,5,5,5,Poor,True
Rice,1.5,37.2,18.2,4.55,91.0,13.3,68.9,94.1,1.07,1569,130,0.66,8063,10,35310,337.9,51,10,5,5,5,Poor,True
Rice,1.5,11.2,13.4,5.78,501.0,73.4,70.8,38.6,1.52,1569,134,0.84,7606,22,50160,559.5,5,100,5,5,87,Poor,True
Rice,2.0,29.1,70.8,5.92,1267.0,123.8,86.8,27.4,4.53,1249,119,2.33,10451,99,199320,1807.2,100,100,100,100,100,Good,True
Rice,1.5,24.6,85.8,6.19,306.0,110.6,80.7,83.4,2.26,1215,121,1.04,7920,44,74580,841.7,100,100,92,5,100,Poor,True
Rice,7.5,33.2,67.9,5.32,2325.0,54.9,42.1,86.1,3.17,1172,123,6.66,36092,64,523050,1349.2,88,82,100,58,52,Moderate,True
Rice,9.0,12.2,94.5,8.33,3000.0,37.6,38.4,81.6,0.99,1452,132,3.81,41929,8,196020,367.5,5,16,10,5,19,Poor,True
Rice,7.5,30.9,81.6,6.24,1083.0,28.2,74.4,70.6,2.32,1209,122,5.39,38568,42,382800,892.5,100,100,100,97,5,Poor,True
Rice,5.0,37.4,15.2,4.26,135.0,9.9,78.8,32.3,1.02,1511,128,2.18,24963,9,112200,349.5,49,5,5,5,5,Poor,True
Rice,9.0,25.0,84.6,6.84,487.0,80.8,45.5,43.2,2.36,1185,122,6.4,42340,42,467280,1003.6,100,100,100,5,100,Poor,True
Rice,9.0,9.5,96.7,8.54,405.0,21.8,43.9,51.6,0.86,1534,135,3.64,44309,5,170280,284.3,5,5,5,5,5,Poor,True
Rice,0.5,21.1,83.7,6.09,1690.0,9.9,73.1,78.9,2.34,1186,123,0.34,2602,41,25740,889.2,88,100,100,100,5,Poor,True
Rice,7.5,21.2,95.8,5.55,1679.0,87.5,52.6,93.9,2.2,1508,122,5.4,37980,40,363000,855.8,90,100,5,100,100,Poor,True
Rice,0.5,37.6,16.7,4.34,102.0,9.8,71.6,21.9,1.09,1522,126,0.22,2513,8,11990,377.1,47,5,5,5,5,Poor,True
Rice,4.0,29.9,72.5,5.65,1544.0,124.0,51.3,99.0,4.6,1230,117,4.64,20707,99,404800,1854.9,100,100,100,100,100,Good,True
Rice,0.25,22.6,63.9,6.44,1556.0,25.5,86.2,69.9,2.34,1195,123,0.18,1317,42,12870,877.2,100,100,96,100,5,Poor,True
Rice,2.0,40.1,19.2,4.19,153.0,7.3,81.0,26.9,0.98,1522,131,0.84,10310,8,43120,318.2,23,5,5,5,5,Poor,True
Rice,3.5,31.1,58.3,8.0,2000.0,99.9,81.8,39.4,2.82,1298,122,2.97,18072,60,217140,1101.5,100,37,75,84,100,Moderate,True
Rice,9.0,24.9,83.8,6.74,1588.0,84.1,73.5,31.8,4.63,1195,118,10.44,45304,97,916740,1923.5,100,100,100,100,100,Good,True
Rice,4.0,25.3,78.1,7.61,1466.0,84.5,88.3,43.0,3.7,1171,116,4.04,20415,78,325600,1494.9,100,61,100,100,100,Good,True
Rice,5.0,42.6,24.6,8.43,310.0,29.3,76.8,50.1,0.9,1592,132,2.04,25284,5,99000,291.6,5,10,5,5,5,Poor,True
Rice,0.5,24.0,86.4,5.89,1282.0,6.1,41.9,42.7,2.28,1242,118,0.35,2342,40,25080,970.9,100,100,87,100,5,Poor,True
Rice,3.5,36.6,65.6,4.27,1999.0,1.7,57.2,41.7,1.72,1155,124,2.08,17385,26,132440,661.8,57,5,100,84,5,Poor,True
Rice,0.5,31.8,80.5,8.51,1419.0,133.7,46.2,50.5,2.3,1180,122,0.35,2375,39,25300,965.3,100,5,100,100,95,Poor,True
Rice,0.25,43.8,11.0,4.25,180.0,13.0,43.0,60.1,0.84,1526,133,0.1,1204,7,4620,283.7,5,5,5,5,5,Poor,True
Rice,16.0,10.1,97.6,4.23,3000.0,26.9,46.5,98.3,0.91,1522,135,6.44,78784,5,320320,306.6,5,5,5,5,5,Poor,True
Rice,12.25,42.6,36.6,4.66,144.0,8.1,56.8,96.8,0.9,1599,134,5.02,61898,5,242550,291.9,5,20,5,5,5,Poor,True
Rice,5.0,29.0,80.6,6.0,1326.0,107.9,72.9,70.0,4.47,1203,121,6.01,25511,99,491700,1827.4,100,100,100,100,100,Good,True
Rice,1.0,21.0,96.7,5.26,1649.0,123.1,97.9,92.8,2.12,1522,121,0.68,5760,42,46640,709.7,86,78,5,100,100,Poor,True
Rice,2.25,39.3,15.4,4.17,71.0,13.1,86.0,89.0,0.94,1578,133,0.92,11992,6,46530,288.0,31,5,5,5,5,Poor,True
Rice,3.0,26.4,70.8,6.77,2325.0,116.5,51.6,76.4,3.53,1201,120,2.96,15165,75,232980,1436.3,100,100,100,58,100,Good,True
Rice,16.0,23.3,60.8,6.37,1042.0,73.7,66.7,30.8,4.02,1281,121,17.31,76985,86,1415040,1738.1,100,100,84,91,88,Good,True
Rice,7.5,44.8,97.8,4.73,2806.0,183.4,52.2,64.6,1.15,1481,134,3.36,36916,9,189750,414.0,5,26,5,20,27,Poor,True
Rice,2.25,6.8,79.2,6.24,1064.0,93.4,80.9,81.2,2.32,1202,132,1.57,11527,41,114840,896.3,5,100,100,94,100,Poor,True
Rice,16.0,28.5,82.4,6.62,1708.0,106.8,91.6,53.1,4.45,1172,117,19.5,83462,99,1566400,1776.8,100,100,100,100,100,Good,True
Rice,1.5,21.5,49.9,8.67,2693.0,186.7,49.2,82.3,1.51,1396,121,0.79,7297,23,49830,582.9,93,5,43,29,23,Poor,True
Rice,2.25,42.1,75.7,6.37,1644.0,85.4,72.4,69.0,2.25,1198,135,1.65,11679,41,111375,853.6,5,100,100,100,100,Poor,True
Rice,12.25,26.2,74.7,5.88,1470.0,94.5,71.7,38.5,4.47,1208,120,14.22,59144,99,1204665,1936.8,100,100,100,100,100,Good,True
Rice,5.0,37.2,10.8,4.62,70.0,17.7,62.8,72.0,1.04,1539,128,2.15,25978,12,114400,340.4,51,17,5,5,5,Poor,True
Rice,5.0,38.3,13.9,4.38,75.0,8.4,58.6,97.5,1.02,1599,129,2.24,25070,10,112200,347.5,40,5,5,5,5,Poor,True
Rice,5.0,29.0,67.0,6.86,1251.0,90.2,94.8,96.0,4.54,1171,121,5.98,26262,99,499400,1801.6,100,100,100,100,100,Good,True
Rice,6.25,21.0,85.8,5.23,1492.0,73.9,45.6,73.7,3.76,1218,121,6.56,30557,83,517000,1591.9,86,75,93,100,88,Good,True
Rice,3.5,13.1,28.4,4.89,2869.0,87.9,73.2,75.0,1.46,1507,133,1.78,17924,19,112420,527.2,5,42,5,15,100,Poor,True
Rice,3.0,25.7,81.7,5.99,1609.0,84.7,90.7,91.0,4.38,1186,121,3.58,16288,99,289080,1674.8,100,100,100,100,100,Good,True
Rice,10.0,22.1,46.5,5.68,2161.0,74.7,59.9,82.1,2.79,1428,123,8.01,48308,54,613800,1170.6,100,100,30,71,90,Moderate,True
Rice,12.25,29.3,84.2,7.6,1243.0,187.8,70.0,62.9,2.53,1175,121,9.54,62338,49,681835,993.8,100,62,100,100,22,Moderate,True
Rice,9.0,11.8,26.6,8.45,3000.0,23.1,74.1,23.9,0.85,1528,133,3.59,44792,5,168300,275.7,5,8,5,5,5,Poor,True
Rice,3.5,28.6,65.4,6.75,1222.0,105.8,50.4,51.8,4.58,1228,118,4.28,16564,99,352660,2029.1,100,100,100,100,100,Good,True
Rice,5.0,29.5,71.8,6.56,1134.0,100.4,51.3,86.2,4.41,1213,122,5.79,25462,99,485100,1805.2,100,100,100,100,100,Good,True
Rice,5.0,32.0,74.9,6.66,1102.0,124.4,62.3,53.8,4.58,1189,121,5.96,23240,98,503800,2067.8,100,100,100,100,100,Good,True
Rice,0.5,32.8,81.2,6.72,1118.0,28.0,78.3,92.3,2.34,1225,120,0.36,2628,41,25740,879.5,92,100,100,100,5,Poor,True
Rice,0.25,10.2,32.2,4.28,155.0,35.9,36.3,45.9,0.93,1564,129,0.1,1176,8,5115,334.9,5,5,5,5,16,Poor,True
Rice,3.0,24.9,72.4,6.66,1517.0,112.2,75.4,76.9,4.46,1212,122,3.67,15577,99,294360,1789.7,100,100,100,100,100,Good,True
Rice,9.0,7.5,95.2,4.06,239.0,36.9,69.6,72.8,0.93,1534,132,3.72,47860,8,184140,284.7,5,5,5,5,18,Poor,True
Rice,4.0,11.0,88.2,4.89,2165.0,83.9,51.7,81.5,1.88,1298,133,2.43,19575,33,165440,745.2,5,42,70,71,100,Poor,True
Rice,10.0,10.0,37.2,8.45,289.0,26.3,64.5,37.3,0.88,1585,133,4.04,48324,5,193600,300.6,5,8,5,5,5,Poor,True
Rice,16.0,41.6,14.5,4.35,140.0,5.1,91.8,42.2,0.87,1550,135,6.48,81508,5,306240,275.7,9,5,5,5,5,Poor,True
Rice,4.0,41.4,18.2,4.17,78.0,5.8,54.4,31.6,0.89,1524,132,1.63,19624,5,78320,299.1,11,5,5,5,5,Poor,True
Rice,1.0,43.7,70.2,5.43,1455.0,76.0,53.2,27.0,2.27,1186,133,0.73,4891,44,49940,921.1,5,93,100,100,92,Poor,True
Rice,7.5,7.0,30.8,8.75,3000.0,16.3,92.8,85.6,0.85,1532,136,3.12,38742,6,140250,262.0,5,5,5,5,5,Poor,True
Rice,2.25,27.2,80.8,5.32,3013.0,127.3,39.4,75.6,2.31,1190,119,1.59,10420,39,114345,997.4,100,83,100,5,100,Poor,True
Rice,4.0,31.1,74.8,4.16,1178.0,115.3,78.7,69.0,2.31,1185,122,2.92,20090,41,203280,911.8,100,5,100,100,100,Poor,True
Rice,7.5,27.0,77.2,5.91,1602.0,109.7,37.7,78.4,4.43,1193,122,9.18,36289,99,730950,1914.2,100,100,100,100,100,Good,True
Rice,9.0,25.0,76.7,6.13,1778.0,82.8,74.0,99.0,4.6,1197,120,10.63,46316,99,910800,1866.5,100,100,100,100,100,Good,True
Rice,3.0,25.1,75.2,5.09,2737.0,73.4,63.9,75.1,2.56,1193,122,2.37,15705,51,168960,975.8,100,61,100,26,87,Moderate,True
Rice,1.5,43.0,97.2,8.9,3000.0,23.2,74.2,59.4,0.89,1507,133,0.59,7682,5,29370,282.3,5,5,5,5,5,Poor,True
Rice,0.25,12.2,64.8,7.54,2940.0,0.3,31.7,70.0,1.5,1194,137,0.13,1183,19,8250,597.4,5,66,99,10,5,Poor,True
Rice,7.5,42.7,23.6,8.42,3000.0,22.7,52.7,20.5,0.9,1487,135,3.15,34531,5,148500,330.0,5,10,5,5,5,Poor,True
Rice,3.5,22.4,82.4,6.52,1562.0,110.7,78.0,47.3,4.49,1192,122,4.22,17853,99,345730,1836.5,100,100,100,100,100,Good,True
Wheat,1.0,42.1,16.2,4.02,76.0,10.0,53.7,73.8,0.78,648,128,0.34,4501,5,17745,294.2,5,5,5,5,5,Poor,True
Wheat,5.0,24.3,60.3,6.45,2598.0,127.3,40.9,56.8,2.07,505,110,2.99,22646,43,235462,939.8,98,100,100,5,100,Poor,True
Wheat,2.0,22.4,54.3,6.14,647.0,114.5,90.6,91.7,3.94,497,109,2.02,10558,99,179270,1598.0,100,100,100,100,100,Good,True
Wheat,7.5,6.9,87.5,8.61,2832.0,7.3,40.5,87.3,0.85,645,123,2.66,33767,7,145031,329.5,5,19,5,5,5,Poor,True
Wheat,7.5,27.2,39.1,7.7,1112.0,120.9,53.7,50.0,2.76,525,113,5.59,33814,69,470925,1292.7,72,85,72,54,100,Moderate,True
Wheat,3.0,22.6,61.3,6.05,432.0,92.5,67.4,33.3,4.01,483,110,2.99,13944,97,273682,1862.7,100,100,100,100,100,Good,True
Wheat,5.0,27.7,31.6,7.04,1105.0,72.5,72.4,35.0,2.36,583,111,3.4,23091,47,268450,1062.6,68,100,37,55,72,Moderate,True
Wheat,1.0,24.6,76.7,7.78,296.0,89.8,38.2,82.6,2.54,594,112,0.73,4506,60,57785,1182.4,95,79,44,60,100,Moderate,True
Wheat,2.25,31.4,46.3,6.63,979.0,43.6,51.6,88.6,2.19,511,118,1.41,10669,48,112101,950.7,36,100,100,71,27,Moderate,True
Wheat,7.5,42.0,12.7,4.07,182.0,10.6,88.1,44.2,0.81,638,125,2.53,36601,7,138206,277.6,5,5,5,17,5,Poor,True
Wheat,1.0,12.5,66.7,7.05,640.0,12.6,37.9,82.8,1.85,516,114,0.57,4346,40,42088,868.4,76,100,92,100,5,Poor,True
Wheat,5.0,42.4,19.1,4.36,54.0,12.2,65.0,35.2,0.78,615,122,1.68,22716,5,88725,290.6,5,5,5,5,5,Poor,True
Wheat,7.5,16.0,60.8,5.94,1120.0,47.1,94.7,78.6,2.48,500,109,5.18,36351,54,423150,1064.1,100,94,100,53,32,Moderate,True
Wheat,0.25,18.9,46.7,7.26,651.0,137.2,66.7,82.0,4.03,521,112,0.25,1202,99,22921,1806.9,100,100,100,100,100,Good,True
Wheat,12.25,15.2,61.4,7.11,690.0,88.9,40.0,89.7,3.98,502,111,12.33,56787,97,1109176,1853.2,100,100,100,100,98,Good,True
Wheat,12.25,20.2,47.6,6.4,692.0,106.4,87.5,95.0,4.06,495,108,12.6,62471,99,1131471,1711.2,100,100,100,100,100,Good,True
Wheat,10.0,18.4,50.1,6.18,719.0,139.9,77.4,30.6,4.06,497,110,9.98,46017,99,923650,1907.2,100,100,100,100,100,Good,True
Wheat,10.0,12.4,50.3,7.69,1302.0,102.0,80.7,56.7,2.52,514,113,6.66,48304,53,573300,1086.9,74,86,100,30,100,Moderate,True
Wheat,6.25,12.4,53.8,6.67,595.0,7.9,51.8,23.5,1.98,482,115,3.56,27868,40,281531,910.2,75,100,100,100,5,Poor,True
Wheat,2.25,18.4,48.3,7.96,887.0,147.7,89.4,89.8,3.24,499,110,1.88,11446,77,165848,1349.0,100,67,100,83,88,Good,True
Wheat,1.0,39.3,18.9,4.08,165.0,16.2,31.6,80.7,0.76,650,120,0.33,4378,6,17290,294.9,5,5,5,11,5,Poor,True
Wheat,2.0,30.6,28.9,5.0,931.0,106.5,84.1,73.7,1.52,616,116,0.96,9635,27,69160,617.8,43,5,23,77,100,Poor,True
Wheat,12.25,21.7,46.4,6.22,643.0,134.6,49.1,32.6,3.9,501,109,12.28,53513,99,1086881,1931.1,100,100,100,100,100,Good,True
Wheat,1.0,5.0,56.6,7.23,369.0,80.8,44.5,48.0,1.93,489,124,0.57,4415,40,43908,894.5,5,100,100,88,85,Poor,True
Wheat,0.5,35.3,85.6,8.7,84.0,8.7,33.8,54.1,0.77,646,122,0.17,2200,7,8759,298.1,5,12,5,5,5,Poor,True
Wheat,3.0,19.1,54.3,7.43,731.0,129.0,42.5,67.7,3.92,505,110,3.08,14035,99,267540,1806.2,100,100,100,100,100,Good,True
Wheat,9.0,41.5,20.0,4.86,2634.0,24.9,36.5,84.2,0.75,636,124,3.05,40974,6,153562,274.8,5,5,5,5,5,Poor,True
Wheat,0.25,19.7,51.3,6.27,701.0,110.2,78.9,27.8,3.91,510,110,0.25,1162,99,22238,1813.8,100,100,100,100,100,Good,True
Wheat,1.0,28.7,59.6,7.57,463.0,184.7,51.7,71.6,2.48,498,115,0.68,4544,51,56420,1141.6,59,95,100,100,29,Moderate,True
Wheat,1.0,7.5,96.4,8.72,2824.0,22.1,34.6,29.0,0.8,651,122,0.34,4384,6,18200,315.1,5,11,5,5,5,Poor,True
Wheat,7.5,15.0,73.4,7.52,1249.0,97.5,63.5,87.7,2.52,545,108,5.15,37386,56,429975,1050.1,100,98,60,37,100,Moderate,True
Wheat,12.25,11.2,39.2,7.36,954.0,158.2,49.8,47.9,2.87,530,118,9.07,55151,64,799833,1350.3,56,100,72,74,71,Moderate,True
Wheat,3.5,28.5,33.6,7.94,974.0,113.3,70.2,60.6,2.6,574,116,2.49,17133,56,207025,1108.3,61,68,46,72,100,Moderate,True
Wheat,1.0,6.8,92.7,8.72,97.0,39.1,56.9,47.3,0.87,659,123,0.34,4526,7,19792,337.3,5,11,5,5,19,Poor,True
Wheat,1.5,39.3,19.4,8.8,2394.0,24.4,87.5,34.1,0.76,656,121,0.51,7191,5,25935,260.7,5,5,5,5,5,Poor,True
Wheat,12.25,43.2,16.3,4.54,2461.0,154.3,56.5,59.5,1.02,648,119,4.7,54692,13,284261,419.7,5,5,5,5,77,Poor,True
Wheat,10.0,5.3,52.5,7.29,527.0,137.8,83.0,72.9,2.02,474,124,5.85,50380,42,459550,812.2,5,100,100,100,100,Poor,True
Wheat,7.5,30.0,72.7,6.11,343.0,134.1,61.7,43.3,2.81,544,118,5.75,33917,61,479456,1313.6,48,100,63,78,100,Moderate,True
Wheat,1.5,31.7,68.6,7.13,382.0,102.7,73.1,55.8,2.54,536,119,1.03,7215,57,86678,1101.4,33,100,83,93,100,Moderate,True
Wheat,10.0,41.9,96.7,8.88,2374.0,34.7,89.7,25.0,0.81,634,119,3.42,48828,6,184275,277.4,5,5,5,5,12,Poor,True
Wheat,7.5,41.0,97.1,4.0,1724.0,195.7,37.7,42.6,0.78,666,122,2.6,32695,6,133088,307.1,5,5,5,5,12,Poor,True
Wheat,2.25,37.2,14.3,4.47,144.0,15.7,58.4,54.8,0.75,644,122,0.75,10555,5,38391,263.7,5,5,5,5,5,Poor,True
Wheat,1.5,17.8,61.1,7.2,728.0,110.2,44.8,33.9,4.01,506,111,1.46,6417,99,136841,2032.5,100,100,100,100,100,Good,True
Wheat,6.25,38.0,15.6,4.67,104.0,11.3,50.2,89.8,0.8,656,122,2.09,29789,6,113750,281.9,5,5,5,5,5,Poor,True
Wheat,1.5,6.3,96.3,5.17,2124.0,36.3,78.7,94.4,0.85,618,122,0.52,7455,5,29006,289.1,5,21,5,5,15,Poor,True
Wheat,1.5,25.3,45.4,7.22,716.0,9.5,65.7,64.2,2.07,502,112,0.86,6983,45,70639,911.6,88,100,100,100,5,Poor,True
Wheat,5.0,14.5,47.2,6.52,608.0,99.4,61.5,48.4,4.01,518,110,4.96,22933,99,456137,1889.0,100,100,100,100,100,Good,True
Wheat,10.0,20.5,63.3,7.02,684.0,95.4,43.0,68.4,4.04,509,112,9.81,46795,99,919100,1864.1,100,100,100,100,100,Good,True
Wheat,12.25,41.0,18.5,4.19,125.0,11.2,68.2,49.4,0.81,642,123,4.22,56996,8,225737,296.1,5,5,5,5,5,Poor,True
Wheat,16.0,39.1,13.5,8.82,113.0,13.6,74.1,73.1,0.75,651,120,5.48,76551,5,273000,256.6,5,5,5,5,5,Poor,True
Wheat,6.25,21.0,62.8,6.95,728.0,96.4,76.8,74.7,4.02,495,112,6.14,29349,99,571594,1847.6,100,100,100,100,100,Good,True
Wheat,16.0,19.5,50.5,6.1,417.0,95.8,67.7,66.4,3.83,507,110,16.08,76463,99,1394120,1723.3,100,100,100,100,100,Good,True
Wheat,6.25,7.2,90.7,8.7,2697.0,10.9,78.7,67.8,0.81,643,125,2.12,30073,7,115172,283.0,5,12,5,5,5,Poor,True
Wheat,5.0,11.3,70.1,6.48,917.0,51.1,51.3,82.8,2.47,545,115,3.44,23600,54,280963,1090.5,58,100,76,79,38,Moderate,True
Wheat,5.0,25.6,76.7,5.63,283.0,172.6,48.2,70.3,2.31,561,114,3.37,22525,50,262762,1066.5,86,65,45,55,48,Moderate,True
Wheat,2.0,28.1,61.6,7.28,946.0,147.5,31.9,58.8,3.1,491,117,1.61,8911,75,141050,1482.9,64,100,100,75,88,Moderate,True
Wheat,16.0,29.2,73.5,5.53,443.0,57.6,38.9,26.1,2.44,561,116,10.83,70350,60,888160,1162.5,55,56,60,100,49,Moderate,True
Wheat,9.0,36.4,32.7,7.08,898.0,51.4,81.9,68.3,1.63,592,121,4.42,43463,30,333742,667.9,5,100,42,81,39,Poor,True
Wheat,0.25,40.7,16.8,4.58,104.0,25.8,87.5,87.0,0.77,635,123,0.1,1271,5,4379,244.5,5,5,5,5,5,Poor,True
Wheat,1.5,20.0,52.3,6.1,1905.0,88.9,80.8,33.4,2.07,493,108,0.85,6871,42,70639,928.1,100,100,100,5,98,Poor,True
Wheat,1.5,29.5,71.0,8.19,777.0,155.3,70.4,87.3,2.54,559,115,1.09,7296,61,86678,1088.0,53,50,71,97,76,Moderate,True
Wheat,16.0,37.4,12.6,4.66,58.0,12.0,63.3,58.1,0.8,645,121,5.31,72176,5,291200,303.5,5,5,5,5,5,Poor,True
Wheat,16.0,7.9,93.6,8.76,2891.0,18.4,52.1,62.4,0.79,643,124,5.36,73668,6,287560,290.3,5,8,5,5,5,Poor,True
Wheat,1.5,39.8,60.3,6.32,603.0,130.0,96.9,54.5,2.1,483,126,0.92,7486,45,71663,857.3,5,100,100,100,100,Poor,True
Wheat,0.25,41.7,95.0,4.79,131.0,23.2,77.4,99.5,0.78,663,122,0.1,1230,7,4436,260.7,5,5,5,5,5,Poor,True
Wheat,9.0,14.7,48.5,6.52,1392.0,189.2,51.9,20.8,2.09,495,109,5.73,39951,43,427928,971.1,100,100,100,19,22,Poor,True
Wheat,2.0,34.6,84.6,8.82,94.0,7.0,71.6,91.5,0.77,664,119,0.67,9813,6,35035,257.0,8,5,7,5,5,Poor,True
Wheat,3.5,13.7,63.9,4.61,2878.0,17.3,72.3,50.1,1.44,500,111,1.59,16480,23,114660,595.8,95,5,100,5,5,Poor,True
Wheat,3.0,23.8,47.8,5.91,627.0,25.1,42.9,28.9,2.07,513,108,1.8,12449,38,141277,1034.8,100,91,100,100,5,Poor,True
Wheat,9.0,6.4,96.8,8.81,2671.0,32.2,56.8,46.6,0.77,615,123,3.08,41525,6,157658,279.7,5,5,5,5,8,Poor,True
Wheat,9.0,37.4,19.6,4.21,116.0,12.4,95.0,68.8,0.77,645,123,3.1,45334,8,157658,247.8,5,5,5,5,5,Poor,True
Wheat,9.0,20.8,86.4,6.54,499.0,123.7,45.3,71.5,2.05,655,111,5.25,40949,45,419738,925.0,100,100,5,100,100,Poor,True
Wheat,9.0,13.5,71.8,8.28,1353.0,106.3,93.9,77.2,2.16,540,108,5.48,43723,47,442260,911.5,92,43,68,24,100,Poor,True
Wheat,1.5,37.7,10.7,4.46,88.0,11.7,92.8,31.9,0.76,632,126,0.51,7322,6,25935,254.2,5,5,5,5,5,Poor,True
Wheat,7.5,42.4,93.5,8.75,113.0,23.9,30.2,96.3,0.78,656,122,2.56,34212,5,133088,289.0,5,8,5,5,5,Poor,True
Wheat,10.0,37.7,53.4,6.84,2812.0,71.8,77.7,52.0,1.65,497,122,5.14,47201,31,375375,695.3,5,100,100,5,71,Poor,True
Wheat,3.5,42.7,64.5,7.14,548.0,106.6,35.6,56.8,2.07,506,123,2.09,15535,45,164824,961.0,5,100,100,100,100,Poor,True
Wheat,6.25,22.6,63.5,7.24,517.0,103.6,83.7,71.8,4.14,501,110,6.29,30805,99,588656,1810.9,100,100,100,100,100,Good,True
Wheat,2.0,21.0,52.2,6.07,455.0,96.9,42.4,23.1,4.07,502,112,2.08,8409,99,185185,2102.2,100,100,100,100,100,Good,True
Wheat,2.0,35.7,92.5,8.87,131.0,5.9,99.7,39.1,0.77,662,120,0.67,9775,5,35035,258.4,5,5,5,5,5,Poor,True
Wheat,2.25,21.0,61.2,7.0,453.0,95.2,57.2,83.4,3.85,505,110,2.22,10947,99,197072,1700.2,100,100,100,100,100,Good,True
Wheat,7.5,30.7,55.0,8.82,2454.0,193.3,31.1,47.1,1.24,498,118,3.22,32525,20,211575,550.5,42,5,100,5,16,Poor,True
Wheat,2.0,40.5,95.1,5.13,132.0,6.3,39.9,72.3,0.84,636,124,0.68,9125,6,38220,318.8,5,17,5,5,5,Poor,True
Wheat,4.0,22.4,48.5,6.11,540.0,118.8,63.0,93.4,3.95,504,113,3.85,19054,99,359450,1786.5,100,100,100,100,100,Good,True
Wheat,12.25,6.8,73.1,4.65,600.0,10.0,51.5,83.5,1.31,549,124,5.46,55829,19,365081,553.9,5,5,61,100,5,Poor,True
Wheat,3.0,40.2,11.7,4.47,173.0,6.6,64.8,83.9,0.83,640,121,1.01,14138,5,56647,300.7,5,5,5,14,5,Poor,True
Wheat,0.5,24.6,87.6,6.77,532.0,108.3,86.8,98.6,1.99,638,110,0.29,2609,43,22636,767.6,95,100,5,100,100,Poor,True
Wheat,3.5,41.7,13.2,4.78,136.0,7.1,88.5,83.4,0.76,628,122,1.17,17666,5,60515,242.6,5,5,5,5,5,Poor,True
Wheat,7.5,39.3,87.1,4.2,111.0,9.7,85.4,70.6,0.76,641,123,2.58,38413,8,129675,237.6,5,5,5,5,5,Poor,True
Wheat,10.0,14.7,50.8,6.94,598.0,120.6,56.3,32.6,3.86,494,109,10.07,45725,99,878150,1820.5,100,100,100,100,100,Good,True
Wheat,1.0,18.1,74.2,5.55,653.0,57.8,91.6,26.5,2.76,574,109,0.73,4763,60,62790,1218.3,100,57,56,100,49,Moderate,True
Wheat,16.0,21.2,50.4,7.23,748.0,93.8,30.5,94.1,4.11,507,111,15.8,69395,99,1496040,2055.8,100,100,100,100,100,Good,True
Wheat,10.0,17.3,55.4,6.34,603.0,118.9,79.5,67.5,4.05,486,112,10.09,48136,99,921375,1814.1,100,100,100,100,100,Good,True
Wheat,2.25,27.0,60.2,5.71,1230.0,130.2,49.9,75.5,2.58,499,111,1.58,10394,59,132064,1170.6,74,72,100,39,100,Moderate,True
Wheat,0.25,7.6,92.6,4.49,122.0,27.0,84.8,47.8,0.78,652,122,0.1,1175,7,4436,277.5,5,5,5,5,5,Poor,True
Wheat,0.5,17.9,48.1,6.57,620.0,117.4,30.3,38.9,3.94,510,111,0.5,2204,98,44818,1933.5,100,100,100,100,100,Good,True
Wheat,2.25,14.8,52.0,6.92,693.0,99.2,38.2,62.4,3.85,514,110,2.3,10048,98,197072,1861.3,100,100,100,100,100,Good,True
Wheat,2.25,6.9,42.2,7.2,666.0,123.0,62.5,70.1,1.9,505,123,1.33,10716,42,97256,807.6,5,100,87,100,100,Poor,True
Wheat,7.5,38.5,10.5,4.09,72.0,17.7,93.8,59.8,0.78,643,123,2.54,36278,5,133088,266.9,5,5,5,5,5,Poor,True
Wheat,2.0,14.1,63.0,6.87,523.0,101.6,41.2,93.8,4.01,491,113,2.08,9218,99,182455,1879.3,100,100,100,100,100,Good,True
Wheat,0.25,37.6,45.1,6.68,395.0,103.5,47.6,69.3,2.03,483,122,0.15,1164,39,11546,891.9,5,100,100,98,100,Poor,True
Wheat,9.0,40.6,50.8,4.52,252.0,107.5,41.1,22.3,1.54,505,122,4.48,38823,27,315315,712.2,5,5,100,44,100,Poor,True
Wheat,0.25,7.0,91.9,8.82,96.0,8.4,81.6,89.6,0.77,632,123,0.1,1270,5,4379,244.8,5,5,5,5,5,Poor,True
Wheat,0.25,36.0,83.8,8.88,2060.0,30.2,74.2,98.0,0.81,613,124,0.1,1294,6,4607,256.0,5,5,11,5,5,Poor,True
Wheat,7.5,13.1,21.4,7.46,273.0,27.3,89.6,56.7,1.49,663,111,3.62,36582,28,254231,595.0,86,100,5,52,5,Poor,True
Wheat,5.0,23.8,36.7,8.17,339.0,179.5,42.0,47.5,2.3,575,109,3.41,22515,53,261625,1062.0,100,51,61,77,37,Moderate,True
Wheat,3.0,15.0,61.9,4.6,794.0,95.0,70.5,64.2,2.1,489,107,1.78,14507,43,143325,888.0,100,5,100,94,100,Poor,True
Wheat,9.0,14.2,47.1,6.61,2600.0,43.3,63.1,57.0,1.75,500,112,4.86,42015,35,358312,752.8,100,100,100,5,26,Poor,True
Wheat,3.5,17.1,51.2,6.43,564.0,139.5,31.0,54.2,3.97,518,109,3.45,14543,99,316111,2073.6,100,100,100,100,100,Good,True
Wheat,2.0,15.0,31.4,8.31,746.0,185.4,91.1,39.8,2.12,604,109,1.21,9694,43,96460,895.0,100,41,35,100,28,Poor,True
Wheat,0.5,6.9,96.5,8.61,2256.0,23.6,63.5,83.8,0.83,638,125,0.17,2417,5,9441,290.6,5,19,5,5,5,Poor,True
Wheat,9.0,7.6,94.3,8.64,97.0,21.8,51.3,76.3,0.79,637,126,3.06,41974,5,161752,285.4,5,17,5,5,5,Poor,True
Wheat,7.5,14.5,63.3,7.36,479.0,117.4,90.1,79.8,4.0,496,106,7.48,38561,99,682500,1669.9,100,100,100,100,100,Good,True
Wheat,5.0,6.0,89.1,4.75,1606.0,23.6,50.8,80.2,0.79,644,122,1.68,23078,5,89862,289.4,5,5,5,5,5,Poor,True
Wheat,4.0,27.1,76.8,7.95,1344.0,125.2,78.9,69.0,2.11,581,113,2.32,20174,46,192010,851.8,74,67,44,25,100,Poor,True
Wheat,7.5,7.2,20.1,8.87,1666.0,21.3,32.9,49.3,0.78,654,120,2.52,32876,5,133088,304.8,5,5,5,5,5,Poor,True
Wheat,7.5,17.8,56.7,7.11,401.0,103.0,75.4,76.4,4.16,486,112,7.3,36485,99,709800,1845.5,100,100,100,100,100,Good,True
Wheat,1.0,16.2,64.4,7.47,629.0,134.0,69.3,81.9,4.01,494,112,1.0,4853,99,91228,1779.8,100,100,100,100,100,Good,True
Wheat,4.0,6.3,20.4,8.83,1901.0,14.7,34.4,47.6,0.78,667,119,1.37,17415,5,70980,307.6,5,5,5,5,5,Poor,True
Wheat,3.5,24.4,57.4,4.61,2158.0,135.7,67.3,43.4,1.67,500,112,1.82,16018,34,132974,730.2,96,5,100,5,100,Poor,True
Wheat,2.25,13.7,55.5,5.86,959.0,63.3,73.5,84.0,3.06,499,110,1.83,10903,71,156634,1336.6,96,87,100,74,58,Moderate,True
Wheat,2.25,22.2,51.0,6.22,479.0,113.4,96.2,84.7,3.86,505,109,2.2,11226,99,197584,1660.1,100,100,100,100,100,Good,True
Wheat,2.25,17.9,67.3,6.76,494.0,70.3,95.9,25.3,3.35,493,112,1.91,10782,81,171478,1490.4,100,100,89,100,69,Good,True
Wheat,3.5,22.3,62.1,6.33,423.0,126.9,92.4,56.6,3.96,506,111,3.46,16811,98,315315,1775.6,100,100,100,100,100,Good,True
Wheat,2.25,6.2,49.0,7.02,720.0,115.8,37.7,42.1,2.02,511,120,1.36,9827,45,103399,952.2,5,100,100,100,100,Poor,True
Wheat,10.0,7.4,92.4,4.5,113.0,15.2,34.4,89.7,0.76,661,123,3.27,43119,6,172900,301.0,5,5,5,5,5,Poor,True
Wheat,0.5,38.6,19.5,4.52,112.0,10.1,75.2,46.1,0.78,637,119,0.17,2379,5,8872,272.9,5,5,5,5,5,Poor,True
Wheat,9.0,12.2,40.0,6.99,435.0,21.6,67.1,63.9,1.87,526,113,5.26,43209,38,382883,786.1,71,100,76,100,5,Poor,True
Wheat,12.25,40.2,15.7,4.72,96.0,16.8,45.9,49.8,0.79,624,124,4.21,54251,7,220163,305.8,5,5,5,5,5,Poor,True
Wheat,2.0,6.6,16.6,8.65,93.0,10.6,38.2,99.5,0.82,628,122,0.7,9001,7,37310,314.5,5,16,5,5,5,Poor,True
Wheat,12.25,24.3,58.9,7.76,588.0,153.4,70.2,55.3,3.4,511,111,11.13,57980,82,947538,1534.2,97,81,100,100,79,Good,True
Wheat,2.25,19.8,47.6,7.45,684.0,95.5,55.9,36.4,4.02,497,110,2.15,10275,99,205774,1902.7,100,100,100,100,100,Good,True
Wheat,2.0,14.9,52.6,7.26,717.0,93.6,79.5,73.2,4.11,520,111,2.0,9431,99,187005,1882.9,100,100,100,100,100,Good,True
Wheat,12.25,19.9,34.6,5.49,1050.0,105.8,98.5,31.8,2.81,572,107,8.55,58739,65,783112,1233.2,100,52,51,62,100,Moderate,True
Wheat,5.0,22.1,59.7,8.21,1144.0,62.8,61.4,98.0,2.68,500,111,3.61,24686,61,304850,1134.9,100,48,100,50,57,Moderate,True
Wheat,3.5,22.3,65.8,7.68,441.0,12.5,94.4,52.4,1.98,507,111,2.06,17778,39,157658,786.8,100,87,96,100,5,Poor,True
Wheat,6.25,15.9,42.9,6.05,3111.0,139.0,40.9,97.6,2.07,519,110,3.66,28667,40,294328,926.7,100,100,90,5,100,Poor,True
Wheat,10.0,19.6,38.9,6.01,1047.0,177.6,68.2,60.6,2.5,539,107,6.9,46389,57,568750,1126.0,100,100,71,62,41,Moderate,True
Wheat,1.0,30.9,36.6,8.48,2912.0,150.8,99.6,73.4,1.38,577,117,0.47,5155,24,31395,509.0,40,28,60,5,83,Poor,True
Wheat,6.25,18.3,71.1,7.68,619.0,55.5,86.0,78.3,2.71,557,109,4.72,30462,63,385328,1164.9,100,87,71,100,45,Moderate,True
Wheat,2.0,16.2,47.6,6.66,711.0,102.6,94.6,47.1,4.08,514,111,2.03,9597,99,185640,1834.4,100,100,100,100,100,Good,True
Wheat,2.25,6.2,91.3,4.03,111.0,26.3,43.7,62.1,0.79,652,125,0.76,10068,5,40438,301.6,5,5,5,5,5,Poor,True
Wheat,5.0,26.4,36.2,7.66,303.0,70.3,84.7,81.4,2.85,555,113,3.66,25610,66,324188,1165.9,79,89,58,63,69,Moderate,True
Wheat,12.25,20.6,56.0,6.18,439.0,93.6,43.7,26.7,4.07,501,109,12.32,53748,99,1134258,2010.3,100,100,100,100,100,Good,True
Wheat,1.0,7.7,88.9,4.38,144.0,30.1,59.9,50.9,0.77,628,121,0.34,4403,5,17518,297.9,5,5,5,5,5,Poor,True
Wheat,3.0,16.6,54.4,6.35,606.0,136.2,30.9,47.6,4.06,496,114,2.98,12897,99,277095,2048.5,100,100,100,100,100,Good,True
Wheat,10.0,11.4,36.3,7.84,1204.0,160.3,51.6,55.6,2.4,575,118,6.64,47286,53,546000,1054.7,59,75,59,43,68,Moderate,True
Wheat,0.25,20.2,53.4,6.92,667.0,117.3,69.3,37.3,4.05,490,108,0.25,1189,99,23034,1837.3,100,100,100,100,100,Good,True
Wheat,9.0,43.2,17.4,4.33,116.0,7.5,81.0,91.8,0.75,651,121,2.94,45144,5,153562,240.2,5,5,5,5,5,Poor,True
Wheat,3.5,7.5,87.5,8.89,2114.0,19.5,68.9,76.8,0.77,642,123,1.14,16454,5,61311,272.6,5,5,5,5,5,Poor,True
Wheat,0.25,20.0,54.8,6.29,662.0,103.8,82.9,31.0,3.88,496,107,0.26,1173,98,22068,1781.3,100,100,100,100,100,Good,True
Wheat,5.0,38.3,13.8,4.44,56.0,17.4,88.4,44.3,0.76,640,119,1.62,24448,6,86450,253.6,5,5,5,5,5,Poor,True
Wheat,0.5,18.0,55.1,7.49,463.0,139.1,69.1,57.1,3.9,518,108,0.49,2307,99,44362,1822.9,100,100,100,100,100,Good,True
Wheat,7.5,6.1,10.2,5.31,2872.0,166.8,63.1,72.3,1.06,642,122,2.93,34820,12,180862,419.4,5,35,5,5,57,Poor,True
Wheat,9.0,20.3,53.5,6.83,475.0,124.4,92.5,53.4,4.0,484,110,9.04,45369,99,819000,1705.2,100,100,100,100,100,Good,True
Wheat,2.0,24.7,71.9,5.22,446.0,55.4,99.6,25.3,2.11,560,110,1.2,9737,47,96005,886.0,94,26,67,100,45,Moderate,True
Wheat,12.25,16.1,43.5,8.91,733.0,145.2,74.0,58.1,2.07,524,110,7.13,58084,40,576883,893.2,100,5,93,100,92,Poor,True
Wheat,4.0,12.6,77.0,6.71,967.0,139.9,78.6,29.6,2.59,594,114,2.87,19750,61,235690,1093.4,78,100,43,73,100,Moderate,True
Wheat,0.5,16.7,46.6,7.13,449.0,95.0,65.9,66.0,3.84,499,113,0.48,2274,99,43680,1820.8,100,100,100,100,100,Good,True
Wheat,0.25,42.9,11.6,4.05,98.0,18.2,39.5,33.1,0.76,646,124,0.1,1089,6,4322,296.9,5,5,5,5,5,Poor,True
Wheat,16.0,37.8,12.6,4.62,134.0,24.0,91.1,86.1,0.78,633,120,5.28,81798,5,283920,247.1,5,5,5,5,5,Poor,True
Wheat,6.25,23.9,33.7,6.92,1252.0,72.0,77.9,44.1,2.46,558,108,4.3,27910,53,349781,1153.2,100,100,46,36,72,Moderate,True
Wheat,6.25,22.9,73.3,7.77,886.0,51.1,78.0,75.1,2.44,552,110,4.38,30448,53,346938,1039.4,100,80,61,83,38,Moderate,True
Wheat,4.0,6.2,90.8,4.93,87.0,34.1,85.7,64.7,0.78,623,123,1.39,19478,5,70980,264.4,5,5,5,5,11,Poor,True
Wheat,2.0,20.3,36.8,5.76,1085.0,125.5,78.3,96.2,2.78,564,108,1.57,9718,71,126490,1201.6,100,77,61,58,100,Moderate,True
Wheat,12.25,7.7,17.4,8.88,104.0,33.6,92.3,67.8,0.77,653,123,4.11,61978,7,214589,246.2,5,5,5,5,11,Poor,True
Wheat,9.0,37.1,12.4,4.15,102.0,19.9,83.4,28.9,0.78,641,122,3.01,41741,5,159705,282.6,5,5,5,5,5,Poor,True
Wheat,10.0,30.1,76.4,5.42,784.0,43.7,31.3,58.7,1.94,588,117,5.85,44059,41,441350,901.7,48,45,46,96,27,Poor,True
Wheat,9.0,23.0,60.6,7.77,1184.0,69.1,60.2,35.7,2.73,504,112,6.66,40405,61,558968,1283.4,100,80,100,45,67,Moderate,True
Wheat,10.0,23.6,57.8,7.27,589.0,110.7,32.3,72.8,4.0,505,113,9.89,43971,99,910000,1969.5,100,100,100,100,100,Good,True
Wheat,0.25,38.2,12.6,4.91,1800.0,6.0,40.2,79.7,0.77,629,120,0.1,1118,5,4379,291.7,5,5,5,5,5,Poor,True
Wheat,2.0,24.3,70.7,6.68,987.0,183.0,49.4,66.4,2.39,529,111,1.35,9145,55,108745,1089.1,97,100,73,70,32,Moderate,True
Wheat,10.0,23.2,56.3,6.49,449.0,108.6,54.7,88.4,3.93,505,107,9.76,46876,99,894075,1807.3,100,100,100,100,100,Good,True
Wheat,9.0,23.7,52.2,6.9,613.0,118.0,84.7,69.0,4.02,510,110,9.03,42922,99,823095,1817.7,100,100,100,100,100,Good,True
Wheat,1.5,31.6,44.0,7.48,541.0,93.5,65.3,25.5,2.67,504,120,1.07,6938,60,91114,1213.3,35,100,95,100,100,Moderate,True
Wheat,0.5,37.8,78.7,6.64,2176.0,192.9,42.0,80.3,1.21,591,120,0.21,2191,21,13764,528.2,5,100,35,5,16,Poor,True
Wheat,1.5,28.3,67.8,6.52,900.0,165.3,30.3,78.0,2.94,519,113,1.19,6894,68,100328,1355.3,63,100,87,81,60,Moderate,True
Wheat,10.0,25.4,96.1,7.08,370.0,84.6,55.7,67.2,1.92,665,113,5.85,45293,40,436800,864.4,88,100,5,88,92,Poor,True
Wheat,5.0,12.4,47.9,7.19,1682.0,104.7,98.7,53.9,1.95,482,109,2.94,24716,41,221812,797.4,74,100,100,5,100,Poor,True
Wheat,6.25,21.3,63.9,6.92,651.0,128.1,66.0,52.6,3.99,523,112,6.13,29156,99,567328,1845.8,100,100,100,100,100,Good,True
Wheat,2.0,42.3,13.1,4.37,128.0,12.4,55.3,43.1,0.78,644,121,0.7,9168,5,35490,287.1,5,5,5,5,5,Poor,True
Wheat,9.0,28.7,41.5,7.6,1121.0,102.9,80.5,26.6,2.81,524,115,6.98,42035,63,575348,1268.7,60,92,84,53,100,Moderate,True
Wheat,2.25,19.3,78.4,6.69,602.0,94.8,64.6,50.8,2.77,592,109,1.63,10700,61,141789,1225.1,100,100,37,100,100,Moderate,True
Wheat,9.0,19.8,64.7,6.76,2030.0,124.0,45.8,52.6,2.05,504,111,5.36,39896,43,419738,952.1,100,100,100,5,100,Poor,True
Wheat,7.5,18.9,49.2,6.3,729.0,128.1,98.9,54.2,3.92,505,107,7.38,36380,99,668850,1738.5,100,100,100,100,100,Good,True
Wheat,1.5,18.3,61.5,6.04,636.0,136.6,90.0,91.6,4.06,497,110,1.51,7451,98,138548,1759.5,100,100,100,100,100,Good,True
Wheat,3.5,20.2,61.4,5.76,564.0,116.1,86.2,95.1,3.62,487,109,3.13,17295,86,288242,1566.6,100,78,100,100,100,Good,True
Wheat,2.25,19.7,11.2,7.37,2049.0,79.3,66.6,74.1,1.66,647,108,1.15,10952,30,84971,675.8,100,100,5,5,83,Poor,True
Wheat,5.0,5.4,67.0,6.07,509.0,106.3,81.9,91.4,2.09,521,124,2.97,24680,42,237737,863.3,5,100,90,100,100,Poor,True
Wheat,0.25,19.3,47.3,6.82,400.0,106.2,41.8,49.1,3.93,500,109,0.25,1073,99,22352,1983.1,100,100,100,100,100,Good,True
Wheat,9.0,16.6,59.1,6.27,562.0,91.0,43.9,36.0,4.03,495,111,8.95,39283,99,825143,2000.5,100,100,100,100,100,Good,True
Wheat,1.0,18.8,62.8,6.85,639.0,107.0,89.1,52.3,3.88,496,110,0.96,4856,99,88270,1717.8,100,100,100,100,100,Good,True
Wheat,0.5,38.6,14.2,4.4,165.0,16.5,71.6,80.5,0.82,638,123,0.17,2440,5,9328,282.3,5,5,5,11,5,Poor,True
Wheat,0.5,42.6,19.4,4.28,150.0,19.3,99.1,60.9,0.77,651,126,0.17,2379,5,8759,268.2,5,5,5,5,5,Poor,True
Wheat,16.0,17.6,58.3,6.67,727.0,132.7,40.3,56.4,3.91,504,112,15.96,68846,99,1423240,1967.3,100,100,100,100,100,Good,True
Wheat,9.0,18.8,46.3,7.26,439.0,166.9,38.6,59.1,3.12,496,111,7.4,39824,76,638820,1504.1,100,100,100,100,57,Moderate,True
Wheat,3.5,22.1,48.6,7.22,729.0,106.8,46.2,95.4,4.17,500,109,3.56,16236,99,332036,1945.1,100,100,100,100,100,Good,True
Wheat,7.5,20.3,48.5,6.1,516.0,101.6,32.1,79.0,4.02,494,110,7.32,34478,98,685912,1889.4,100,100,100,100,100,Good,True
Wheat,3.0,22.9,64.3,7.7,1280.0,93.2,88.1,59.9,2.59,507,112,2.13,15184,59,176768,1064.2,100,85,100,33,100,Moderate,True
Wheat,2.0,37.2,11.8,4.48,99.0,9.5,73.6,80.8,0.78,652,123,0.66,9921,5,35490,257.7,5,5,5,5,5,Poor,True
Wheat,0.5,20.9,56.2,6.31,716.0,103.8,76.3,61.6,3.89,498,106,0.51,2358,99,44249,1776.5,100,100,100,100,100,Good,True
Wheat,9.0,26.7,74.8,7.66,511.0,173.2,64.5,57.3,2.72,565,114,6.55,43106,57,556920,1192.0,77,88,53,100,47,Moderate,True
Wheat,3.0,24.0,34.1,7.52,875.0,118.9,50.5,59.8,2.93,567,112,2.26,13482,65,199973,1383.3,100,99,48,84,100,Moderate,True
Wheat,7.5,40.5,15.4,4.65,131.0,5.3,83.5,99.3,0.76,646,120,2.47,36778,5,129675,252.6,5,5,5,5,5,Poor,True
Wheat,3.5,37.8,66.3,6.9,436.0,135.5,61.0,22.9,2.05,507,122,2.05,15417,44,163231,958.8,5,100,94,100,100,Poor,True
Wheat,16.0,29.0,39.0,6.2,762.0,146.8,42.4,72.8,3.02,540,114,12.41,73621,70,1099280,1393.2,57,100,72,98,89,Moderate,True
Wheat,3.0,12.5,59.4,8.83,650.0,145.1,39.4,77.3,1.91,504,113,1.72,13472,41,130357,867.6,76,5,100,100,92,Poor,True
Wheat,3.0,19.5,54.3,7.39,490.0,103.5,64.1,28.8,3.88,511,110,2.97,13813,99,264810,1817.1,100,100,100,100,100,Good,True
Wheat,7.5,31.8,51.3,5.79,1365.0,187.6,77.3,72.8,1.87,484,116,4.21,36784,37,319069,767.4,33,80,100,22,25,Poor,True
Wheat,5.0,39.1,19.3,8.75,2029.0,16.2,32.0,23.6,0.8,649,119,1.67,21355,9,91000,326.1,5,9,5,5,5,Poor,True
Wheat,4.0,15.4,57.0,6.93,412.0,109.8,88.6,47.9,4.12,498,107,3.94,19032,99,374920,1869.9,100,100,100,100,100,Good,True
Wheat,2.25,42.2,10.3,4.71,101.0,6.5,54.2,48.6,0.77,662,123,0.75,9792,6,39414,302.5,5,5,5,5,5,Poor,True
Wheat,7.5,24.4,73.5,6.67,1140.0,185.8,54.6,72.9,2.15,564,109,4.57,35690,45,366844,927.9,97,100,60,51,28,Moderate,True
Wheat,5.0,14.9,68.3,6.96,2740.0,13.1,51.3,47.0,1.67,513,105,2.7,22041,31,189962,761.9,100,100,84,5,5,Poor,True
Wheat,0.5,29.6,45.3,7.64,1389.0,190.0,31.4,46.1,1.93,495,116,0.29,2168,38,21954,912.6,52,90,100,19,21,Poor,True
Wheat,3.0,21.4,32.9,8.08,1398.0,67.2,62.3,89.1,1.91,591,111,1.75,14083,39,130357,825.6,100,58,43,18,64,Poor,True
Wheat,2.0,42.1,12.3,8.71,1647.0,8.5,77.3,46.9,0.79,612,122,0.67,9255,5,35945,288.4,5,11,5,5,5,Poor,True
Wheat,7.5,19.3,60.5,6.64,459.0,25.3,76.7,33.3,2.15,499,110,4.39,34672,45,366844,958.0,100,100,100,100,5,Poor,True
Wheat,6.25,39.1,19.7,4.16,145.0,19.6,35.3,88.0,0.76,679,125,2.09,28301,5,108062,281.8,5,5,5,5,5,Poor,True
Wheat,2.0,38.5,12.7,4.24,136.0,17.1,73.7,96.6,0.77,643,123,0.68,9791,5,35035,257.8,5,5,5,5,5,Poor,True
Wheat,4.0,42.0,15.8,4.47,91.0,13.5,67.2,54.2,0.8,643,121,1.31,18324,5,72800,297.3,5,5,5,5,5,Poor,True
Wheat,5.0,25.8,48.7,8.93,571.0,82.8,65.3,44.0,1.95,493,112,2.91,23153,41,221812,858.0,85,5,100,100,89,Poor,True
Wheat,12.25,26.9,34.5,8.0,745.0,127.2,76.4,45.1,2.73,583,113,8.96,56469,65,760817,1247.3,75,64,50,100,100,Moderate,True
Wheat,6.25,19.6,60.7,6.47,430.0,113.2,59.0,40.1,3.94,495,111,6.17,27712,99,560219,1921.6,100,100,100,100,100,Good,True
Wheat,9.0,15.5,46.2,5.99,541.0,16.3,83.4,34.4,2.01,511,111,5.61,43022,42,411547,856.6,100,99,100,100,5,Poor,True
Wheat,3.0,17.2,64.9,7.02,656.0,100.6,31.3,76.3,3.98,492,109,3.02,12999,99,271635,1989.7,100,100,100,100,100,Good,True
Wheat,10.0,15.0,54.9,7.23,671.0,136.9,90.4,66.1,3.97,507,109,9.91,49349,99,903175,1730.2,100,100,100,100,100,Good,True
Wheat,7.5,19.7,61.3,7.15,681.0,134.0,44.9,97.0,3.99,514,111,7.35,34365,99,680794,1881.1,100,100,100,100,100,Good,True
Wheat,0.25,42.2,14.7,4.75,130.0,14.2,83.8,54.7,0.75,654,121,0.1,1214,6,4266,251.4,5,5,5,5,5,Poor,True
Wheat,2.0,23.7,54.5,7.2,445.0,109.8,69.6,70.1,3.93,502,110,2.01,9303,98,178815,1822.1,100,100,100,100,100,Good,True
Wheat,2.25,40.7,13.6,4.12,73.0,15.3,51.0,54.8,0.77,663,120,0.75,10052,5,39414,292.1,5,5,5,5,5,Poor,True
Wheat,6.25,14.3,54.4,6.6,448.0,124.4,52.3,86.4,4.03,499,112,6.18,29501,99,573016,1842.4,100,100,100,100,100,Good,True
Wheat,1.0,7.6,28.3,6.06,2489.0,129.2,48.0,68.1,1.46,628,124,0.47,4618,25,33215,619.3,5,100,21,5,100,Poor,True
Wheat,4.0,16.9,62.4,6.11,707.0,116.2,58.4,29.1,3.87,489,108,4.03,18137,99,352170,1841.7,100,100,100,100,100,Good,True
Wheat,9.0,12.2,95.4,5.79,495.0,119.8,62.5,64.8,1.98,623,114,5.01,41293,39,405405,881.8,71,80,5,100,100,Poor,True
Wheat,1.0,20.8,62.4,5.71,542.0,177.8,60.5,71.8,2.72,506,111,0.73,4676,60,61880,1223.4,100,72,100,100,40,Moderate,True
Wheat,0.5,6.1,94.8,4.79,147.0,6.9,92.8,45.1,0.77,633,120,0.17,2440,5,8759,259.0,5,5,5,5,5,Poor,True
Wheat,9.0,17.3,67.7,8.98,735.0,96.2,92.8,73.7,2.06,536,110,5.4,45650,42,421785,824.0,100,5,87,100,100,Poor,True
Wheat,2.0,40.4,45.7,8.2,2544.0,47.2,70.0,60.0,1.33,512,121,0.88,9793,21,60515,517.9,5,49,100,5,32,Poor,True
Wheat,2.0,14.4,61.6,6.89,525.0,134.7,38.4,73.1,3.91,511,111,2.04,8961,99,177905,1885.3,100,100,100,100,100,Good,True
Wheat,6.25,23.5,52.1,6.98,660.0,91.1,70.6,82.0,3.99,504,109,6.19,30337,99,567328,1770.1,100,100,100,100,100,Good,True
Wheat,0.25,7.1,84.8,8.78,2616.0,12.6,37.5,37.1,0.78,624,125,0.1,1047,5,4436,323.7,5,7,6,5,5,Poor,True
Wheat,4.0,16.0,46.8,8.31,262.0,106.7,79.0,29.0,2.54,507,108,2.92,19091,62,231140,1110.7,100,40,100,48,100,Moderate,True
Wheat,0.5,19.5,60.3,7.34,676.0,99.8,68.2,58.0,3.87,491,108,0.5,2370,99,44021,1757.4,100,100,100,100,100,Good,True
Wheat,1.0,38.7,12.8,4.63,72.0,12.1,55.7,44.7,0.78,637,123,0.33,4452,5,17745,298.6,5,5,5,5,5,Poor,True
Wheat,2.0,41.5,19.1,4.03,161.0,17.0,33.8,93.4,0.8,610,122,0.67,9118,5,36400,299.2,5,5,5,9,5,Poor,True
Wheat,6.25,23.6,40.7,5.62,274.0,182.7,77.0,40.2,2.3,540,112,3.96,29192,50,327031,1020.3,100,64,79,52,32,Moderate,True
Wheat,3.0,20.4,67.5,7.5,2719.0,137.0,67.4,38.9,2.03,509,108,1.79,13437,41,138548,931.1,100,100,88,5,100,Poor,True
Wheat,9.0,14.3,53.9,6.97,3047.0,114.2,94.9,93.4,2.03,510,110,5.18,44430,40,415642,835.5,100,100,100,5,100,Poor,True
Wheat,5.0,13.0,45.7,4.09,385.0,93.4,50.8,88.8,1.94,509,115,2.96,23208,43,220675,850.9,85,5,100,94,100,Poor,True
Wheat,12.25,24.8,38.0,7.92,418.0,173.7,41.2,55.1,2.78,546,112,8.86,53016,58,774751,1361.4,93,69,67,100,47,Moderate,True
Wheat,0.25,19.5,48.6,6.52,726.0,97.3,52.2,85.0,4.1,496,109,0.24,1176,99,23319,1882.9,100,100,100,100,100,Good,True
Wheat,3.5,23.7,59.6,6.38,653.0,118.8,75.1,83.1,3.85,500,108,3.63,17142,99,306556,1688.3,100,100,100,100,100,Good,True
Wheat,3.5,34.7,89.2,4.86,138.0,17.3,72.1,85.1,0.78,631,124,1.2,16762,6,62108,270.5,7,5,5,5,5,Poor,True
Wheat,2.25,16.9,57.8,6.28,506.0,114.3,81.6,56.3,3.93,498,110,2.19,10800,99,201167,1762.7,100,100,100,100,100,Good,True
Wheat,0.25,6.1,20.2,8.66,102.0,13.7,79.9,81.4,0.83,660,120,0.1,1255,5,4721,276.2,5,15,5,5,5,Poor,True
Wheat,0.25,18.9,60.1,6.78,500.0,102.4,75.4,30.4,3.96,490,109,0.25,1149,99,22522,1860.1,100,100,100,100,100,Good,True
Wheat,1.0,25.8,56.8,6.81,838.0,135.5,71.6,52.8,3.55,499,112,0.94,4738,91,80762,1604.6,84,100,100,89,100,Good,True
Wheat,3.5,21.7,51.4,7.26,691.0,123.4,95.8,56.1,4.1,490,113,3.55,17394,99,326462,1776.9,100,100,100,100,100,Good,True
Wheat,0.5,17.5,72.8,5.91,655.0,156.1,91.1,30.7,3.11,547,110,0.41,2380,76,35376,1386.4,100,92,63,100,74,Moderate,True
Wheat,6.25,11.9,63.4,5.64,917.0,16.9,55.7,51.5,1.74,508,115,3.37,27867,31,247406,787.8,67,66,100,79,5,Poor,True
Wheat,1.5,39.6,18.3,4.46,53.0,5.3,69.1,69.0,0.78,649,126,0.51,7124,5,26618,273.6,5,5,5,5,5,Poor,True
Wheat,10.0,14.1,18.0,6.31,859.0,170.4,33.5,69.4,1.83,631,109,5.76,43705,35,416325,852.6,100,100,5,86,52,Poor,True
Wheat,10.0,23.6,50.5,7.31,536.0,96.0,72.0,31.9,3.99,509,105,10.54,47552,98,907725,1808.9,100,100,100,100,100,Good,True
Wheat,1.0,7.9,90.9,4.99,1786.0,15.1,64.6,30.4,0.79,652,119,0.32,4621,7,17972,288.9,5,5,5,5,5,Poor,True
Wheat,2.25,39.3,64.0,8.98,921.0,135.4,59.3,52.7,1.67,505,122,1.2,10259,29,85483,733.2,5,5,100,78,100,Poor,True
Wheat,3.0,25.2,39.4,6.94,739.0,173.6,40.2,43.2,2.86,539,112,2.29,12975,61,195195,1404.4,90,100,73,100,47,Moderate,True
Wheat,5.0,14.8,53.6,7.24,566.0,131.5,48.3,69.4,3.93,497,111,4.73,22862,99,447038,1855.4,100,100,100,100,100,Good,True
Wheat,9.0,43.4,13.7,4.55,119.0,5.2,39.3,45.9,0.79,683,123,2.96,40119,7,161752,303.2,5,5,5,5,5,Poor,True
Wheat,0.25,41.9,16.9,4.57,156.0,16.0,47.9,27.6,0.8,635,126,0.1,1099,7,4550,314.0,5,5,5,7,5,Poor,True
Wheat,0.25,7.4,40.0,5.17,2734.0,199.3,95.8,97.4,1.09,524,122,0.1,1290,15,6199,380.5,5,22,76,5,6,Poor,True
Wheat,0.5,7.2,90.6,8.72,89.0,25.3,48.2,60.3,0.8,670,122,0.17,2249,5,9100,304.6,5,11,5,5,5,Poor,True
Wheat,5.0,43.5,18.8,4.11,98.0,13.0,39.9,29.3,0.79,656,127,1.69,21659,6,89862,314.9,5,5,5,5,5,Poor,True
Wheat,1.5,37.3,11.3,4.7,175.0,16.2,94.8,42.6,0.8,645,123,0.51,7442,6,27300,266.8,5,5,5,15,5,Poor,True
Wheat,3.5,23.5,56.9,7.39,1102.0,106.1,91.4,69.0,3.1,498,112,2.84,17160,73,246838,1338.4,100,100,100,55,100,Moderate,True
Wheat,12.25,14.8,37.9,8.24,1385.0,46.7,83.3,41.1,1.82,545,108,6.76,57054,34,507211,789.0,100,46,66,20,31,Poor,True
Wheat,2.25,14.6,61.0,6.39,604.0,112.2,51.9,91.4,4.03,507,110,2.23,10428,99,206286,1878.2,100,100,100,100,100,Good,True
Wheat,12.25,6.6,96.8,4.06,93.0,29.7,60.6,99.6,0.78,644,125,4.14,60106,6,217376,261.7,5,5,5,5,5,Poor,True
Wheat,1.5,14.9,62.7,7.05,488.0,91.0,94.9,23.3,4.06,498,111,1.53,7282,99,138548,1802.6,100,100,100,100,100,Good,True
Wheat,1.5,39.5,17.1,4.39,124.0,17.7,90.7,29.9,0.77,686,123,0.5,7090,5,26276,270.6,5,5,5,5,5,Poor,True
Wheat,0.25,5.6,47.9,6.61,405.0,85.5,82.5,85.8,2.0,494,123,0.15,1290,45,11375,781.8,5,100,100,100,93,Poor,True
Wheat,2.0,22.3,58.6,7.74,439.0,27.3,71.0,66.7,2.08,498,109,1.2,9716,42,94640,874.1,100,83,100,100,5,Poor,True
Wheat,1.0,14.9,54.6,6.42,773.0,92.1,98.0,62.1,3.91,497,108,0.96,4825,98,88952,1743.6,100,100,100,97,100,Good,True
Wheat,1.5,19.9,38.0,7.89,651.0,100.0,70.0,53.3,3.22,556,110,1.27,7038,79,109882,1461.3,100,71,67,100,100,Good,True
Wheat,12.25,5.7,58.1,7.03,369.0,150.0,92.1,22.1,1.95,503,123,7.22,58465,40,543441,829.5,5,100,100,88,84,Poor,True
Wheat,10.0,22.9,64.9,6.13,702.0,109.5,77.7,74.5,4.07,497,110,9.85,48450,99,925925,1811.1,100,100,100,100,100,Good,True
Wheat,6.25,20.8,63.1,8.76,2527.0,30.8,35.7,86.5,1.41,493,109,2.87,27960,25,200484,617.0,100,8,100,5,6,Poor,True
Wheat,0.5,21.2,52.8,7.15,556.0,107.3,76.2,56.3,4.13,495,110,0.51,2378,99,46979,1875.6,100,100,100,100,100,Good,True
Wheat,3.0,23.9,51.4,7.26,463.0,93.1,96.9,67.5,4.08,495,109,2.94,14558,99,278460,1812.8,100,100,100,100,100,Good,True
Wheat,4.0,18.3,50.2,6.48,1200.0,107.8,30.4,97.6,2.86,500,109,3.01,18306,66,260260,1321.7,100,100,100,43,100,Moderate,True
Wheat,0.5,20.5,51.7,7.38,629.0,103.9,75.9,96.1,4.1,503,107,0.51,2509,99,46637,1758.8,100,100,100,100,100,Good,True
Wheat,3.5,6.6,83.7,4.39,118.0,19.0,42.5,97.2,0.78,641,123,1.17,15766,5,62108,293.9,5,5,11,5,5,Poor,True
Wheat,2.25,13.6,52.1,6.66,59.0,133.1,57.2,52.2,1.97,495,109,1.31,10472,44,100839,862.9,94,100,100,5,100,Poor,True
Wheat,4.0,14.9,76.2,7.0,1230.0,91.3,75.3,96.4,2.52,579,107,2.83,19516,58,229320,1075.0,100,100,47,39,100,Moderate,True
Wheat,0.5,11.2,36.9,8.01,2234.0,184.3,93.3,68.3,1.44,566,116,0.24,2525,24,16380,548.7,55,63,61,5,30,Poor,True
Wheat,12.25,39.5,11.0,4.29,80.0,11.7,57.2,41.5,0.76,639,122,4.15,55916,5,211802,278.8,5,5,5,5,5,Poor,True
Wheat,16.0,23.6,56.6,6.78,403.0,114.3,72.0,27.2,3.96,497,111,16.55,74763,99,1441440,1828.0,100,100,100,100,100,Good,True
Wheat,9.0,40.0,13.7,4.15,145.0,6.4,65.9,97.9,0.79,627,121,2.97,44022,5,161752,267.4,5,5,5,5,5,Poor,True
Wheat,16.0,20.7,56.5,6.47,580.0,102.3,77.4,71.8,3.97,508,109,16.28,77066,99,1445080,1775.1,100,100,100,100,100,Good,True
Wheat,2.25,29.5,60.5,7.87,878.0,72.8,80.0,94.5,2.67,498,120,1.71,11390,66,136671,1099.9,52,73,100,84,73,Moderate,True
Wheat,1.5,18.8,53.3,6.33,794.0,20.7,66.7,43.3,1.94,495,109,0.9,6896,42,66202,860.0,100,100,100,94,5,Poor,True
Wheat,7.5,21.9,48.4,6.06,465.0,128.3,60.6,92.6,4.08,496,110,7.41,36139,99,696150,1826.3,100,100,100,100,100,Good,True
Wheat,10.0,24.1,23.4,4.64,2718.0,168.3,66.6,43.6,1.25,656,111,4.46,45890,19,284375,519.7,99,5,5,5,55,Poor,True
Wheat,12.25,17.0,47.6,6.57,471.0,122.2,33.3,26.1,4.19,500,111,11.85,54589,99,1167701,2039.1,100,100,100,100,100,Good,True
Wheat,5.0,37.3,11.1,4.34,64.0,14.9,69.8,40.3,0.77,645,125,1.65,23125,5,87588,278.8,5,5,5,5,5,Poor,True
Wheat,6.25,17.4,57.3,6.14,524.0,102.6,47.8,26.5,4.05,505,108,6.2,27358,99,575859,2004.9,100,100,100,100,100,Good,True
Wheat,3.5,14.6,43.1,6.6,502.0,5.4,81.8,57.0,2.03,517,112,2.07,15984,42,161639,911.3,100,100,91,100,5,Poor,True
Wheat,3.5,18.2,85.6,6.78,624.0,130.7,91.4,43.8,2.06,652,110,2.08,16245,42,164028,909.7,100,100,5,100,100,Poor,True
Wheat,16.0,38.1,20.1,8.62,141.0,5.2,38.2,33.7,0.79,651,123,5.69,67944,6,287560,323.2,5,18,5,5,5,Poor,True
Wheat,4.0,40.2,95.2,8.89,136.0,5.5,37.8,21.3,0.79,645,124,1.38,16942,5,71890,324.3,5,5,5,5,5,Poor,True
Wheat,2.25,43.8,18.6,4.17,147.0,14.7,60.5,70.1,0.81,637,119,0.74,10874,8,41462,281.3,5,5,5,5,5,Poor,True
Wheat,10.0,22.4,50.8,6.28,542.0,126.5,85.3,35.3,4.01,508,109,9.98,45916,99,912275,1886.8,100,100,100,100,100,Good,True
Wheat,1.0,24.0,52.7,7.36,503.0,127.7,51.1,57.1,4.0,504,111,1.01,4587,98,91000,1883.9,100,100,100,100,100,Good,True
Wheat,10.0,19.1,58.8,6.95,681.0,112.6,63.2,21.7,4.11,517,109,9.61,43518,99,935025,2048.6,100,100,100,100,100,Good,True
Wheat,5.0,35.4,90.1,8.66,1512.0,39.3,89.4,79.0,0.87,658,125,1.74,24212,8,98962,308.7,5,15,5,5,20,Poor,True
Wheat,0.25,39.0,89.0,4.28,110.0,14.4,75.4,91.1,0.74,649,124,0.1,1244,7,4209,238.3,5,5,5,5,5,Poor,True
Wheat,2.25,43.5,46.3,6.58,738.0,94.9,61.4,54.9,2.0,495,121,1.33,10640,42,102375,862.2,5,100,100,100,100,Poor,True
Wheat,3.0,15.1,50.9,6.55,1099.0,156.1,41.3,78.1,2.99,502,111,2.41,13280,71,204068,1436.7,100,100,100,56,74,Moderate,True
Wheat,4.0,23.8,49.4,6.54,1804.0,137.0,94.5,88.3,2.03,496,111,2.37,19931,43,184730,826.8,100,100,100,5,100,Poor,True
Wheat,10.0,13.0,69.0,5.63,329.0,120.6,80.1,57.5,3.0,535,111,8.04,49349,72,682500,1283.0,83,65,81,73,100,Moderate,True
Wheat,1.5,22.6,36.5,8.23,585.0,178.5,91.8,77.8,2.49,569,108,1.02,7196,53,84971,1080.8,100,47,60,100,39,Moderate,True
Wheat,7.5,37.8,22.3,4.75,127.0,10.5,64.5,83.5,0.79,645,122,2.46,35773,10,134794,276.8,5,5,5,5,5,Poor,True
Wheat,16.0,20.1,67.3,6.51,80.0,125.6,99.9,48.7,1.98,508,109,9.61,79639,44,720720,805.0,100,100,89,5,100,Poor,True
Wheat,0.25,18.4,54.0,6.45,600.0,97.5,48.3,74.2,3.95,516,111,0.24,1183,99,22466,1799.1,100,100,100,100,100,Good,True
Wheat,7.5,17.6,22.4,6.98,421.0,115.2,86.5,47.0,2.08,636,111,4.53,36438,44,354900,874.0,100,100,5,100,100,Poor,True
Wheat,3.5,14.4,56.2,6.82,472.0,124.8,38.0,38.1,3.93,513,109,3.6,15115,99,312926,1970.3,100,100,100,100,100,Good,True
Wheat,2.0,40.9,14.9,4.79,168.0,16.5,83.9,64.6,0.83,678,120,0.68,9471,8,37765,298.7,5,5,5,12,5,Poor,True
Wheat,2.0,7.8,96.9,4.96,148.0,33.8,32.9,28.4,0.77,664,123,0.67,8519,7,35035,311.3,5,5,5,5,11,Poor,True
Wheat,6.25,41.8,87.4,4.91,91.0,9.3,44.1,97.6,0.74,646,123,2.12,29937,5,105219,251.5,5,5,5,5,5,Poor,True
Wheat,1.5,35.8,10.6,8.17,1474.0,57.4,42.0,41.3,1.11,643,125,0.59,6664,14,37879,468.4,5,51,5,8,48,Poor,True
Wheat,4.0,7.4,94.3,8.64,2114.0,38.3,66.1,74.6,0.83,618,123,1.43,18521,7,75530,307.8,5,17,5,5,18,Poor,True
Wheat,5.0,24.6,76.5,5.52,1307.0,131.4,96.1,55.4,2.19,595,110,3.22,23505,49,249112,959.8,95,55,45,29,100,Moderate,True
Wheat,6.25,7.5,13.1,4.52,126.0,39.2,98.6,83.9,0.81,669,122,2.15,32797,7,115172,251.2,5,5,5,5,20,Poor,True
Wheat,1.5,42.8,93.2,8.69,81.0,29.5,61.2,36.4,0.82,648,121,0.51,6602,5,27982,323.8,5,13,5,5,5,Poor,True
Wheat,0.25,17.6,56.6,6.29,681.0,127.7,68.1,83.1,3.99,486,108,0.25,1203,99,22693,1786.4,100,100,100,100,100,Good,True
Wheat,7.5,23.3,55.5,6.06,520.0,93.8,75.6,75.8,4.13,477,109,7.45,35993,98,704681,1857.8,100,100,100,100,100,Good,True
Wheat,0.5,13.8,53.4,6.9,128.0,105.6,32.6,46.8,2.06,489,110,0.3,2170,42,23432,979.8,96,100,100,5,100,Poor,True
Wheat,2.25,12.2,39.9,7.08,1246.0,172.4,80.8,79.2,2.36,524,114,1.52,11230,51,120802,975.7,72,100,76,37,49,Moderate,True
Wheat,1.0,16.5,75.2,6.65,1244.0,56.4,38.8,99.4,2.33,562,110,0.64,4547,52,53008,1065.8,100,100,51,37,47,Moderate,True
Wheat,12.25,24.4,53.5,7.97,644.0,80.0,49.9,27.4,3.17,506,112,10.65,53116,76,883439,1563.2,96,65,100,100,84,Good,True
Wheat,3.5,14.4,46.2,6.56,427.0,119.8,68.6,61.7,3.9,499,113,3.36,16041,99,310538,1835.9,100,100,100,100,100,Good,True
Wheat,3.0,18.0,52.2,6.99,767.0,114.0,83.0,32.8,3.89,514,111,2.92,14461,98,265492,1735.9,100,100,100,98,100,Good,True
Wheat,3.0,6.1,81.7,6.96,800.0,154.8,80.9,99.0,1.68,623,125,1.54,15062,31,114660,661.3,5,100,21,94,77,Poor,True
Wheat,7.5,34.5,15.4,4.06,111.0,20.9,98.8,84.4,0.78,632,125,2.46,38248,5,133088,248.0,9,5,5,5,5,Poor,True
Wheat,12.25,16.0,56.2,6.48,688.0,129.2,99.2,65.2,4.01,512,107,12.24,61075,99,1117537,1729.8,100,100,100,100,100,Good,True
Wheat,9.0,19.4,69.2,7.69,404.0,53.3,92.6,70.2,2.7,557,113,6.52,43469,63,552825,1171.8,100,86,80,100,42,Moderate,True
Wheat,9.0,17.7,69.1,6.68,786.0,26.1,46.4,43.9,1.89,558,112,5.4,39635,43,386977,876.4,100,100,80,95,5,Poor,True
Wheat,0.25,31.7,83.4,6.86,506.0,75.5,81.6,28.4,1.9,623,120,0.14,1192,38,10806,806.5,34,100,13,100,77,Poor,True
Wheat,16.0,23.2,46.2,7.23,1362.0,140.6,66.2,35.4,2.44,490,110,11.25,73260,53,888160,1112.3,100,100,100,22,99,Moderate,True
Wheat,2.0,24.4,45.3,5.95,959.0,75.1,84.5,56.3,3.24,493,113,1.64,9603,83,147420,1435.1,97,95,100,74,76,Good,True
Wheat,12.25,14.7,45.2,7.25,682.0,99.1,40.3,54.1,3.93,494,112,12.36,54261,99,1095242,1918.5,100,100,100,100,100,Good,True
Wheat,3.5,28.5,64.5,7.47,625.0,157.8,58.8,27.4,3.1,486,118,2.86,15760,74,246838,1466.2,61,100,100,100,72,Moderate,True
Wheat,4.0,22.0,21.7,5.07,326.0,135.4,58.2,64.7,1.6,618,109,2.1,17812,32,145600,717.4,100,12,5,72,100,Poor,True
Wheat,1.0,14.1,48.4,7.26,408.0,101.7,84.5,89.8,4.04,507,111,1.01,4840,99,91910,1799.0,100,100,100,100,100,Good,True
Wheat,3.0,16.8,48.3,6.4,637.0,17.5,59.6,55.2,2.06,511,109,1.8,13746,44,140595,922.8,100,100,100,100,5,Poor,True
Wheat,9.0,21.1,52.9,6.41,401.0,126.0,95.2,59.2,3.97,485,111,9.4,44378,99,812858,1731.7,100,100,100,100,100,Good,True
Wheat,7.5,7.9,90.3,4.16,129.0,31.1,96.1,49.5,0.78,650,120,2.67,37716,6,133088,252.9,5,5,5,5,7,Poor,True
Wheat,3.0,15.4,46.6,7.26,404.0,133.1,96.6,68.1,3.99,488,109,3.09,15314,99,272318,1678.2,100,100,100,100,100,Good,True
Wheat,12.25,39.9,11.2,4.46,56.0,7.3,56.0,99.3,0.75,652,122,4.16,57315,7,209016,264.7,5,5,5,5,5,Poor,True
Wheat,0.25,11.3,71.5,8.23,1004.0,74.7,51.2,58.9,2.46,540,117,0.16,1114,53,13991,1155.9,57,47,69,68,76,Moderate,True
Wheat,16.0,35.3,96.4,8.85,80.0,35.5,59.2,65.8,0.78,642,121,5.52,76156,6,283920,272.8,5,5,5,5,14,Poor,True
Wheat,7.5,26.4,44.7,6.35,607.0,152.2,69.6,92.0,3.57,513,111,6.65,36822,86,609131,1554.3,79,100,98,100,81,Good,True
Wheat,1.5,13.7,47.8,7.77,970.0,106.8,84.7,58.0,3.36,506,111,1.28,7265,80,114660,1478.3,96,80,100,72,100,Good,True
Wheat,2.25,22.1,53.4,5.83,709.0,8.3,39.7,70.9,2.0,525,111,1.27,10018,41,102375,921.9,100,84,100,100,5,Poor,True
Wheat,2.25,35.5,70.0,4.74,2211.0,17.9,73.7,69.9,1.07,529,121,0.87,10806,12,54771,406.9,5,5,76,5,5,Poor,True
Wheat,1.5,22.2,52.4,6.44,690.0,121.9,57.1,92.0,4.02,507,111,1.48,7154,99,137182,1817.6,100,100,100,100,100,Good,True
Wheat,2.25,22.8,51.9,6.58,635.0,114.4,53.7,23.7,3.98,505,107,2.25,10097,99,203726,1917.7,100,100,100,100,100,Good,True
Wheat,9.0,19.5,53.1,6.59,683.0,110.4,76.9,55.4,3.92,502,111,9.08,43404,99,802620,1749.2,100,100,100,100,100,Good,True
Wheat,0.25,23.0,66.0,4.65,510.0,124.8,70.0,83.7,1.97,501,111,0.15,1211,43,11204,825.2,100,5,95,100,100,Poor,True
Wheat,10.0,13.8,63.9,4.56,587.0,116.0,43.5,69.5,2.06,505,110,6.1,44117,42,468650,962.3,97,5,100,100,100,Poor,True
Wheat,2.25,28.1,14.8,6.85,649.0,95.2,92.8,29.6,1.98,639,119,1.27,11103,38,101351,812.8,65,100,5,100,100,Poor,True
Wheat,4.0,15.4,40.7,7.4,571.0,9.5,31.3,82.9,2.04,515,110,2.32,18145,40,185640,923.1,100,100,79,100,5,Poor,True
Wheat,2.25,13.7,95.9,7.7,682.0,131.4,35.9,62.7,2.07,634,111,1.28,9967,40,105958,963.1,95,85,5,100,100,Poor,True
Wheat,4.0,15.3,57.4,5.73,582.0,71.2,52.4,67.1,3.25,501,110,3.53,18693,79,295750,1482.1,100,75,100,100,70,Good,True
Wheat,9.0,18.0,43.8,6.32,1540.0,126.0,42.6,21.9,2.1,509,109,5.3,39071,42,429975,1000.5,100,100,94,5,100,Poor,True
Wheat,9.0,7.1,13.5,4.34,91.0,7.1,97.3,34.5,0.8,631,124,3.07,43399,8,163800,277.4,5,5,5,5,5,Poor,True
Wheat,0.25,5.9,53.9,6.6,589.0,99.2,58.9,45.9,2.06,499,125,0.15,1169,44,11716,902.2,5,100,100,100,100,Poor,True
Wheat,1.0,39.6,18.3,4.1,80.0,16.3,71.0,59.4,0.77,648,122,0.33,4892,5,17518,258.1,5,5,5,5,5,Poor,True
Wheat,7.5,24.3,38.9,6.61,1284.0,64.9,82.7,50.8,2.33,555,106,5.18,36995,53,397556,974.6,97,100,71,32,60,Moderate,True
Wheat,2.25,15.4,45.5,6.36,671.0,102.0,38.1,24.9,3.93,502,110,2.22,9369,99,201167,2047.2,100,100,100,100,100,Good,True
Wheat,9.0,23.5,65.4,6.74,1255.0,117.6,62.5,52.6,2.71,510,110,6.38,40241,60,554872,1278.9,100,100,98,36,100,Moderate,True
Wheat,10.0,40.4,14.1,4.19,183.0,9.0,97.4,74.0,0.82,639,124,3.49,51021,5,186550,265.6,5,5,5,18,5,Poor,True
Wheat,6.25,16.9,57.3,6.82,675.0,103.5,47.2,64.4,3.9,518,112,6.27,27786,99,554531,1895.7,100,100,100,100,100,Good,True
Wheat,3.5,17.3,36.7,6.63,283.0,71.7,85.0,44.4,2.75,560,109,2.63,16796,64,218969,1203.7,100,100,61,55,71,Moderate,True
Wheat,4.0,21.9,56.9,6.77,412.0,122.7,58.5,26.7,4.09,504,109,4.09,17930,99,372190,1975.8,100,100,100,100,100,Good,True
Wheat,3.0,26.2,49.9,6.05,1123.0,157.6,74.5,36.3,2.87,477,113,2.35,13744,68,195878,1325.2,81,100,100,53,72,Moderate,True
Wheat,12.25,43.7,43.6,8.93,2368.0,107.5,59.7,92.9,1.36,529,123,5.79,60402,23,379015,527.5,5,5,93,5,100,Poor,True
Wheat,6.25,12.8,42.9,5.78,2881.0,137.8,75.7,33.4,1.86,503,114,3.52,28750,36,264469,819.9,82,79,90,5,100,Poor,True
Wheat,3.5,42.3,95.6,5.2,121.0,10.6,67.4,25.6,0.84,668,121,1.21,16436,7,66885,306.9,5,24,5,5,5,Poor,True
Wheat,2.25,13.0,41.9,8.09,1377.0,137.1,36.3,75.9,2.14,525,111,1.37,9819,46,109541,1015.6,85,57,85,21,100,Moderate,True
Wheat,12.25,40.5,86.2,8.88,2562.0,13.6,98.8,47.3,0.79,627,121,4.11,61597,5,220163,257.4,5,5,5,5,5,Poor,True
Wheat,4.0,22.1,48.1,6.32,528.0,134.0,62.2,68.0,3.86,485,114,3.92,18702,99,351260,1778.2,100,100,100,100,100,Good,True
Wheat,7.5,5.6,72.3,7.23,106.0,95.3,93.1,73.8,1.6,569,124,3.93,36545,29,273000,647.0,5,100,65,5,100,Poor,True
Wheat,7.5,25.3,65.2,8.21,325.0,68.8,58.9,91.6,2.71,499,111,5.54,34483,64,462394,1240.9,89,48,99,71,67,Moderate,True
Wheat,3.0,15.7,62.3,6.75,486.0,124.4,79.2,81.0,4.02,498,106,2.99,14270,99,274365,1822.7,100,100,100,100,100,Good,True
Wheat,7.5,12.0,59.3,7.57,1140.0,62.5,67.7,83.0,2.65,490,115,5.5,36263,62,452156,1146.9,68,95,100,51,56,Moderate,True
Wheat,1.0,17.0,64.9,6.49,728.0,109.6,75.4,26.2,4.11,500,111,0.98,4607,99,93502,1929.6,100,100,100,100,100,Good,True
Wheat,2.25,30.1,39.1,5.43,334.0,73.5,32.2,86.6,2.45,532,116,1.51,10268,54,125409,1121.4,48,46,72,75,74,Moderate,True
Wheat,9.0,13.8,38.8,6.43,896.0,128.9,77.0,73.8,3.44,539,113,7.77,42725,80,704340,1548.5,97,100,71,81,100,Good,True
Wheat,16.0,17.3,49.7,6.4,477.0,99.8,54.7,85.0,3.97,508,111,15.51,74304,99,1445080,1844.8,100,100,100,100,100,Good,True
Wheat,3.0,20.2,57.4,6.06,502.0,110.7,87.9,48.6,3.86,500,110,2.93,14498,99,263445,1717.1,100,100,100,100,100,Good,True
Wheat,0.25,11.7,48.8,5.92,540.0,171.6,42.4,81.4,2.73,489,115,0.19,1105,65,15527,1305.2,63,92,100,100,50,Moderate,True
Wheat,0.5,23.4,63.4,6.08,461.0,97.0,78.8,20.7,3.93,494,113,0.49,2284,99,44704,1857.3,100,100,100,100,100,Good,True
Wheat,7.5,22.4,54.4,6.54,1077.0,172.6,62.4,94.9,2.91,499,112,5.62,36383,65,496519,1264.7,100,100,100,59,48,Moderate,True
Wheat,16.0,40.1,12.2,4.02,92.0,18.8,55.0,27.2,0.75,620,124,5.44,69750,5,273000,291.4,5,5,5,5,5,Poor,True
Wheat,9.0,20.5,51.8,7.73,607.0,20.6,86.6,37.7,2.01,510,111,5.29,41661,41,411547,887.8,100,83,100,100,5,Poor,True
Wheat,12.25,8.0,15.6,8.9,1916.0,11.0,43.6,79.1,0.78,663,124,4.07,53994,5,217376,302.6,5,5,5,5,5,Poor,True
Wheat,0.25,25.8,63.8,7.79,786.0,19.1,34.6,30.3,1.9,513,112,0.15,1069,39,10806,910.9,84,79,100,95,5,Poor,True
Wheat,2.25,16.6,49.9,7.44,424.0,111.4,34.6,40.8,4.03,484,108,2.2,9762,99,206286,2013.2,100,100,100,100,100,Good,True
Wheat,2.0,24.4,75.3,5.86,902.0,154.7,69.9,38.2,2.81,589,112,1.52,9366,67,127855,1265.1,96,86,51,81,77,Moderate,True
Wheat,9.0,23.9,52.2,7.23,532.0,132.0,66.6,82.6,3.99,520,112,8.99,43254,99,816953,1788.7,100,100,100,100,100,Good,True
Wheat,7.5,16.7,56.4,7.45,706.0,133.8,43.4,74.2,3.96,501,109,7.38,33572,99,675675,1912.6,100,100,100,100,100,Good,True
Wheat,0.25,44.7,72.4,6.66,833.0,112.0,61.8,95.0,1.88,573,122,0.14,1205,38,10692,787.3,5,100,65,89,100,Poor,True
Wheat,12.25,37.9,51.8,7.55,791.0,114.6,49.2,74.4,2.01,504,124,7.3,55710,39,560162,905.5,5,97,100,95,100,Poor,True
Wheat,0.25,20.6,53.6,7.27,672.0,126.2,62.7,48.9,4.04,502,109,0.24,1100,99,22978,1988.9,100,100,100,100,100,Good,True
Wheat,10.0,35.4,89.5,5.12,906.0,84.0,61.4,20.4,1.32,651,122,4.46,45368,21,300300,561.9,5,17,5,80,91,Poor,True
Wheat,16.0,21.1,56.1,6.81,651.0,100.4,43.6,26.5,4.04,490,110,15.64,70901,99,1470560,1974.1,100,100,100,100,100,Good,True
Wheat,5.0,27.9,12.3,7.69,2936.0,84.8,35.2,40.0,1.55,643,114,2.48,21841,26,176312,707.3,67,86,5,5,92,Poor,True
Wheat,2.25,38.2,13.1,4.5,65.0,12.2,86.6,67.4,0.78,638,122,0.76,11135,5,39926,258.6,5,5,5,5,5,Poor,True
Wheat,12.25,17.3,34.2,6.16,478.0,121.3,73.8,46.7,3.05,562,107,9.6,59020,72,849997,1340.2,100,100,49,100,100,Moderate,True
Wheat,6.25,27.8,56.9,6.3,557.0,72.6,47.5,28.6,3.25,507,115,5.24,26659,79,462109,1633.4,67,100,100,100,73,Good,True
Wheat,5.0,16.9,37.8,7.45,609.0,176.4,46.7,47.3,2.77,545,110,3.68,22567,64,315088,1296.2,100,100,66,100,42,Moderate,True
Wheat,1.5,7.2,40.0,7.97,2836.0,155.1,73.4,81.1,1.47,531,121,0.73,7309,28,50164,586.3,5,66,76,5,76,Poor,True
Wheat,0.5,23.8,64.9,6.11,728.0,104.5,73.8,66.3,3.91,472,110,0.51,2328,99,44476,1810.5,100,100,100,100,100,Good,True
Wheat,1.5,19.0,64.0,7.05,616.0,118.7,36.0,24.9,3.98,504,110,1.49,6186,98,135818,2095.6,100,100,100,100,100,Good,True
Wheat,1.0,37.2,13.1,4.68,60.0,6.9,94.3,55.4,0.75,648,126,0.35,4889,6,17062,249.0,5,5,5,5,5,Poor,True
Wheat,5.0,39.1,16.3,4.05,152.0,13.4,50.6,50.5,0.77,628,122,1.66,22922,5,87588,282.1,5,5,5,6,5,Poor,True
Wheat,5.0,19.6,35.7,6.11,309.0,189.4,36.7,80.2,2.12,583,109,3.09,22909,45,241150,952.6,100,100,56,66,22,Moderate,True
Wheat,3.0,18.8,58.1,5.59,1257.0,163.8,46.3,68.0,2.47,499,110,2.02,13695,51,168578,1130.9,100,61,100,36,62,Moderate,True
Wheat,2.0,14.5,59.0,6.31,706.0,5.3,56.9,83.6,2.01,496,110,1.21,9330,43,91455,880.2,100,100,100,100,5,Poor,True
Wheat,7.5,23.0,46.9,6.38,632.0,123.7,91.6,69.5,4.09,496,110,7.41,38602,98,697856,1707.8,100,100,100,100,100,Good,True
Wheat,4.0,24.8,41.1,4.65,437.0,115.2,61.8,46.3,2.04,534,108,2.32,18465,40,185640,905.4,93,5,81,100,100,Poor,True
Wheat,3.0,29.1,64.8,5.47,589.0,123.7,43.5,28.2,2.73,503,117,2.22,12920,67,186322,1342.1,56,50,100,100,100,Moderate,True
Wheat,6.25,7.2,84.9,8.74,93.0,7.1,51.8,54.9,0.8,646,119,2.07,28461,7,113750,299.7,5,9,6,5,5,Poor,True
Wheat,0.5,40.8,19.6,8.69,100.0,7.0,65.5,86.8,0.81,619,121,0.17,2440,6,9214,277.6,5,13,5,5,5,Poor,True
Wheat,5.0,28.7,48.3,6.18,1236.0,96.2,90.1,53.8,2.6,488,117,3.52,24341,59,295750,1115.0,59,100,100,38,100,Moderate,True
Wheat,2.0,18.9,76.4,6.02,690.0,43.8,43.7,36.0,2.33,576,108,1.31,8579,51,106015,1135.8,100,100,46,100,27,Moderate,True
Wheat,2.0,24.2,89.4,5.79,653.0,104.2,78.6,98.6,2.02,638,108,1.1,9708,38,91910,846.7,98,80,5,100,100,Poor,True
Wheat,2.0,29.0,39.8,6.89,2893.0,123.2,59.3,33.0,1.77,523,114,1.11,9212,34,80535,774.2,57,100,75,5,100,Poor,True
Wheat,9.0,19.0,63.0,6.48,628.0,125.4,61.8,83.1,4.03,504,110,9.27,43413,99,825143,1800.7,100,100,100,100,100,Good,True
Wheat,4.0,6.1,93.4,8.67,2064.0,11.4,99.3,49.0,0.8,633,122,1.36,19930,7,72800,265.3,5,14,5,5,5,Poor,True
Wheat,0.25,6.1,57.9,6.31,672.0,136.4,50.3,35.6,2.03,513,124,0.15,1135,41,11546,917.3,5,100,100,100,100,Poor,True
Wheat,12.25,12.5,55.0,8.02,626.0,59.2,71.0,81.2,2.79,495,111,9.13,60540,63,777538,1184.3,76,62,100,100,51,Moderate,True
Wheat,3.0,21.8,46.5,7.48,636.0,127.7,33.1,22.4,4.06,505,109,2.92,12653,98,277095,2090.0,100,100,100,100,100,Good,True
Wheat,1.0,38.4,11.7,4.71,158.0,10.1,68.8,34.3,0.77,644,122,0.34,4705,7,17518,272.3,5,5,5,8,5,Poor,True
Wheat,1.0,22.4,48.9,7.77,295.0,104.8,31.5,87.4,3.22,500,111,0.79,4419,72,73255,1557.7,100,80,100,60,100,Moderate,True
Wheat,0.25,41.4,11.9,7.39,1199.0,157.5,37.8,94.9,1.49,642,120,0.12,1097,27,8474,672.5,5,100,5,43,72,Poor,True
Wheat,2.25,18.0,47.2,8.87,616.0,104.6,76.3,95.3,2.05,498,112,1.35,11637,43,104934,801.7,100,5,100,100,100,Poor,True
Wheat,1.0,15.6,57.5,6.21,551.0,27.0,91.5,25.2,2.06,494,107,0.6,4815,43,46865,873.3,100,100,100,100,5,Poor,True
Wheat,16.0,6.3,88.7,4.38,144.0,34.9,50.6,31.9,0.81,631,122,5.64,69403,8,294840,324.8,5,5,5,5,13,Poor,True
Wheat,7.5,14.9,66.7,5.4,467.0,101.7,70.9,59.1,2.68,498,107,5.58,34654,64,457275,1219.5,100,43,92,100,100,Moderate,True
Wheat,7.5,7.5,88.8,8.74,2288.0,30.0,64.6,41.5,0.79,642,121,2.48,34199,5,134794,294.1,5,9,5,5,5,Poor,True
Wheat,2.0,21.0,92.9,6.92,206.0,43.9,44.2,89.1,1.55,625,110,1.01,9119,29,70525,673.4,100,100,5,26,27,Poor,True
Wheat,6.25,26.0,49.0,6.38,2223.0,142.7,70.0,94.8,1.97,519,112,3.81,30825,41,280109,808.7,83,100,100,5,96,Poor,True
Wheat,2.25,13.4,54.0,4.25,734.0,123.8,50.7,61.5,2.05,524,112,1.31,10466,42,104934,902.6,90,5,100,100,100,Poor,True
Wheat,0.25,26.2,63.8,8.29,497.0,122.8,46.1,23.3,2.76,504,109,0.18,1104,61,15697,1321.8,81,42,100,100,100,Moderate,True
Wheat,9.0,21.8,60.2,6.24,701.0,20.5,59.8,57.4,2.04,489,110,5.51,41903,42,417690,896.8,100,100,100,100,5,Poor,True
Wheat,1.5,14.1,60.1,6.87,360.0,99.3,58.6,84.4,3.79,498,109,1.42,7249,91,129334,1684.2,100,100,100,85,100,Good,True
Wheat,3.0,18.8,57.4,6.89,701.0,100.8,52.2,50.6,3.96,501,115,3.1,13960,99,270270,1836.0,100,100,100,100,100,Good,True
Wheat,3.0,12.1,16.6,5.75,690.0,90.2,55.1,26.6,1.89,635,113,1.72,13389,39,128992,863.4,70,76,5,100,100,Poor,True
Wheat,3.0,25.3,60.8,7.51,1153.0,116.9,89.0,61.0,2.92,504,111,2.35,14712,70,199290,1254.6,89,99,100,49,100,Moderate,True
Wheat,3.0,41.5,17.9,4.74,65.0,6.1,32.7,36.0,0.76,651,119,0.99,13625,5,51870,280.7,5,5,5,5,5,Poor,True
Wheat,0.5,13.8,88.3,6.42,438.0,90.5,43.3,68.3,2.01,641,108,0.29,2264,41,22864,909.9,96,100,5,100,100,Poor,True
Wheat,1.0,23.2,64.5,6.91,568.0,127.1,39.7,88.4,3.99,499,110,0.98,4488,97,90772,1922.5,100,100,100,100,100,Good,True
Wheat,16.0,42.0,15.4,4.21,166.0,9.2,54.3,99.7,0.77,651,123,5.48,75399,5,280280,271.7,5,5,5,11,5,Poor,True
Wheat,10.0,21.9,55.7,6.87,418.0,102.8,96.2,85.7,4.08,500,111,10.25,50938,99,928200,1722.2,100,100,100,100,100,Good,True
Wheat,0.5,31.9,40.5,5.68,337.0,165.3,83.0,21.0,2.19,547,118,0.31,2332,49,24911,968.2,32,69,78,76,60,Moderate,True
Wheat,3.5,29.9,55.9,6.92,322.0,178.3,75.8,99.1,2.49,494,118,2.33,17395,54,198266,1039.8,49,100,100,70,39,Moderate,True
Wheat,0.25,17.2,23.0,7.19,391.0,147.9,63.2,61.3,2.0,641,111,0.15,1145,40,11375,893.4,100,100,5,97,87,Poor,True
Wheat,5.0,21.4,59.2,6.49,955.0,171.7,85.0,80.6,2.89,490,112,3.86,25218,68,328738,1203.6,100,100,100,74,50,Moderate,True
Wheat,6.25,20.5,54.8,6.81,691.0,107.1,80.6,56.9,4.02,500,111,6.31,30438,98,571594,1777.9,100,100,100,100,100,Good,True
Wheat,7.5,36.7,50.0,5.83,585.0,137.2,44.7,56.0,2.01,497,122,4.35,33609,39,342956,920.4,5,84,100,100,100,Poor,True
Wheat,3.5,21.7,46.4,7.36,499.0,134.9,69.1,50.0,4.04,505,108,3.58,16068,99,321685,1902.0,100,100,100,100,100,Good,True
Wheat,2.0,41.0,11.3,4.75,51.0,17.2,88.4,47.2,0.78,661,125,0.68,9873,6,35490,259.5,5,5,5,5,5,Poor,True
Wheat,10.0,25.3,48.7,6.65,2779.0,138.2,52.8,21.9,2.06,504,110,5.84,43738,42,468650,971.5,89,100,100,5,100,Poor,True
Wheat,4.0,16.6,51.7,6.54,978.0,162.0,85.0,93.8,3.13,512,112,3.34,20519,75,284830,1288.1,100,100,100,71,65,Good,True
Wheat,1.5,38.1,19.5,4.26,144.0,14.0,72.5,89.4,0.76,649,123,0.52,7384,5,25935,251.2,5,5,5,5,5,Poor,True
Wheat,16.0,31.4,57.9,6.16,515.0,131.7,98.6,36.3,2.68,505,120,11.56,78326,62,975520,1145.5,36,100,100,100,100,Moderate,True
Wheat,0.25,23.9,45.1,6.47,2157.0,99.8,37.6,65.6,2.11,495,110,0.15,1115,43,12001,976.3,100,100,100,5,100,Poor,True
Wheat,10.0,18.0,77.0,7.87,1011.0,64.4,61.6,91.6,2.54,594,110,6.84,47200,57,577850,1124.3,100,73,43,67,60,Moderate,True
Wheat,1.5,17.4,48.3,6.43,660.0,113.9,36.5,28.3,3.88,498,108,1.47,6465,98,132405,1948.0,100,100,100,100,100,Good,True
Wheat,2.25,17.7,54.6,6.28,442.0,133.5,68.7,22.6,4.03,502,109,2.19,10205,99,206286,1921.4,100,100,100,100,100,Good,True
Wheat,3.0,13.1,54.9,7.17,613.0,17.2,43.1,25.6,1.99,490,113,1.82,13441,40,135818,910.5,86,100,100,100,5,Poor,True
Wheat,1.0,27.8,64.4,8.21,440.0,137.4,97.4,42.7,2.85,503,113,0.75,5009,65,64838,1194.4,67,48,100,100,100,Moderate,True
Wheat,5.0,20.3,61.2,6.5,461.0,100.5,46.3,72.8,3.89,504,112,4.99,22991,99,442488,1824.6,100,100,100,100,100,Good,True
Wheat,0.5,22.1,58.6,7.33,557.0,134.7,34.9,24.6,3.99,506,110,0.5,2133,99,45386,2027.8,100,100,100,100,100,Good,True
Wheat,1.0,23.8,55.2,6.94,635.0,108.1,66.3,33.7,4.05,516,108,0.99,4628,99,92138,1890.9,100,100,100,100,100,Good,True
Wheat,2.25,7.7,84.9,4.57,1809.0,33.6,76.5,32.7,0.8,649,125,0.77,10060,5,40950,307.1,5,5,5,5,11,Poor,True
Wheat,7.5,28.5,68.7,5.47,525.0,121.4,70.3,44.8,2.81,513,118,5.67,34461,64,479456,1291.3,61,49,83,100,100,Moderate,True
Wheat,2.25,19.7,56.4,7.37,584.0,96.9,44.2,77.3,3.93,491,110,2.28,10273,99,201167,1858.2,100,100,100,100,100,Good,True
Wheat,3.5,12.5,57.7,6.62,78.0,144.7,61.2,86.0,1.96,504,114,1.99,17108,40,156065,812.2,76,100,100,5,93,Poor,True
Wheat,7.5,26.5,75.0,6.77,989.0,55.5,72.3,39.7,2.55,579,114,5.28,33738,59,435094,1189.6,78,100,53,70,45,Moderate,True
Wheat,9.0,23.6,53.5,6.43,586.0,130.1,53.0,65.5,4.17,523,110,8.92,40782,99,853808,1993.6,100,100,100,100,100,Good,True
Wheat,16.0,21.5,59.5,7.37,656.0,131.4,64.4,57.0,4.06,509,110,15.64,77065,99,1477840,1817.7,100,100,100,100,100,Good,True
Wheat,5.0,16.8,45.0,6.18,663.0,101.1,32.7,27.3,4.05,488,108,5.11,21298,99,460688,2063.1,100,100,100,100,100,Good,True
Wheat,2.0,20.2,49.9,7.48,733.0,118.2,75.2,93.5,4.08,510,112,2.0,9943,99,185640,1767.0,100,100,100,100,100,Good,True
Wheat,2.25,18.9,85.8,7.96,1234.0,164.7,89.5,53.2,1.59,620,111,1.17,10776,28,81388,655.3,100,66,5,39,61,Poor,True
Wheat,6.25,28.5,60.5,7.49,589.0,122.3,42.6,69.4,3.29,500,115,5.18,27332,80,467797,1611.5,61,100,100,100,100,Good,True
Wheat,0.25,22.3,44.6,7.3,2126.0,19.1,78.9,23.5,1.68,513,111,0.14,1182,31,9555,708.4,100,100,98,5,5,Poor,True
Wheat,4.0,43.2,11.6,4.71,131.0,15.0,34.7,78.1,0.77,618,122,1.32,17718,5,70070,295.5,5,5,5,5,5,Poor,True
Wheat,3.5,16.7,51.6,6.71,424.0,92.6,93.2,92.7,3.92,498,108,3.46,17625,98,312130,1671.0,100,100,100,100,100,Good,True
Wheat,9.0,13.1,56.1,6.94,788.0,151.1,58.8,80.9,3.61,503,110,8.25,42035,89,739148,1658.4,85,100,100,95,82,Good,True
Wheat,1.0,22.7,53.9,6.36,492.0,102.0,38.5,49.5,4.04,502,108,1.02,4413,99,91910,1982.7,100,100,100,100,100,Good,True
Wheat,6.25,42.0,61.9,7.3,697.0,126.4,61.6,40.2,2.04,501,121,3.68,28091,41,290062,932.6,5,100,100,100,100,Poor,True
Wheat,5.0,7.0,93.1,4.46,108.0,29.8,39.6,73.6,0.78,656,122,1.67,21870,5,88725,305.7,5,5,5,5,5,Poor,True
Wheat,2.25,18.0,58.2,7.75,277.0,185.4,62.5,56.9,2.34,494,112,1.45,10742,51,119779,1015.1,100,82,100,53,28,Moderate,True
Wheat,3.0,37.6,16.6,4.57,116.0,12.1,49.5,32.9,0.76,647,120,1.01,13558,5,51870,282.6,5,5,5,5,5,Poor,True
Wheat,0.5,18.1,55.3,7.12,442.0,101.1,88.7,68.6,3.88,513,109,0.5,2365,98,44135,1766.2,100,100,100,100,100,Good,True
Wheat,6.25,21.4,78.4,6.3,958.0,75.9,42.4,29.9,2.47,576,111,4.34,26634,57,351203,1218.6,100,100,36,74,78,Moderate,True
Wheat,9.0,12.9,42.7,7.44,67.0,91.9,77.4,32.3,1.99,531,113,5.57,43750,38,407452,831.3,82,100,89,5,100,Poor,True
Wheat,10.0,20.2,44.4,4.18,415.0,81.0,60.9,23.8,1.97,509,111,5.91,45189,42,448175,891.8,100,5,97,100,86,Poor,True
Wheat,0.25,7.3,17.1,8.61,2893.0,36.8,44.0,21.3,0.87,628,123,0.1,1065,6,4948,364.6,5,19,5,5,16,Poor,True
Wheat,12.25,6.1,20.8,4.96,131.0,33.5,52.6,70.1,0.81,651,121,4.01,57911,7,225737,289.8,5,5,5,5,11,Poor,True
Wheat,1.5,42.4,24.2,4.13,1974.0,12.4,45.4,72.6,0.76,652,124,0.49,6900,5,25935,275.9,5,5,5,5,5,Poor,True
Wheat,0.25,29.5,70.3,7.29,1074.0,46.4,49.5,69.9,2.2,529,116,0.15,1165,50,12513,974.1,52,100,75,59,31,Moderate,True
Wheat,5.0,11.1,63.7,6.21,1187.0,93.9,33.1,90.8,2.74,508,114,3.62,22981,62,311675,1256.2,55,100,100,45,100,Moderate,True
Wheat,5.0,21.6,49.4,7.2,466.0,126.1,58.8,81.4,4.07,500,109,5.0,23043,97,462963,1909.1,100,100,100,100,100,Good,True
Wheat,0.25,24.4,38.7,8.34,1060.0,153.0,65.0,99.2,2.46,544,107,0.17,1190,55,13991,1075.7,96,39,70,61,79,Moderate,True
Wheat,7.5,17.3,51.6,6.87,414.0,24.8,94.6,65.5,2.07,513,108,4.54,37747,43,353194,835.7,100,100,100,100,5,Poor,True
Wheat,10.0,15.5,45.5,7.48,498.0,136.2,47.6,27.6,3.8,488,113,10.01,44425,99,864500,1846.0,100,100,100,100,100,Good,True
Wheat,3.5,39.3,16.3,4.31,189.0,16.6,39.3,34.0,0.78,656,121,1.2,15734,5,62108,294.7,5,5,5,20,5,Poor,True
Wheat,3.0,31.6,38.5,7.02,364.0,87.8,83.3,75.0,2.52,539,118,2.03,14640,56,171990,1074.8,34,100,69,86,96,Moderate,True
Wheat,4.0,13.9,37.5,7.53,684.0,184.2,98.5,73.3,2.43,561,110,2.65,20192,54,221130,995.1,99,97,64,100,30,Moderate,True
Wheat,7.5,29.7,64.1,5.84,930.0,173.8,34.7,21.4,2.57,496,118,5.51,30097,60,438506,1357.0,51,84,100,77,46,Moderate,True
Wheat,4.0,17.9,46.7,6.21,402.0,90.5,93.8,55.9,4.1,518,112,4.11,19715,99,373100,1792.5,100,100,100,100,100,Good,True
Wheat,0.25,30.3,34.7,7.23,1034.0,115.8,65.8,79.3,2.55,565,117,0.18,1206,59,14503,1102.6,45,100,51,64,100,Moderate,True
Wheat,0.5,20.3,33.9,5.82,702.0,145.0,65.2,76.4,2.83,590,111,0.39,2339,65,32191,1276.3,100,83,47,100,92,Moderate,True
Wheat,6.25,37.1,10.2,4.61,69.0,8.5,60.0,39.5,0.8,633,118,2.11,27122,5,113750,319.4,5,5,5,5,5,Poor,True
Wheat,9.0,19.8,46.8,6.74,617.0,93.5,35.6,31.0,3.95,515,108,8.58,39003,98,808763,1973.6,100,100,100,100,100,Good,True
Wheat,9.0,24.9,28.2,5.88,1962.0,47.6,80.8,99.1,1.47,626,110,4.37,45319,24,300982,564.1,92,88,20,5,33,Poor,True
Wheat,4.0,40.1,18.8,4.11,98.0,16.8,32.8,83.3,0.77,651,123,1.31,18080,6,70070,287.6,5,5,5,5,5,Poor,True
Wheat,5.0,6.8,94.0,4.29,136.0,26.3,56.7,45.7,0.77,613,123,1.69,22472,5,87588,289.8,5,5,5,5,5,Poor,True
Wheat,10.0,24.1,44.9,7.66,1610.0,141.0,34.9,35.4,2.04,527,110,6.04,42566,41,464100,990.3,99,89,100,5,98,Poor,True
Wheat,1.5,7.3,13.6,8.62,102.0,19.8,72.4,44.2,0.83,643,121,0.52,6982,5,28324,305.7,5,18,5,5,5,Poor,True
Wheat,4.0,31.7,58.8,7.3,673.0,150.2,70.3,97.4,2.57,511,119,2.79,19307,58,233870,1111.3,33,100,100,100,84,Moderate,True
Wheat,1.5,14.3,57.2,7.42,746.0,114.2,44.1,89.0,4.17,521,111,1.51,7010,99,142301,1930.0,100,100,100,100,100,Good,True
Wheat,2.25,16.6,55.3,5.97,3153.0,86.4,56.4,57.7,2.05,495,109,1.31,10255,40,104934,923.2,100,97,100,5,94,Poor,True
Wheat,0.25,21.2,52.0,7.49,506.0,101.9,59.6,68.8,4.1,506,109,0.24,1156,99,23319,1917.2,100,100,100,100,100,Good,True
Wheat,3.0,40.0,11.6,4.76,122.0,16.4,59.9,26.7,0.77,656,123,1.01,13293,5,52552,295.3,5,5,5,5,5,Poor,True
Wheat,16.0,21.1,59.2,6.17,600.0,118.4,93.5,44.0,3.95,486,111,16.5,77894,99,1437800,1745.8,100,100,100,100,100,Good,True
Wheat,2.0,29.6,76.8,8.25,1054.0,116.4,67.6,64.2,2.36,587,117,1.33,9519,52,107380,1028.1,52,45,44,62,100,Moderate,True
Wheat,3.5,38.2,13.8,4.24,92.0,13.4,63.7,46.7,0.77,659,121,1.18,16107,5,61311,280.6,5,5,5,5,5,Poor,True
Wheat,3.5,20.4,45.8,6.11,70.0,97.0,30.9,60.1,2.06,482,109,2.12,15398,45,164028,965.3,100,100,100,5,100,Poor,True
Wheat,3.5,24.6,49.2,8.99,727.0,131.9,97.9,49.9,2.05,496,115,2.04,17387,41,163231,838.8,95,5,100,100,100,Poor,True
Wheat,12.25,18.2,55.4,7.53,905.0,160.4,64.3,71.3,3.35,491,111,10.21,58951,79,933603,1483.7,100,98,100,80,68,Good,True
Wheat,7.5,7.2,24.9,8.73,2627.0,22.8,64.2,75.1,0.8,630,122,2.6,34907,5,136500,291.0,5,10,5,5,5,Poor,True
Wheat,2.25,7.0,62.9,7.25,724.0,138.9,47.0,22.8,2.12,506,123,1.34,9734,44,108518,1014.8,5,100,100,100,100,Poor,True
Wheat,9.0,14.9,77.7,7.55,1209.0,42.0,86.9,70.5,2.09,592,109,5.32,44278,41,427928,866.5,100,96,40,42,24,Poor,True
Wheat,2.0,41.7,17.0,4.52,89.0,11.8,77.7,40.3,0.78,636,121,0.69,9403,6,35490,277.4,5,5,5,5,5,Poor,True
Wheat,2.25,26.2,74.7,5.48,765.0,131.6,72.2,96.1,2.82,559,111,1.67,11169,62,144349,1192.4,81,50,54,98,100,Moderate,True
Wheat,16.0,15.6,58.4,7.21,718.0,130.7,88.9,21.0,3.99,520,109,15.81,76714,99,1452360,1793.2,100,100,100,100,100,Good,True
Wheat,1.0,20.8,53.6,6.17,650.0,100.9,84.0,71.6,3.96,488,111,0.95,4804,98,90090,1775.3,100,100,100,100,100,Good,True
Wheat,2.25,19.6,49.4,6.31,591.0,109.6,94.2,51.8,4.01,509,110,2.19,11173,99,205262,1737.1,100,100,100,100,100,Good,True
Wheat,5.0,18.5,42.7,7.79,598.0,29.4,35.6,92.8,2.0,508,109,2.88,22591,36,227500,907.0,100,79,89,100,5,Poor,True
Wheat,1.0,25.2,50.0,6.83,368.0,41.2,91.3,33.3,2.33,504,110,0.67,4860,51,53008,990.7,90,100,100,88,23,Moderate,True
Wheat,12.25,40.2,19.6,8.77,137.0,37.6,57.9,44.6,0.82,646,119,4.28,56505,5,228524,304.4,5,7,5,5,17,Poor,True
Wheat,7.5,15.6,22.2,7.68,608.0,144.7,84.2,53.4,2.06,645,111,4.53,36747,39,351488,856.5,100,87,5,100,93,Poor,True
Wheat,3.5,18.7,63.6,6.59,550.0,118.9,59.2,43.1,3.9,500,110,3.46,15538,99,310538,1898.6,100,100,100,100,100,Good,True
Wheat,7.5,24.8,43.4,5.85,67.0,134.2,43.9,34.6,1.93,522,109,4.35,32345,38,329306,918.1,93,86,93,5,100,Poor,True
Wheat,5.0,7.9,14.4,8.66,111.0,35.4,41.6,43.5,0.88,651,125,1.76,21959,8,100100,355.8,5,15,5,5,14,Poor,True
Wheat,2.0,20.9,48.6,6.15,665.0,134.5,56.4,42.1,4.07,501,111,2.02,9241,99,185185,1903.9,100,100,100,100,100,Good,True
Wheat,1.5,39.4,15.9,4.38,151.0,6.5,34.3,80.1,0.76,642,122,0.51,6453,7,25935,301.9,5,5,5,5,5,Poor,True
Wheat,2.25,16.6,64.1,6.17,507.0,91.8,30.5,66.6,4.04,492,107,2.27,9722,99,206798,2027.1,100,100,100,100,100,Good,True
Wheat,1.0,27.8,53.2,5.85,1082.0,68.0,99.1,27.7,2.85,512,114,0.78,4803,69,64838,1249.9,67,85,100,58,65,Moderate,True
Wheat,6.25,34.1,90.1,8.7,2725.0,28.3,56.5,24.6,0.84,648,119,2.17,29198,8,119438,309.1,13,12,5,5,5,Poor,True
Wheat,12.25,26.1,73.1,6.22,643.0,179.6,54.9,46.4,2.47,564,114,8.6,55166,57,688358,1147.8,82,100,62,100,37,Moderate,True
Wheat,5.0,9.0,51.1,7.49,2203.0,177.6,39.7,68.2,1.61,494,120,2.48,22031,29,183138,731.3,21,100,100,5,40,Poor,True
Wheat,2.0,7.7,92.3,4.62,2936.0,5.6,55.2,23.7,0.77,650,123,0.67,9186,6,35035,281.4,5,5,5,5,5,Poor,True
Wheat,7.5,19.6,59.4,5.51,805.0,169.0,86.5,46.0,3.04,506,109,5.8,35988,66,518700,1341.3,100,53,100,93,54,Moderate,True
Wheat,2.0,40.1,16.1,4.32,142.0,6.2,60.0,94.5,0.78,649,123,0.66,9657,6,35490,267.5,5,5,5,5,5,Poor,True
Wheat,3.5,16.1,56.1,7.03,448.0,102.2,95.2,98.9,3.95,502,111,3.56,18183,99,314519,1629.7,100,100,100,100,100,Good,True
Wheat,12.25,7.2,64.9,7.67,741.0,140.8,79.8,89.6,1.95,502,122,7.19,58151,44,543441,834.5,5,88,100,100,99,Poor,True
Wheat,12.25,40.0,80.6,7.58,192.0,99.6,36.1,86.6,1.51,608,124,5.93,57127,25,420818,636.6,5,94,26,21,100,Poor,True
Wheat,2.0,44.9,98.8,6.33,2700.0,191.0,63.8,63.3,1.12,651,119,0.81,9375,16,50960,443.6,5,100,5,5,19,Poor,True
Wheat,2.0,17.6,54.6,6.0,1068.0,120.4,47.0,33.6,3.18,493,111,1.66,8949,73,144690,1516.8,100,100,100,60,100,Good,True
Wheat,6.25,30.2,65.8,7.85,1253.0,185.9,96.1,76.0,2.04,494,116,3.83,31288,44,290062,827.1,46,75,96,36,27,Poor,True
Wheat,3.5,6.2,96.9,8.67,127.0,28.3,94.6,70.7,0.79,628,122,1.19,17244,7,62904,264.8,5,15,5,5,5,Poor,True
Wheat,2.25,41.2,23.3,8.71,2678.0,33.3,45.6,29.3,0.8,661,121,0.79,9538,6,40950,329.3,5,11,5,5,10,Poor,True
Wheat,1.0,18.5,63.2,6.46,469.0,136.3,36.1,27.1,4.03,515,109,1.02,4391,99,91682,1988.0,100,100,100,100,100,Good,True
Wheat,3.0,34.6,94.3,7.72,437.0,73.5,89.7,96.3,1.56,656,120,1.51,15326,30,106470,594.7,8,84,5,100,74,Poor,True
Wheat,16.0,7.2,85.8,8.7,136.0,23.2,72.1,37.8,0.8,647,127,5.47,72421,6,291200,302.1,5,13,5,5,5,Poor,True
Wheat,7.5,20.8,58.4,6.3,520.0,188.6,88.6,60.0,2.5,493,109,5.24,38156,52,426562,1017.9,100,100,100,100,23,Moderate,True
Wheat,4.0,13.9,77.6,5.79,378.0,108.9,61.9,68.1,2.61,596,109,2.84,18560,63,237510,1179.7,99,80,40,92,100,Moderate,True
Wheat,0.25,6.3,19.8,8.85,1824.0,29.6,56.4,98.5,0.76,644,121,0.1,1223,5,4322,253.4,5,5,5,5,5,Poor,True
Wheat,4.0,14.2,51.9,6.22,603.0,109.2,53.3,86.2,3.98,506,108,3.92,18628,99,362180,1844.3,100,100,100,100,100,Good,True
Wheat,7.5,15.9,56.8,7.11,512.0,95.2,44.7,78.6,3.92,497,110,7.63,33203,99,668850,1914.4,100,100,100,100,100,Good,True
Wheat,4.0,21.8,63.5,7.22,661.0,106.7,86.7,76.0,4.05,508,111,4.08,19337,99,368550,1805.9,100,100,100,100,100,Good,True
Wheat,2.25,17.1,60.3,6.46,543.0,105.1,33.7,89.2,4.12,502,114,2.26,10047,99,210892,1999.1,100,100,100,100,100,Good,True
Wheat,2.0,19.1,60.5,6.33,421.0,117.3,42.5,59.0,3.91,500,108,1.99,8802,99,177905,1921.2,100,100,100,100,100,Good,True
Wheat,1.0,20.7,98.6,7.3,2561.0,198.2,68.4,47.0,1.42,641,111,0.46,4448,25,32305,626.3,100,100,5,5,8,Poor,True
Wheat,2.0,32.1,99.1,7.79,1234.0,105.6,49.8,75.7,1.55,660,120,0.95,9313,27,70525,657.3,30,79,5,39,100,Poor,True
Wheat,5.0,24.7,55.2,7.58,801.0,83.1,43.7,88.5,3.78,485,111,4.62,23310,91,429975,1744.6,94,94,100,94,89,Good,True
Wheat,2.25,16.4,41.7,6.0,1098.0,173.1,57.6,30.5,2.72,535,108,1.69,9656,62,139230,1341.9,100,100,84,56,48,Moderate,True
Wheat,2.25,19.2,77.1,7.7,489.0,97.6,82.7,66.4,2.9,602,110,1.69,11300,65,148444,1213.7,100,85,43,100,100,Moderate,True
Wheat,4.0,17.0,60.9,7.01,553.0,102.8,86.4,88.0,3.99,519,109,4.04,20056,99,363090,1710.4,100,100,100,100,100,Good,True
Wheat,9.0,15.3,45.2,6.95,526.0,95.3,79.7,56.6,3.92,498,111,9.17,42773,99,802620,1776.5,100,100,100,100,100,Good,True
Wheat,3.5,20.9,90.7,6.69,488.0,145.2,50.4,31.6,2.06,639,110,2.04,15485,41,164028,959.3,100,100,5,100,92,Poor,True
Wheat,1.0,17.3,22.1,6.8,356.0,131.5,55.4,88.5,1.98,630,110,0.57,4850,42,45045,828.8,100,100,5,83,100,Poor,True
Wheat,1.5,6.2,16.9,8.63,1579.0,25.8,97.9,70.2,0.78,630,123,0.54,7659,8,26618,247.5,5,18,5,5,5,Poor,True
Wheat,9.0,39.8,10.3,4.19,123.0,15.3,96.8,72.2,0.79,649,123,3.05,44753,5,161752,261.4,5,5,5,5,5,Poor,True
Wheat,2.25,21.6,59.1,6.92,710.0,102.4,56.3,75.3,3.93,491,112,2.23,10601,99,201167,1797.6,100,100,100,100,100,Good,True
Wheat,1.5,39.9,92.8,4.76,1624.0,27.4,93.6,38.0,0.79,662,122,0.49,7222,5,26959,273.3,5,5,5,5,5,Poor,True
Wheat,10.0,42.9,15.6,8.9,1688.0,7.2,93.6,83.6,0.77,643,124,3.39,50125,6,175175,249.5,5,5,5,5,5,Poor,True
Wheat,0.5,19.6,58.3,6.09,705.0,99.3,42.9,85.0,4.05,499,105,0.5,2283,98,46069,1917.9,100,100,100,100,100,Good,True
Wheat,7.5,5.8,60.0,6.68,2455.0,97.7,66.3,66.8,1.71,493,122,4.14,36304,32,291769,703.7,5,100,100,5,100,Poor,True
Wheat,1.5,33.5,81.1,4.62,2284.0,193.1,92.8,34.5,0.94,623,118,0.53,7423,12,32078,332.1,18,5,23,5,16,Poor,True
Wheat,6.25,29.0,26.2,6.77,2421.0,24.6,39.0,36.5,1.32,625,115,2.78,26734,21,187688,602.1,57,100,11,5,5,Poor,True
Wheat,9.0,19.1,57.9,6.78,711.0,139.5,41.3,65.0,4.03,514,109,9.31,39373,99,825143,1995.7,100,100,100,100,100,Good,True
Wheat,0.25,31.6,38.6,7.41,523.0,115.0,89.6,22.8,2.55,542,121,0.17,1158,60,14503,1152.4,34,100,70,100,100,Moderate,True
Wheat,10.0,17.3,54.2,7.43,510.0,135.1,98.6,60.5,3.95,520,110,9.6,49328,99,898625,1721.7,100,100,100,100,100,Good,True
Wheat,1.5,22.4,61.4,7.48,499.0,105.8,55.4,63.6,3.98,518,111,1.51,6901,99,135818,1868.1,100,100,100,100,100,Good,True
Wheat,2.25,29.0,33.4,8.05,1230.0,116.0,59.6,95.6,2.19,602,117,1.43,10849,50,112101,933.3,57,60,45,39,100,Moderate,True
Wheat,2.0,35.4,65.1,6.46,530.0,142.2,76.1,55.6,2.09,513,126,1.26,9532,43,95095,897.6,5,100,100,100,96,Poor,True
Wheat,9.0,17.1,51.4,7.05,440.0,131.5,70.4,75.6,3.94,509,112,8.87,43704,99,806715,1745.9,100,100,100,100,100,Good,True
Wheat,7.5,25.9,98.7,5.76,1661.0,42.0,36.9,85.6,1.38,618,113,3.4,34021,21,235462,592.1,84,77,5,5,24,Poor,True
Wheat,0.5,35.7,23.1,8.66,2594.0,7.6,47.8,50.5,0.79,630,123,0.17,2292,5,8986,292.1,5,15,5,5,5,Poor,True
Wheat,2.0,11.2,50.0,7.16,905.0,152.5,93.3,52.0,2.89,498,113,1.56,9847,71,131495,1235.4,55,100,100,80,80,Moderate,True
Wheat,3.0,15.6,60.2,7.27,755.0,113.0,35.8,40.3,3.97,498,111,3.04,13243,99,270952,1946.0,100,100,100,99,100,Good,True
Wheat,5.0,26.7,66.9,6.95,1006.0,116.7,59.8,75.6,3.32,500,112,4.24,23680,76,377650,1494.8,77,100,91,68,100,Good,True
Wheat,16.0,31.1,68.3,7.76,967.0,165.9,67.5,25.6,2.43,522,119,10.51,72879,55,884520,1113.7,39,81,84,72,59,Moderate,True
Wheat,16.0,23.0,38.9,7.73,1240.0,173.4,81.3,99.6,2.45,554,109,10.79,79334,51,891800,1024.1,100,83,71,38,47,Moderate,True
Wheat,6.25,35.7,19.3,8.65,107.0,7.7,38.7,28.8,0.8,653,125,2.16,26594,7,113750,327.7,5,16,5,5,5,Poor,True
Wheat,9.0,26.6,75.3,5.49,250.0,78.4,68.4,25.3,2.39,555,113,5.93,42318,53,489353,1056.4,78,51,51,43,82,Moderate,True
Wheat,10.0,25.7,33.2,6.56,645.0,162.5,74.8,49.0,2.68,591,113,7.32,46792,62,609700,1203.0,85,100,44,100,64,Moderate,True
Wheat,2.0,17.5,51.7,7.14,555.0,129.0,53.3,41.9,4.04,496,111,2.02,8867,99,183820,1973.1,100,100,100,100,100,Good,True
Wheat,10.0,23.9,14.1,6.99,768.0,115.0,56.5,28.4,2.05,648,110,6.0,42432,44,466375,999.1,100,100,5,98,100,Poor,True
Wheat,12.25,42.0,25.8,7.64,989.0,164.3,64.3,62.3,1.46,647,123,6.13,56768,28,406884,616.7,5,90,9,70,62,Poor,True
Wheat,1.0,41.8,19.9,4.38,2612.0,21.7,38.9,20.8,0.77,633,122,0.33,4327,5,17518,304.9,5,5,5,5,5,Poor,True
Wheat,0.5,7.0,91.5,8.82,1874.0,29.7,42.8,98.9,0.79,650,121,0.17,2299,6,8986,290.9,5,5,5,5,5,Poor,True
Wheat,16.0,38.5,24.4,8.86,108.0,27.2,35.4,39.2,0.74,632,124,5.43,69936,6,269360,285.2,5,5,5,5,5,Poor,True
Wheat,12.25,37.7,15.8,4.07,93.0,18.9,86.6,20.9,0.76,659,122,4.04,58420,5,211802,262.6,5,5,5,5,5,Poor,True
Wheat,0.5,23.5,68.3,7.61,1363.0,57.2,96.4,74.2,2.23,524,111,0.31,2575,47,25366,885.1,100,92,84,22,48,Moderate,True
Wheat,12.25,22.7,57.6,7.1,530.0,100.7,95.3,30.9,4.0,509,110,12.2,60225,99,1114750,1751.0,100,100,100,100,100,Good,True
Wheat,1.5,13.6,41.8,5.72,1347.0,81.8,64.8,74.8,2.29,534,113,0.98,7193,48,78146,986.4,94,73,85,24,87,Moderate,True
Wheat,12.25,19.2,51.3,7.06,653.0,106.6,77.4,62.6,3.9,495,109,12.13,57522,99,1086881,1789.5,100,100,100,100,100,Good,True
Wheat,0.25,37.9,10.1,4.15,175.0,5.1,59.7,62.7,0.81,641,120,0.1,1149,8,4607,301.0,5,5,5,14,5,Poor,True
Wheat,2.0,6.7,19.9,4.21,2929.0,22.3,41.9,97.6,0.76,648,122,0.66,9480,5,34580,264.8,5,5,5,5,5,Poor,True
Wheat,0.5,21.9,46.9,6.66,408.0,107.3,53.7,74.3,3.96,495,110,0.49,2374,99,45045,1797.4,100,100,100,100,100,Good,True
Wheat,5.0,7.7,90.2,8.82,95.0,37.7,92.5,87.9,0.8,639,122,1.69,25196,5,91000,261.2,5,5,5,5,17,Poor,True
Wheat,2.25,22.4,45.4,7.4,992.0,126.7,34.0,20.5,3.37,499,106,1.96,9658,80,172502,1686.1,100,100,100,69,100,Good,True
Wheat,4.0,23.5,49.3,7.22,486.0,111.5,62.2,43.9,3.92,509,112,4.18,18875,99,356720,1789.9,100,100,100,100,100,Good,True
Wheat,5.0,37.8,13.5,4.58,110.0,5.1,60.2,35.8,0.77,633,122,1.67,22691,5,87588,286.0,5,5,5,5,5,Poor,True
Wheat,12.25,19.9,60.1,6.21,686.0,117.8,67.0,91.9,4.0,484,109,12.33,59558,99,1114750,1771.7,100,100,100,100,100,Good,True
Wheat,2.25,21.4,92.2,4.03,2331.0,50.0,62.9,49.9,1.2,634,110,0.97,10359,17,61425,493.0,100,5,5,5,37,Poor,True
Wheat,7.5,19.6,90.3,6.68,881.0,197.9,75.9,55.1,1.71,629,111,3.92,34543,30,291769,744.7,100,100,5,83,8,Poor,True
Wheat,12.25,38.0,17.5,4.0,183.0,15.6,37.7,42.8,0.79,640,124,4.17,54654,8,220163,302.8,5,5,5,17,5,Poor,True
Wheat,12.25,29.0,64.7,7.7,612.0,74.2,39.4,53.7,2.97,498,117,9.74,53497,70,827702,1447.2,57,85,100,100,75,Moderate,True
Wheat,1.0,29.5,61.9,7.54,569.0,40.1,53.2,22.5,2.23,497,115,0.65,4521,48,50732,1022.1,52,97,100,100,21,Moderate,True
Wheat,9.0,23.7,47.5,6.72,430.0,91.1,76.6,95.9,4.06,505,112,8.94,45470,99,831285,1728.2,100,100,100,100,100,Good,True
Wheat,0.25,14.6,46.6,7.14,556.0,126.3,97.2,98.6,3.94,504,109,0.25,1323,99,22409,1593.8,100,100,100,100,100,Good,True
Wheat,3.0,31.7,34.1,7.22,801.0,76.8,38.3,59.1,2.4,578,118,1.93,13338,51,163800,1128.1,34,100,48,93,79,Moderate,True
Wheat,10.0,24.8,71.4,4.64,2278.0,156.1,58.0,78.1,1.55,532,109,5.06,46263,27,352625,662.2,93,5,70,5,75,Poor,True
Wheat,5.0,15.7,76.5,7.72,1357.0,78.4,81.9,86.1,2.14,593,108,3.17,24977,47,243425,874.6,100,84,45,23,82,Poor,True
Wheat,1.0,23.2,57.6,7.26,714.0,112.4,39.2,96.6,3.92,498,108,0.99,4421,99,89180,1917.2,100,100,100,100,100,Good,True
Wheat,0.25,19.3,76.9,6.71,1079.0,138.3,85.5,30.1,2.58,585,111,0.19,1194,61,14674,1129.0,100,100,44,58,100,Moderate,True
Wheat,7.5,6.7,95.4,8.82,114.0,31.6,47.3,32.2,0.77,622,124,2.58,34032,5,131381,286.1,5,5,5,5,8,Poor,True
Wheat,12.25,19.6,68.0,6.7,1315.0,115.5,65.8,40.0,2.5,506,109,8.36,57984,56,696719,1101.6,100,100,86,28,100,Moderate,True
Wheat,6.25,18.6,53.3,6.23,457.0,123.5,83.7,89.1,3.98,507,110,6.29,31097,99,565906,1719.8,100,100,100,100,100,Good,True
Wheat,5.0,26.2,74.8,6.64,1333.0,117.5,99.6,39.8,2.38,562,110,3.26,24542,50,270725,1003.1,81,100,53,26,100,Moderate,True
Wheat,6.25,7.6,21.1,4.23,96.0,14.6,43.5,31.7,0.75,635,121,2.1,27688,5,106641,285.2,5,5,5,5,5,Poor,True
Wheat,10.0,6.0,16.9,4.27,2466.0,8.9,55.5,95.4,0.8,637,123,3.31,47669,5,182000,281.8,5,5,5,5,5,Poor,True
Wheat,9.0,20.4,54.1,6.83,443.0,130.1,79.8,39.8,3.95,507,111,8.96,42783,99,808763,1790.4,100,100,100,100,100,Good,True
Wheat,7.5,7.8,12.7,4.34,1878.0,17.7,51.3,27.8,0.76,636,126,2.49,31733,8,129675,308.6,5,5,5,5,5,Poor,True
Wheat,6.25,30.0,78.9,8.16,1145.0,161.9,31.0,64.1,1.97,613,119,3.71,27629,42,280109,913.8,48,52,34,50,65,Poor,True
Wheat,9.0,19.9,94.6,5.99,781.0,112.3,82.0,67.1,2.11,651,111,5.38,43420,43,432022,895.0,100,99,5,96,100,Poor,True
Wheat,1.0,31.0,32.7,7.64,989.0,77.4,72.3,39.1,2.32,584,120,0.65,4688,52,52780,1025.9,40,90,42,70,80,Moderate,True
Wheat,6.25,17.6,62.0,7.14,477.0,110.7,49.3,66.7,4.12,507,111,6.39,28338,99,585812,1967.2,100,100,100,100,100,Good,True
Wheat,16.0,8.5,19.6,7.15,1845.0,8.2,97.8,90.7,1.17,644,122,6.46,83940,16,425880,407.4,13,100,5,5,5,Poor,True
Wheat,0.25,21.2,53.6,7.33,509.0,92.1,87.2,35.4,4.11,519,111,0.26,1198,99,23376,1851.3,100,100,100,100,100,Good,True
Wheat,4.0,40.1,11.0,4.75,143.0,9.5,63.2,80.9,0.79,646,123,1.31,18201,6,71890,295.0,5,5,5,5,5,Poor,True
Wheat,2.0,19.7,46.7,6.26,1264.0,64.3,67.3,32.3,2.55,491,107,1.38,9285,55,116025,1149.6,100,100,100,35,59,Moderate,True
Wheat,4.0,10.1,47.6,7.56,2686.0,151.9,89.2,64.8,1.79,527,118,2.21,19492,35,162890,735.7,38,96,100,5,81,Poor,True
Wheat,2.0,19.7,44.5,7.27,665.0,164.6,54.3,49.3,3.3,500,110,1.66,9147,76,150150,1541.5,100,100,98,100,61,Good,True
Wheat,16.0,30.2,20.6,6.18,1500.0,104.8,96.7,83.3,1.57,638,117,7.96,80628,28,571480,608.8,47,100,5,5,100,Poor,True
Wheat,9.0,12.3,44.2,7.43,1097.0,76.4,41.7,41.9,3.01,496,113,7.29,38446,69,616297,1503.0,74,100,96,56,79,Moderate,True
Wheat,1.0,23.2,14.3,6.1,643.0,94.0,85.6,75.5,2.13,658,109,0.61,5004,44,48458,868.4,100,100,5,100,100,Poor,True
Wheat,7.5,34.6,45.8,7.42,2624.0,194.3,41.6,80.1,1.48,484,121,3.53,34627,23,252525,629.3,8,100,100,5,14,Poor,True
Wheat,1.0,41.0,19.9,4.19,2686.0,22.6,80.4,40.7,0.79,646,126,0.34,4866,5,17972,269.3,5,5,5,5,5,Poor,True
Wheat,0.25,22.0,56.2,7.25,402.0,127.5,89.7,43.7,3.92,508,109,0.25,1219,99,22295,1729.0,100,100,100,100,100,Good,True
Wheat,0.25,23.0,63.1,4.55,517.0,130.7,67.3,43.3,2.18,509,111,0.15,1146,43,12399,981.9,100,5,100,100,100,Poor,True
Wheat,1.0,24.1,24.1,6.06,358.0,86.6,48.9,83.2,2.11,649,111,0.59,4683,39,48002,925.0,99,100,5,84,95,Poor,True
Wheat,3.0,25.1,76.0,5.66,627.0,106.6,75.0,39.9,2.87,574,111,2.28,14136,64,195878,1285.7,91,67,48,100,100,Moderate,True
Wheat,16.0,37.9,58.1,4.01,1108.0,121.0,55.8,26.7,1.66,488,122,8.15,70303,29,604240,759.5,5,5,100,55,100,Poor,True
Wheat,6.25,16.7,52.7,6.93,554.0,109.6,79.4,63.9,3.88,496,110,6.39,29753,99,551688,1754.2,100,100,100,100,100,Good,True
Wheat,1.0,19.0,92.9,7.19,750.0,99.7,99.0,70.1,2.11,641,111,0.6,4982,41,48002,863.5,100,100,5,100,100,Poor,True
Wheat,2.0,15.5,45.9,6.44,703.0,107.0,30.7,48.4,4.03,500,108,1.97,8352,99,183365,2095.5,100,100,100,100,100,Good,True
Wheat,3.5,22.1,38.4,7.24,1399.0,137.9,81.1,42.4,2.15,523,109,2.17,16989,46,171194,907.7,100,100,69,18,100,Moderate,True
Wheat,0.5,15.8,70.0,4.97,657.0,127.8,80.6,75.0,2.01,539,111,0.28,2389,39,22864,857.1,100,5,76,100,100,Poor,True
Wheat,9.0,20.2,55.4,7.14,670.0,138.0,96.2,40.6,3.96,491,110,9.37,42309,99,810810,1816.4,100,100,100,100,100,Good,True
Wheat,1.0,24.0,48.9,6.92,547.0,134.3,73.8,68.3,4.04,507,110,1.04,4792,99,91910,1818.0,100,100,100,100,100,Good,True
Wheat,2.25,13.2,49.8,5.62,691.0,126.0,90.1,51.6,3.22,509,112,1.89,11233,78,164824,1367.3,88,64,100,100,100,Good,True
Wheat,1.0,40.1,17.3,4.35,72.0,12.2,64.7,56.8,0.79,645,121,0.34,4661,5,17972,285.6,5,5,5,5,5,Poor,True
Wheat,0.25,25.4,63.0,6.22,520.0,55.6,87.1,34.1,2.87,490,111,0.19,1218,66,16323,1240.1,88,100,100,100,46,Moderate,True
Wheat,12.25,7.1,20.4,5.06,85.0,20.9,75.2,52.2,0.78,639,119,4.23,59295,6,217376,266.6,5,11,5,5,5,Poor,True
Wheat,6.25,7.4,19.8,4.13,2655.0,10.0,73.9,21.1,0.77,621,123,2.04,28606,6,109484,282.7,5,5,5,5,5,Poor,True
Wheat,1.0,14.8,45.4,6.56,661.0,98.6,97.6,96.6,3.88,506,111,1.0,5296,99,88270,1566.7,100,100,100,100,100,Good,True
Wheat,3.5,21.8,59.9,6.75,470.0,178.3,37.4,78.9,2.86,477,108,2.54,15374,64,227728,1381.3,100,100,100,100,39,Moderate,True
Wheat,5.0,18.1,49.5,6.37,712.0,116.5,53.7,76.6,4.16,503,112,4.96,22901,99,473200,1966.3,100,100,100,100,100,Good,True
Wheat,12.25,31.8,60.4,6.5,546.0,46.0,44.2,58.4,2.31,495,121,8.29,54313,54,643768,1085.3,33,100,100,100,30,Moderate,True
Wheat,16.0,20.8,54.3,5.96,427.0,27.3,87.1,44.6,2.07,510,113,9.51,74854,44,753480,906.6,100,96,100,100,5,Poor,True
Wheat,2.25,17.1,49.4,6.18,454.0,131.8,63.5,39.5,3.99,510,109,2.25,10298,99,204238,1883.3,100,100,100,100,100,Good,True
Wheat,3.0,14.4,53.2,7.08,471.0,122.3,68.0,41.4,3.91,516,111,2.88,13753,99,266858,1840.4,100,100,100,100,100,Good,True
Wheat,7.5,17.5,45.5,6.96,723.0,8.1,87.7,28.2,2.07,491,106,4.38,33927,47,353194,941.0,100,100,100,100,5,Poor,True
Wheat,3.0,16.9,56.0,8.18,511.0,182.4,31.7,54.2,2.47,499,107,1.98,12944,53,168578,1202.4,100,50,100,100,33,Moderate,True
Wheat,1.5,10.9,69.0,5.13,2649.0,76.9,91.9,85.8,1.46,543,116,0.71,7640,25,49822,552.1,51,17,81,5,79,Poor,True
Wheat,4.0,19.3,55.0,6.99,1046.0,146.7,37.9,33.6,3.12,506,106,3.41,17229,74,283920,1547.9,100,100,100,63,89,Good,True
Wheat,7.5,14.8,62.0,6.12,744.0,107.9,37.7,28.1,3.95,517,113,7.2,32139,99,673969,1997.0,100,100,100,100,100,Good,True
Wheat,10.0,16.4,61.4,4.36,754.0,100.4,55.2,94.0,2.02,492,110,5.93,48676,41,459550,844.1,100,5,100,100,100,Poor,True
Wheat,3.5,19.9,70.7,5.9,1228.0,76.2,35.9,23.5,2.65,543,111,2.58,14459,59,211006,1359.3,100,91,73,39,78,Moderate,True
Wheat,10.0,19.5,56.6,6.64,425.0,134.7,40.6,54.3,3.93,491,116,10.03,43802,99,894075,1941.2,100,100,100,100,100,Good,True
Wheat,1.0,35.6,93.0,4.75,2249.0,37.7,86.8,76.9,0.83,635,121,0.34,4942,5,18882,282.1,5,5,5,5,17,Poor,True
Wheat,0.25,7.4,63.1,7.02,358.0,122.6,84.4,31.7,1.95,504,119,0.15,1165,41,11091,852.0,5,100,100,84,100,Poor,True
Wheat,2.25,18.6,61.4,5.4,794.0,174.1,40.3,55.7,2.59,505,110,1.62,9715,62,132576,1264.7,100,43,100,94,46,Moderate,True
Wheat,3.0,42.6,19.8,4.65,67.0,11.4,80.9,31.6,0.78,643,120,0.98,13984,5,53235,280.7,5,5,5,5,5,Poor,True
Wheat,3.5,35.1,90.4,8.72,90.0,18.4,68.5,63.1,0.78,634,124,1.2,16083,5,62108,286.2,5,11,5,5,5,Poor,True
Wheat,0.25,14.1,51.1,6.59,484.0,93.2,64.5,62.9,3.86,510,112,0.25,1204,99,21954,1723.4,100,100,100,100,100,Good,True
Wheat,2.0,22.4,53.5,6.68,697.0,121.1,46.1,26.7,3.96,506,110,1.98,8773,99,180180,1953.8,100,100,100,100,100,Good,True
Wheat,0.5,7.4,21.1,8.86,119.0,7.1,54.5,87.9,0.78,647,123,0.17,2429,5,8872,265.3,5,5,5,5,5,Poor,True
Wheat,3.0,20.6,45.9,7.2,690.0,134.7,90.7,85.5,3.98,482,110,3.02,15820,99,271635,1617.0,100,100,100,100,100,Good,True
Wheat,6.25,14.6,46.8,6.65,512.0,125.3,50.6,31.5,4.03,491,110,6.14,28407,99,573016,1917.2,100,100,100,100,100,Good,True
Wheat,16.0,12.9,55.4,6.72,450.0,66.2,89.7,97.7,3.09,516,109,13.22,82657,78,1124760,1260.8,83,100,100,100,62,Good,True
Wheat,2.0,41.5,31.8,8.14,262.0,27.6,97.3,76.3,1.21,603,121,0.83,10241,16,55055,437.6,5,53,37,48,5,Poor,True
Wheat,2.25,34.2,16.8,4.57,82.0,13.6,30.9,86.5,0.79,621,123,0.76,10067,5,40438,301.7,12,5,5,5,5,Poor,True
Wheat,4.0,14.4,54.1,6.79,850.0,182.9,59.2,81.2,2.65,504,111,2.83,17890,60,241150,1248.0,100,100,100,87,32,Moderate,True
Wheat,9.0,35.3,93.8,8.81,88.0,26.1,42.2,32.8,0.74,624,121,3.03,39986,6,151515,278.9,5,5,5,5,5,Poor,True
Wheat,2.0,37.8,95.4,4.85,1638.0,39.2,38.8,36.9,0.81,655,122,0.71,8661,6,36855,325.5,5,5,5,5,20,Poor,True
Wheat,1.5,7.2,22.7,8.74,2108.0,10.8,86.2,71.7,0.8,641,124,0.52,7222,7,27300,278.0,5,9,5,5,5,Poor,True
Wheat,9.0,6.4,94.7,4.03,2396.0,11.6,44.1,94.3,0.77,641,122,2.94,41634,5,157658,278.7,5,5,5,5,5,Poor,True
Wheat,2.25,6.5,19.3,8.63,2035.0,38.6,65.0,45.2,0.85,643,121,0.8,10641,8,43509,308.9,5,18,5,5,19,Poor,True
Wheat,1.0,6.8,84.5,5.08,2694.0,25.5,89.6,43.2,0.8,624,120,0.34,4869,5,18200,273.8,5,12,8,5,5,Poor,True
Wheat,12.25,14.3,64.0,7.03,735.0,133.2,40.6,57.0,3.94,495,110,12.14,53855,99,1098029,1938.9,100,100,100,100,100,Good,True
Wheat,3.5,7.8,23.5,8.65,1697.0,17.6,89.9,54.5,0.81,634,122,1.21,17516,5,64496,268.2,5,16,5,5,5,Poor,True
Wheat,1.0,19.0,41.8,6.28,74.0,87.0,97.1,65.4,2.04,512,109,0.58,5059,41,46410,817.4,100,100,85,5,95,Poor,True
Wheat,3.0,21.7,56.4,6.64,660.0,138.3,99.6,27.8,3.96,503,111,3.12,14057,99,270270,1822.7,100,100,100,100,100,Good,True
Wheat,0.5,13.4,76.6,6.42,1070.0,125.7,31.0,81.3,2.72,592,112,0.37,2217,61,30940,1295.6,91,100,45,59,100,Moderate,True
Wheat,1.0,14.5,50.9,7.76,725.0,144.5,51.7,89.4,3.47,485,110,0.92,4621,88,78942,1608.3,100,81,100,100,93,Good,True
Wheat,12.25,6.5,68.4,5.85,627.0,83.0,95.4,32.9,1.89,524,127,7.23,60301,39,526719,773.5,5,85,84,100,89,Poor,True
Wheat,5.0,39.0,13.6,4.07,77.0,16.6,48.1,57.9,0.78,652,122,1.67,23173,7,88725,282.9,5,5,5,5,5,Poor,True
Wheat,3.5,15.2,88.9,7.25,507.0,24.8,69.8,23.2,1.73,642,111,1.9,15893,32,137751,766.7,100,100,5,100,5,Poor,True
Wheat,3.5,20.5,45.6,4.4,382.0,99.9,60.9,61.0,1.99,496,110,2.08,16197,44,158454,878.3,100,5,100,93,100,Poor,True
Wheat,2.0,30.0,38.2,4.42,1298.0,90.0,91.4,99.3,1.57,559,118,0.99,10048,28,71435,610.9,48,5,68,31,100,Poor,True
Wheat,3.0,18.9,62.7,6.12,420.0,101.7,33.0,98.2,3.89,498,108,2.92,13866,99,265492,1814.7,100,100,100,100,100,Good,True
Wheat,5.0,7.3,81.2,7.5,1726.0,30.9,37.4,50.1,1.15,600,126,2.19,22475,17,130812,482.0,5,100,23,5,6,Poor,True
Wheat,9.0,41.0,18.5,4.18,181.0,15.0,54.4,57.5,0.83,630,122,3.03,40695,6,169942,317.6,5,5,5,17,5,Poor,True
Wheat,0.5,19.7,73.6,6.5,1238.0,86.4,67.5,85.5,2.52,568,111,0.35,2410,58,28665,1089.4,100,100,59,38,94,Moderate,True
Wheat,12.25,6.2,96.8,8.7,104.0,29.6,63.3,42.3,0.81,630,123,4.15,55483,5,225737,306.9,5,12,5,5,5,Poor,True
Wheat,2.25,6.5,24.0,6.35,1957.0,64.0,32.2,68.1,1.29,632,124,0.99,10156,23,66032,550.2,5,100,5,5,59,Poor,True
Wheat,6.25,14.5,49.8,6.52,692.0,108.3,56.6,94.9,3.97,505,109,6.4,30024,99,564484,1780.1,100,100,100,100,100,Good,True
Wheat,3.5,24.7,39.9,7.87,457.0,98.0,55.3,54.4,3.38,532,112,3.09,15753,80,269132,1608.4,94,73,76,100,100,Good,True
Wheat,1.5,40.3,10.5,4.69,193.0,15.3,48.9,70.9,0.82,654,121,0.5,6956,8,27982,302.3,5,5,5,21,5,Poor,True
Wheat,3.5,5.4,40.1,7.63,487.0,95.5,50.9,77.0,1.98,520,124,2.03,16572,40,157658,851.4,5,91,77,100,100,Poor,True
Wheat,2.0,23.8,66.0,6.8,2638.0,84.5,42.9,24.3,2.03,502,106,1.16,8349,40,92365,1006.3,100,100,95,5,91,Poor,True
Wheat,16.0,37.9,88.2,4.58,2155.0,33.8,69.3,91.5,0.79,646,121,5.36,81472,5,287560,253.0,5,5,5,5,11,Poor,True
Wheat,9.0,12.9,75.0,6.89,519.0,132.8,87.6,78.7,2.9,577,112,7.05,45129,71,593775,1215.7,83,100,52,100,100,Moderate,True
Wheat,10.0,42.8,17.3,4.01,184.0,19.0,65.0,45.3,0.82,622,125,3.49,45095,8,186550,313.7,5,5,5,18,5,Poor,True
Wheat,2.25,40.1,83.1,8.86,125.0,12.7,98.5,53.6,0.82,641,120,0.77,11041,6,41974,280.2,5,5,14,5,5,Poor,True
Wheat,2.0,31.8,52.5,8.15,1126.0,89.6,68.2,33.3,2.19,496,117,1.31,9262,50,99645,975.8,33,52,100,52,99,Moderate,True
Wheat,12.25,23.8,57.2,6.75,534.0,134.9,56.4,47.8,3.93,503,109,12.66,57343,99,1095242,1810.0,100,100,100,100,100,Good,True
Wheat,12.25,43.7,19.7,4.46,52.0,17.2,31.1,91.7,0.78,641,123,4.19,54744,7,217376,297.1,5,5,5,5,5,Poor,True
Wheat,7.5,25.6,69.4,6.29,549.0,25.5,38.7,59.9,1.95,522,111,4.33,33763,41,332719,885.5,86,100,79,100,5,Poor,True
Wheat,5.0,44.0,14.1,4.28,174.0,11.4,98.2,46.9,0.8,633,121,1.65,25391,5,91000,258.4,5,5,5,14,5,Poor,True
Wheat,1.5,42.1,51.3,5.87,1703.0,32.5,60.5,42.8,1.36,499,123,0.68,6805,21,46410,582.0,5,87,100,5,9,Poor,True
Wheat,0.25,11.1,47.3,6.76,901.0,142.6,76.2,74.4,3.0,492,116,0.2,1186,69,17062,1338.6,55,100,100,81,96,Moderate,True
Wheat,6.25,30.4,73.2,8.69,2727.0,19.8,36.1,87.0,1.12,547,117,2.61,28221,15,159250,464.3,45,13,61,5,5,Poor,True
Wheat,2.0,27.0,41.1,8.26,1151.0,69.6,36.3,21.3,2.39,542,111,1.39,8276,54,108745,1214.0,74,45,82,49,68,Moderate,True
Wheat,10.0,19.0,58.7,6.14,60.0,146.4,74.3,60.3,2.01,513,109,6.07,49767,43,457275,818.8,100,100,100,5,90,Poor,True
Wheat,3.5,7.0,59.0,7.49,560.0,140.5,45.6,56.4,2.07,489,120,2.07,16549,42,164824,896.0,5,100,100,100,99,Poor,True
Wheat,1.5,39.7,12.0,4.38,69.0,19.5,94.0,53.0,0.76,655,120,0.51,7205,5,25935,260.0,5,5,5,5,5,Poor,True
Wheat,16.0,22.8,60.5,6.11,691.0,91.8,87.4,76.3,4.02,504,111,15.38,78545,99,1463280,1763.0,100,100,100,100,100,Good,True
Wheat,5.0,22.0,37.2,6.48,323.0,187.0,81.9,20.6,2.24,555,112,3.19,22814,48,254800,1016.9,100,100,63,71,26,Moderate,True
Wheat,2.25,20.0,30.2,5.42,2651.0,52.9,88.7,83.6,1.45,616,113,1.05,11424,24,74222,549.7,100,45,29,5,41,Poor,True
Wheat,6.25,28.8,35.2,7.97,806.0,165.6,59.0,39.3,2.57,579,117,4.63,28710,58,365422,1172.8,59,65,54,93,60,Moderate,True
Wheat,2.25,20.6,54.1,7.35,643.0,137.5,93.0,53.2,4.13,497,111,2.25,10921,98,211404,1835.8,100,100,100,100,100,Good,True
Wheat,9.0,5.6,23.8,5.87,2468.0,164.0,72.0,46.8,1.27,621,121,3.75,42128,21,260032,517.2,5,88,5,5,62,Poor,True
Wheat,6.25,43.4,99.4,5.21,2923.0,38.5,75.1,86.3,0.91,648,121,2.24,31088,8,129391,316.2,5,25,5,5,19,Poor,True
Wheat,1.5,16.2,58.9,6.66,487.0,103.6,86.1,66.2,3.96,507,112,1.5,7298,99,135135,1751.7,100,100,100,100,100,Good,True
Wheat,5.0,37.9,16.4,4.78,76.0,18.6,66.2,55.0,0.78,665,121,1.65,23070,7,88725,284.6,5,5,5,5,5,Poor,True
Wheat,7.5,6.2,94.8,8.65,1640.0,5.4,83.9,32.2,0.83,659,126,2.51,36342,6,141619,289.7,5,16,5,5,5,Poor,True
Wheat,6.25,19.6,46.1,6.91,586.0,116.0,73.3,63.5,3.98,477,107,6.3,29796,99,565906,1799.3,100,100,100,100,100,Good,True
Wheat,10.0,17.4,49.5,6.68,710.0,107.3,98.1,65.7,4.08,529,112,9.99,51178,99,928200,1713.7,100,100,100,100,100,Good,True
Wheat,5.0,40.6,20.2,8.87,2761.0,32.0,76.1,42.0,0.81,640,124,1.7,23323,5,92138,295.1,5,5,5,5,8,Poor,True
Wheat,0.25,31.2,64.1,6.58,1057.0,42.5,95.4,70.2,2.13,487,121,0.16,1250,44,12114,869.1,37,100,100,61,25,Poor,True
Wheat,0.5,30.5,62.1,4.52,1431.0,119.2,37.5,42.6,1.6,489,116,0.26,2195,26,18200,729.2,44,5,100,14,100,Poor,True
Wheat,7.5,43.3,10.9,4.4,104.0,17.6,57.4,59.3,0.79,638,122,2.54,35232,6,134794,282.6,5,5,5,5,5,Poor,True
Wheat,6.25,6.2,48.7,6.25,486.0,118.9,44.7,53.6,2.05,498,123,3.75,27779,42,291484,949.3,5,100,100,100,100,Poor,True
Wheat,16.0,39.7,22.5,5.08,2014.0,21.9,73.0,63.7,0.82,627,122,5.54,77217,8,298480,286.5,5,13,5,5,5,Poor,True
Wheat,10.0,21.4,60.1,7.46,467.0,96.1,41.1,79.3,3.98,504,110,10.13,47812,99,905450,1793.8,100,100,100,100,100,Good,True
Wheat,2.0,12.6,50.3,7.18,580.0,167.2,94.9,35.4,3.02,498,111,1.59,9200,70,137410,1393.6,78,100,100,100,57,Moderate,True
Wheat,5.0,6.2,12.1,6.56,542.0,173.4,38.0,37.4,1.59,647,124,2.46,21284,31,180862,749.8,5,100,5,100,47,Poor,True
Wheat,4.0,18.1,29.8,7.64,2826.0,53.5,63.7,96.3,1.56,620,108,2.01,19382,31,141960,632.4,100,90,28,5,42,Poor,True
Wheat,16.0,27.6,35.1,7.2,406.0,105.3,54.4,64.1,2.93,551,115,12.63,73731,68,1066520,1346.5,69,100,53,100,100,Moderate,True
Wheat,3.5,40.7,17.7,8.66,1654.0,10.8,44.4,77.8,0.8,641,125,1.19,16321,5,63700,290.3,5,15,5,5,5,Poor,True
Wheat,1.0,12.1,58.1,6.64,2220.0,118.1,87.1,69.8,1.98,483,115,0.57,5066,39,45045,789.2,69,100,100,5,100,Poor,True
Wheat,7.5,16.6,49.3,7.3,610.0,128.2,72.5,54.3,4.01,496,108,7.64,35364,99,684206,1834.8,100,100,100,100,100,Good,True
Wheat,1.0,24.7,45.4,6.44,499.0,13.8,92.9,85.5,2.07,493,107,0.59,5017,42,47092,838.6,94,100,100,100,5,Poor,True
Wheat,2.0,23.0,90.1,8.79,834.0,82.0,72.3,90.2,1.68,646,109,1.07,9687,33,76440,689.1,100,6,5,89,87,Poor,True
Wheat,4.0,30.0,50.5,6.02,877.0,159.2,96.5,62.4,2.78,497,117,2.98,20078,64,252980,1160.0,48,100,100,84,70,Moderate,True
Wheat,2.0,16.4,61.6,7.34,1806.0,105.7,60.1,34.9,2.1,510,110,1.17,9074,45,95550,953.0,100,100,100,5,100,Poor,True
Wheat,16.0,18.3,68.9,5.7,486.0,40.2,47.2,37.2,2.17,532,111,10.22,70185,47,789880,1025.4,100,71,82,100,21,Moderate,True
Wheat,1.0,23.3,46.1,7.3,579.0,120.9,56.0,31.6,4.05,503,110,0.98,4531,98,92138,1933.5,100,100,100,100,100,Good,True
Wheat,6.25,39.2,10.1,4.55,158.0,8.2,69.7,45.7,0.76,670,123,2.16,29981,5,108062,260.4,5,5,5,8,5,Poor,True
Wheat,9.0,14.3,16.0,5.42,715.0,43.5,69.3,77.3,1.61,623,110,4.66,41919,31,329648,686.4,100,45,5,100,26,Poor,True
Wheat,12.25,7.9,92.7,4.38,83.0,39.7,59.5,29.9,0.83,652,122,4.33,54247,6,231311,326.4,5,5,5,5,20,Poor,True
Wheat,7.5,31.1,39.4,5.67,1263.0,174.5,42.0,46.1,2.08,548,122,4.55,32621,45,354900,987.9,38,69,73,35,45,Poor,True
Wheat,0.5,20.3,61.9,5.43,1967.0,171.2,99.2,92.9,1.68,511,108,0.26,2547,35,19110,650.3,100,45,100,5,51,Poor,True
Wheat,10.0,41.6,12.5,8.6,2704.0,14.6,82.8,52.0,0.84,645,122,3.53,47711,6,191100,300.5,5,19,5,5,5,Poor,True
Wheat,10.0,15.7,45.5,6.5,416.0,124.6,69.0,45.1,4.05,510,109,10.05,47315,99,921375,1847.3,100,100,100,100,100,Good,True
Wheat,3.5,13.4,65.1,8.38,1097.0,42.5,72.9,51.5,2.16,512,113,2.04,16597,43,171990,936.3,90,36,100,56,25,Poor,True
Wheat,2.25,18.6,58.0,6.02,516.0,109.7,78.8,56.4,3.85,504,110,2.26,10909,99,197072,1706.5,100,100,100,100,100,Good,True
Wheat,1.0,7.7,23.0,4.04,2990.0,12.9,36.2,77.9,0.75,645,121,0.34,4566,5,17062,273.7,5,5,5,5,5,Poor,True
Wheat,2.0,7.6,96.0,5.06,1613.0,29.1,85.4,50.4,0.75,648,127,0.68,9684,6,34125,252.4,5,11,5,5,5,Poor,True
Wheat,6.25,32.9,93.2,6.92,448.0,63.9,40.4,66.7,1.67,641,121,3.3,27819,35,237453,753.6,23,100,5,100,59,Poor,True
Wheat,1.5,39.0,90.6,7.18,2038.0,104.4,46.8,58.2,1.44,662,122,0.69,6729,24,49140,630.3,5,100,5,5,100,Poor,True
Wheat,3.5,40.4,12.8,4.62,122.0,6.4,83.6,76.9,0.75,648,122,1.18,17674,5,59719,237.9,5,5,5,5,5,Poor,True
Wheat,0.5,20.0,57.9,6.78,582.0,108.5,54.7,86.8,3.98,510,107,0.5,2401,99,45272,1785.5,100,100,100,100,100,Good,True
Wheat,5.0,27.6,34.5,5.97,884.0,182.1,47.0,71.8,2.32,588,113,3.31,22188,49,263900,1089.4,69,98,50,83,33,Moderate,True
Wheat,2.25,7.7,24.6,8.74,93.0,33.5,83.3,61.1,0.81,656,122,0.76,10777,7,41462,284.7,5,9,5,5,11,Poor,True
Wheat,2.0,39.2,19.4,4.57,148.0,17.7,37.4,30.4,0.76,624,123,0.66,8732,5,34580,296.0,5,5,5,5,5,Poor,True
Wheat,3.5,43.4,13.9,4.36,143.0,8.0,58.0,25.5,0.75,646,121,1.19,15713,5,59719,280.1,5,5,5,5,5,Poor,True
Wheat,3.5,21.9,71.8,8.76,1774.0,20.4,62.3,28.6,1.35,541,107,1.51,15725,21,107494,583.6,100,8,68,5,5,Poor,True
Wheat,1.5,21.0,53.1,7.45,497.0,125.5,37.7,21.3,4.09,492,110,1.54,6457,99,139571,2061.5,100,100,100,100,100,Good,True
Wheat,3.0,30.4,46.8,5.62,1393.0,170.5,62.3,41.3,1.94,490,118,1.67,13326,36,132405,893.6,45,64,100,19,52,Poor,True
Wheat,1.0,38.8,15.5,8.66,115.0,20.4,55.9,23.9,0.81,651,121,0.34,4207,8,18428,338.0,5,15,5,5,5,Poor,True
Wheat,10.0,23.3,34.2,5.81,1013.0,118.2,56.8,94.2,2.78,570,110,7.68,47278,62,632450,1237.7,100,82,49,67,100,Moderate,True
Wheat,7.5,14.4,61.0,7.07,508.0,92.9,43.6,35.2,3.86,485,109,7.44,32060,99,658612,1954.3,100,100,100,100,100,Good,True
Wheat,12.25,18.4,58.0,7.05,462.0,138.6,42.4,42.1,3.91,519,112,12.03,55571,99,1089668,1860.9,100,100,100,100,100,Good,True
Wheat,7.5,19.0,51.6,6.95,415.0,91.7,72.5,61.5,4.1,495,109,7.77,34512,99,699562,1927.0,100,100,100,100,100,Good,True
Wheat,12.25,6.2,24.5,5.07,85.0,35.9,79.0,52.4,0.83,636,119,4.28,58060,5,231311,298.4,5,12,5,5,14,Poor,True
Wheat,0.5,36.0,18.4,8.69,1641.0,30.9,89.7,75.0,0.8,629,119,0.17,2505,5,9100,263.3,5,13,5,5,6,Poor,True
Wheat,0.5,6.3,14.4,8.8,1766.0,35.8,42.0,80.8,0.77,646,122,0.17,2269,5,8759,286.0,5,5,5,5,14,Poor,True
Wheat,0.5,5.4,41.7,6.37,103.0,174.6,63.1,23.6,1.47,516,124,0.25,2258,29,16721,640.5,5,100,84,5,45,Poor,True
Wheat,10.0,37.1,16.8,4.23,84.0,12.5,82.8,82.0,0.78,656,123,3.26,49792,6,177450,256.4,5,5,5,5,5,Poor,True
Wheat,4.0,18.1,60.2,7.31,434.0,116.2,37.0,84.3,3.94,498,111,3.9,17946,98,358540,1897.9,100,100,100,100,100,Good,True
Wheat,10.0,18.4,54.2,5.75,1683.0,132.7,47.7,56.7,1.97,506,111,5.71,45828,42,448175,878.0,100,77,100,5,100,Poor,True
Wheat,16.0,14.0,45.0,8.87,490.0,98.6,37.9,74.9,2.06,522,106,9.49,71288,43,749840,951.8,100,5,100,100,100,Poor,True
Wheat,0.5,42.1,10.2,4.78,178.0,14.9,39.9,59.8,0.81,637,122,0.17,2203,5,9214,318.2,5,5,5,16,5,Poor,True
Wheat,2.25,20.3,94.0,6.03,796.0,92.1,55.2,79.5,2.07,672,110,1.35,11001,43,105958,863.2,100,100,5,94,100,Poor,True
Wheat,6.25,21.1,64.5,6.81,574.0,99.4,43.6,96.4,4.1,499,110,6.53,29730,99,582969,1860.9,100,100,100,100,100,Good,True
Wheat,6.25,27.8,31.5,5.43,952.0,158.4,74.7,97.2,2.24,607,114,3.87,30548,48,318500,942.6,67,46,36,74,71,Moderate,True
Wheat,4.0,22.1,50.5,6.5,545.0,111.7,91.4,74.3,4.01,505,111,3.99,19957,96,364910,1728.5,100,100,100,100,100,Good,True
Wheat,6.25,22.3,45.9,7.0,416.0,129.3,92.9,55.9,4.0,506,112,6.33,31139,99,568750,1726.5,100,100,100,100,100,Good,True
Wheat,0.5,38.7,88.2,8.73,1562.0,34.2,38.6,83.6,0.8,629,120,0.17,2276,6,9100,299.8,5,10,5,5,12,Poor,True
Wheat,12.25,21.1,64.1,6.94,466.0,102.4,69.7,83.4,3.9,490,108,12.41,58387,99,1086881,1761.5,100,100,100,100,100,Good,True
Wheat,10.0,20.2,49.1,8.99,723.0,149.9,94.9,31.8,2.02,506,108,5.82,47786,43,459550,861.7,100,5,100,100,84,Poor,True
Wheat,16.0,16.8,49.1,7.46,407.0,121.3,77.7,61.9,3.84,503,111,15.82,74405,99,1397760,1778.6,100,100,100,100,100,Good,True
Wheat,10.0,19.6,57.8,6.32,661.0,122.3,50.3,64.7,3.98,517,113,10.22,45369,99,905450,1895.7,100,100,100,100,100,Good,True
Wheat,0.5,18.8,46.7,6.64,438.0,137.8,41.4,58.9,4.07,500,110,0.49,2152,99,46296,2051.3,100,100,100,100,100,Good,True
Wheat,3.0,7.4,42.8,6.81,481.0,148.1,45.2,86.0,2.0,513,124,1.74,14042,42,136500,872.1,5,100,90,100,87,Poor,True
Wheat,0.25,37.9,14.9,4.0,103.0,17.5,33.5,31.0,0.78,630,122,0.1,1049,6,4436,322.9,5,5,5,5,5,Poor,True
Wheat,9.0,7.8,24.4,5.2,1548.0,13.7,77.5,50.9,0.83,628,123,3.09,43615,5,169942,289.6,5,24,5,5,5,Poor,True
Wheat,10.0,39.8,19.0,4.71,188.0,14.0,42.1,54.9,0.84,646,124,3.46,45206,7,191100,322.7,5,5,5,19,5,Poor,True
Wheat,6.25,43.1,18.0,4.11,165.0,8.8,59.1,36.0,0.77,633,122,2.13,29314,5,109484,273.5,5,5,5,11,5,Poor,True
Wheat,2.0,17.2,36.8,8.64,1437.0,36.7,84.8,86.7,1.5,541,110,1.0,9498,25,68250,618.6,100,17,61,13,16,Poor,True
Wheat,3.5,22.3,58.6,6.05,447.0,121.8,36.7,62.1,4.1,509,112,3.53,15981,99,326462,1942.8,100,100,100,100,100,Good,True
Wheat,2.0,15.8,62.0,6.32,661.0,107.2,78.6,60.3,4.03,501,110,1.95,9664,99,183365,1797.4,100,100,100,100,100,Good,True
Wheat,0.25,14.9,59.4,7.34,728.0,120.9,78.0,48.6,4.03,507,111,0.24,1207,99,22921,1799.0,100,100,100,100,100,Good,True
Wheat,10.0,18.1,50.3,6.3,694.0,124.8,54.8,57.3,4.0,489,110,9.89,46846,98,910000,1842.5,100,100,100,100,100,Good,True
Wheat,9.0,22.3,48.4,6.56,610.0,114.1,97.3,56.9,3.97,498,110,8.86,44739,99,812858,1716.9,100,100,100,100,100,Good,True
Wheat,5.0,20.4,57.3,7.2,707.0,115.5,93.9,22.1,4.19,492,112,5.27,23917,99,476613,1892.8,100,100,100,100,100,Good,True
Wheat,12.25,42.4,10.9,4.11,186.0,16.8,70.6,49.8,0.82,654,124,4.39,57947,9,228524,294.4,5,5,5,19,5,Poor,True
Wheat,0.25,28.5,68.0,8.31,1395.0,76.1,73.5,92.0,1.84,524,115,0.14,1196,39,10465,775.0,62,41,86,18,78,Poor,True
Wheat,2.25,20.5,46.4,4.05,738.0,92.2,58.2,20.5,2.04,518,107,1.32,10084,47,104422,935.5,100,5,100,100,100,Poor,True
Wheat,0.5,42.7,18.7,4.37,58.0,5.8,88.1,72.0,0.79,651,121,0.17,2447,5,8986,267.2,5,5,5,5,5,Poor,True
Wheat,7.5,20.1,56.1,6.98,713.0,132.5,53.3,27.8,4.03,500,112,7.41,33861,99,687619,1930.7,100,100,100,100,100,Good,True
Wheat,3.0,24.2,40.3,4.57,483.0,94.6,38.5,66.8,1.93,542,112,1.73,13321,41,131722,888.8,98,5,77,100,100,Poor,True
Wheat,4.0,40.6,17.2,4.56,127.0,13.4,97.7,30.9,0.77,654,124,1.33,19171,7,70070,265.5,5,5,5,5,5,Poor,True
Wheat,7.5,40.8,67.6,4.77,1922.0,143.8,95.6,84.4,1.37,513,121,3.46,38177,20,233756,512.3,5,5,88,5,94,Poor,True
Wheat,0.25,15.6,78.2,7.94,280.0,182.2,73.7,36.1,2.14,608,112,0.16,1145,46,12171,963.0,100,68,37,54,33,Moderate,True
Wheat,12.25,6.1,18.8,8.85,2889.0,19.2,98.8,85.6,0.76,639,123,4.04,64088,5,211802,230.5,5,5,5,5,5,Poor,True
Wheat,4.0,38.9,92.3,4.18,137.0,22.9,79.0,36.0,0.77,635,120,1.41,18594,6,70070,276.8,5,5,5,5,5,Poor,True
Wheat,12.25,7.0,90.4,4.47,112.0,6.0,62.0,65.1,0.77,638,122,4.13,55318,6,214589,287.9,5,5,5,5,5,Poor,True
Wheat,9.0,36.7,12.6,8.82,81.0,17.2,79.4,51.2,0.78,627,121,3.02,43196,7,159705,269.7,5,5,5,5,5,Poor,True
Wheat,4.0,24.0,61.5,6.52,549.0,103.0,34.4,72.5,3.95,497,108,4.02,17524,99,359450,1951.2,100,100,100,100,100,Good,True
Wheat,1.5,40.5,18.0,8.83,1602.0,18.2,63.0,72.7,0.78,638,119,0.51,7144,5,26618,272.6,5,5,5,5,5,Poor,True
Wheat,12.25,16.7,54.3,7.46,708.0,99.1,70.3,94.2,4.02,519,109,12.29,59845,99,1120324,1772.0,100,100,100,100,100,Good,True
Wheat,4.0,24.7,61.2,5.8,727.0,11.5,78.8,67.1,1.99,481,114,2.39,18847,40,181090,860.8,94,81,100,100,5,Poor,True
Wheat,3.5,39.3,12.9,8.8,145.0,39.3,86.6,78.6,0.81,654,122,1.2,17726,6,64496,263.8,5,5,5,5,20,Poor,True
Wheat,4.0,20.3,36.0,6.18,306.0,123.9,46.6,92.0,2.96,570,111,3.17,18421,72,269360,1362.2,100,100,57,64,100,Moderate,True
Wheat,3.0,38.2,18.9,4.6,113.0,6.0,72.8,29.2,0.77,667,122,0.98,14226,8,52552,269.4,5,5,5,5,5,Poor,True
Wheat,0.25,34.7,19.9,8.81,89.0,11.9,64.4,74.3,0.78,647,122,0.1,1187,5,4436,273.7,8,5,5,5,5,Poor,True
Wheat,2.25,19.4,13.0,6.18,666.0,97.7,36.0,21.9,2.06,637,111,1.35,9584,44,105446,1000.2,100,100,5,100,100,Poor,True
Wheat,1.5,28.6,74.4,7.02,286.0,179.0,97.2,27.7,2.27,551,119,1.0,7224,53,77464,972.3,61,100,55,57,38,Moderate,True
Wheat,16.0,43.0,66.7,5.71,716.0,104.5,84.2,65.5,1.91,529,125,9.28,74065,42,695240,838.7,5,73,92,100,100,Poor,True
Wheat,0.5,41.1,68.3,5.71,708.0,104.8,43.3,36.6,1.91,526,119,0.29,2224,38,21726,876.9,5,72,84,100,100,Poor,True
Wheat,1.5,38.5,20.0,8.73,141.0,32.4,50.9,29.4,0.81,634,123,0.52,6897,5,27641,300.8,5,10,5,5,9,Poor,True
Wheat,1.0,19.8,70.8,6.8,590.0,156.2,46.1,68.1,3.34,536,110,0.86,4550,83,75985,1570.0,100,100,73,100,74,Good,True
Wheat,16.0,29.3,71.7,8.1,697.0,136.2,53.2,37.9,2.76,556,116,11.86,68909,64,1004640,1357.9,54,56,68,100,100,Moderate,True
Wheat,3.5,14.8,59.7,7.48,789.0,54.7,95.8,93.8,2.79,510,111,2.8,18309,66,222154,1113.4,100,100,100,95,44,Moderate,True
Wheat,16.0,22.1,32.9,6.34,1349.0,103.9,47.6,76.3,2.26,586,109,9.91,75232,47,822640,993.5,100,100,43,24,100,Moderate,True
Wheat,12.25,41.8,91.6,4.48,2905.0,27.9,32.3,53.7,0.75,640,125,4.19,54785,5,209016,281.5,5,5,5,5,5,Poor,True
Wheat,0.5,16.4,56.0,7.4,601.0,102.2,44.0,91.0,3.83,500,109,0.51,2323,98,43566,1775.4,100,100,100,100,100,Good,True
Wheat,3.0,37.4,12.0,4.65,99.0,16.4,93.9,25.0,0.76,630,124,0.97,14308,5,51870,262.5,5,5,5,5,5,Poor,True
Wheat,6.25,17.6,63.3,6.71,722.0,106.7,64.5,84.5,4.0,485,113,6.1,29530,98,568750,1826.0,100,100,100,100,100,Good,True
Wheat,0.25,25.5,31.0,8.2,883.0,133.1,69.5,68.8,2.4,604,113,0.17,1210,55,13650,1028.1,87,49,34,83,100,Moderate,True
Wheat,0.25,41.3,24.8,5.07,99.0,22.4,45.8,48.0,0.77,645,120,0.1,1116,6,4379,292.4,5,11,5,5,5,Poor,True
Wheat,0.5,23.3,69.0,6.65,80.0,144.2,31.5,24.4,1.93,532,110,0.29,2119,42,21954,936.1,100,100,81,5,93,Poor,True
Wheat,2.0,20.3,71.5,8.18,811.0,125.0,84.2,84.9,2.86,546,113,1.55,9592,64,130130,1256.7,100,50,69,92,100,Moderate,True
Wheat,1.0,7.1,83.8,8.73,118.0,36.4,98.8,49.4,0.82,618,121,0.36,4894,5,18655,281.2,5,10,11,5,15,Poor,True
Wheat,5.0,20.8,52.8,8.1,350.0,157.4,43.6,54.9,2.95,500,111,3.75,22342,64,335562,1401.9,100,56,100,81,72,Moderate,True
Wheat,1.0,5.7,51.2,6.89,709.0,110.7,45.9,79.8,2.04,514,122,0.59,4571,45,46410,915.3,5,100,100,100,100,Poor,True
Maize,4.0,22.0,46.7,7.18,690.0,16.4,99.4,21.2,2.77,557,94,2.61,19620,41,33628,71.4,100,100,100,100,5,Poor,True
Maize,9.0,27.4,18.1,6.96,557.0,73.0,60.7,42.6,2.62,709,96,5.87,41212,41,71565,73.7,100,100,5,100,100,Poor,True
Maize,1.5,18.5,66.9,4.28,647.0,70.1,99.9,30.4,2.68,568,94,0.98,7524,42,12201,62.2,100,5,91,100,100,Poor,True
Maize,10.0,18.0,62.4,6.26,674.0,96.8,57.8,72.6,5.06,553,96,10.56,48059,99,153571,219.5,100,100,100,100,100,Good,True
Maize,4.0,21.9,61.4,6.02,692.0,125.3,76.0,26.1,5.09,561,95,4.44,19057,99,61793,224.3,100,100,100,100,100,Good,True
Maize,5.0,13.8,69.0,5.57,1311.0,47.8,95.7,36.5,3.19,606,101,3.81,24246,57,48408,99.7,50,79,81,54,53,Moderate,True
Maize,7.5,33.2,83.2,8.49,2590.0,88.7,51.2,49.4,1.71,677,98,3.76,35434,20,38924,9.8,70,6,14,5,100,Poor,True
Maize,3.5,29.5,60.6,6.88,574.0,84.0,68.6,89.5,5.1,562,95,3.84,17053,99,54175,217.7,100,100,100,100,100,Good,True
Maize,1.0,20.3,71.9,6.39,474.0,36.6,47.1,91.4,3.09,592,95,0.75,4596,54,9378,104.0,100,100,67,79,29,Moderate,True
Maize,12.25,27.4,67.1,6.52,1182.0,146.1,52.3,63.3,4.14,588,95,11.08,57049,79,153920,169.8,100,100,90,67,78,Good,True
Maize,7.5,22.4,51.2,6.19,690.0,124.8,37.3,47.7,5.18,550,93,8.23,34805,99,117910,238.8,100,100,100,100,100,Good,True
Maize,16.0,28.4,48.4,7.1,694.0,90.4,58.8,96.0,5.16,536,93,17.88,78087,99,250570,220.9,100,100,100,100,100,Good,True
Maize,0.5,17.3,30.2,6.33,845.0,70.6,64.0,26.3,3.57,626,93,0.42,2355,63,5417,130.0,91,100,44,100,100,Moderate,True
Maize,7.5,28.0,58.2,5.89,667.0,86.7,93.8,87.3,5.18,528,95,8.32,38331,99,117910,207.6,100,100,100,100,100,Good,True
Maize,2.25,35.2,28.8,5.77,1288.0,124.5,66.5,44.4,3.03,641,97,1.66,10822,52,20691,91.2,50,97,39,56,100,Moderate,True
Maize,0.5,23.0,52.2,6.06,818.0,78.9,68.7,29.8,5.18,555,94,0.55,2330,99,7861,237.4,100,100,100,100,100,Good,True
Maize,10.0,34.9,63.9,6.6,1192.0,130.5,80.7,83.0,3.67,541,101,8.49,50370,66,111385,121.1,54,100,100,66,99,Moderate,True
Maize,3.0,27.2,62.0,6.62,598.0,70.9,32.5,38.8,5.15,562,96,3.23,13115,99,46891,257.5,100,100,100,100,100,Good,True
Maize,9.0,22.6,78.8,8.77,162.0,167.3,48.9,67.1,1.73,674,94,4.39,41318,23,47255,14.4,100,5,35,5,49,Poor,True
Maize,1.5,7.2,92.1,8.53,85.0,24.8,67.3,72.8,1.01,720,106,0.57,7286,5,4598,-36.9,5,5,5,5,5,Poor,True
Maize,1.0,37.2,17.6,4.75,187.0,16.3,53.5,86.3,1.13,703,104,0.39,4853,8,3430,-29.3,31,5,5,5,5,Poor,True
Maize,16.0,27.0,59.2,6.09,804.0,86.9,48.4,80.3,5.09,542,97,17.95,74929,99,247170,229.9,100,100,100,100,100,Good,True
Maize,5.0,24.0,60.3,7.41,624.0,184.8,45.2,22.2,3.01,543,96,3.68,22048,51,45677,107.2,100,85,100,100,26,Moderate,True
Maize,0.25,25.6,56.5,6.59,735.0,100.1,80.8,69.7,5.06,566,94,0.27,1203,99,3839,219.1,100,100,100,100,100,Good,True
Maize,2.25,21.7,62.8,5.62,167.0,73.7,86.5,64.3,2.57,547,96,1.44,11293,41,17550,55.4,100,83,100,5,100,Poor,True
Maize,2.25,29.9,51.7,6.62,784.0,125.2,96.7,94.6,5.18,576,94,2.45,11791,99,35373,200.0,100,100,100,100,100,Good,True
Maize,16.0,18.6,33.7,6.26,1253.0,150.0,50.1,99.3,3.65,605,94,14.0,78241,68,177244,126.5,100,100,57,60,73,Moderate,True
Maize,10.0,24.1,54.8,6.03,698.0,94.7,67.4,53.9,5.11,533,95,10.77,47004,99,155088,229.9,100,100,100,100,100,Good,True
Maize,1.0,42.1,13.3,8.31,2100.0,15.1,57.6,69.2,1.04,720,106,0.37,4960,6,3156,-36.4,5,19,5,5,5,Poor,True
Maize,12.25,19.5,69.3,7.91,2450.0,121.6,38.7,65.5,2.36,579,95,7.44,56543,39,87742,55.2,100,48,79,5,100,Poor,True
Maize,2.0,27.1,60.3,8.92,878.0,112.7,62.4,55.2,2.51,535,93,1.35,9272,42,15236,64.3,100,5,100,97,100,Poor,True
Maize,3.5,42.9,91.3,8.86,188.0,18.2,48.1,82.9,0.99,686,105,1.3,16653,6,10516,-36.9,5,5,5,5,5,Poor,True
Maize,3.5,20.4,58.5,4.7,809.0,78.2,40.3,69.4,2.56,544,95,2.26,16166,41,27194,68.2,100,5,100,100,100,Poor,True
Maize,3.0,37.3,11.1,4.03,153.0,17.9,70.6,23.4,1.1,706,103,1.18,14552,7,10016,-31.2,30,5,5,5,5,Poor,True
Maize,1.5,33.7,15.5,7.57,851.0,51.5,77.5,88.6,2.19,721,100,0.86,7564,35,9970,31.8,65,73,5,100,61,Poor,True
Maize,10.0,32.1,28.0,7.14,1210.0,180.8,54.7,77.5,2.83,661,98,6.98,47318,48,85890,81.5,80,100,35,64,31,Moderate,True
Maize,0.5,8.4,16.1,8.5,179.0,24.3,91.3,31.4,0.98,695,108,0.19,2425,6,1487,-38.7,5,5,5,5,5,Poor,True
Maize,3.0,21.0,62.6,6.31,736.0,110.0,52.9,83.1,5.04,545,92,3.29,14698,99,45889,212.2,100,100,100,100,100,Good,True
Maize,16.0,31.2,38.2,6.9,572.0,145.8,53.4,52.7,4.39,588,96,15.34,72926,82,213178,192.3,89,100,74,100,79,Good,True
Maize,16.0,25.0,63.8,6.66,733.0,114.2,75.6,57.7,5.23,546,96,18.01,77709,98,253969,226.8,100,100,100,100,100,Good,True
Maize,0.25,43.8,16.2,4.13,57.0,19.0,93.8,22.0,0.96,702,108,0.1,1162,6,728,-37.3,5,5,5,5,5,Poor,True
Maize,4.0,41.3,18.1,4.41,167.0,12.6,70.7,47.5,0.96,725,106,1.5,19163,8,11654,-39.2,5,5,5,5,5,Poor,True
Maize,1.0,29.1,62.0,6.48,735.0,87.4,45.0,86.5,5.15,540,97,1.07,4691,99,15630,233.2,100,100,100,100,100,Good,True
Maize,1.0,29.8,51.1,6.7,1129.0,154.2,32.3,78.1,4.14,571,96,0.91,4409,77,12565,185.0,100,100,100,72,67,Good,True
Maize,2.25,26.2,60.6,6.57,604.0,95.8,56.7,99.8,5.18,542,94,2.38,10903,99,35373,224.4,100,100,100,100,100,Good,True
Maize,7.5,6.3,98.0,4.54,2591.0,14.5,43.7,66.0,0.99,688,106,2.87,34640,5,22535,-34.9,5,5,5,5,5,Poor,True
Maize,5.0,40.3,13.8,8.57,123.0,32.4,75.7,68.4,1.01,705,108,1.94,23894,9,15327,-35.9,5,5,5,5,21,Poor,True
Maize,1.5,35.6,38.7,5.48,397.0,113.2,61.4,53.5,3.21,585,101,1.18,7127,60,14614,105.1,47,69,76,58,100,Moderate,True
Maize,0.25,32.1,29.2,7.78,1695.0,37.4,69.9,86.1,2.03,668,102,0.14,1216,32,1540,26.6,80,58,40,16,31,Poor,True
Maize,10.0,26.0,53.7,5.88,692.0,101.0,38.8,63.0,5.15,542,95,11.07,45541,99,156302,243.2,100,100,100,100,100,Good,True
Maize,12.25,17.2,57.2,7.14,2732.0,72.1,85.7,47.3,2.59,550,99,8.03,59545,42,96293,61.7,91,100,100,5,100,Poor,True
Maize,1.0,19.7,61.8,7.46,1524.0,59.1,38.3,52.7,3.13,560,95,0.74,4486,56,9500,111.8,100,81,100,33,77,Moderate,True
Maize,10.0,39.6,17.1,4.88,2719.0,27.3,38.8,22.7,1.06,701,106,3.65,44886,7,32171,-28.3,9,12,5,5,10,Poor,True
Maize,10.0,29.2,52.9,7.09,573.0,112.9,60.2,75.2,5.04,528,96,10.86,47376,99,152964,222.9,100,100,100,100,100,Good,True
Maize,2.25,43.5,57.1,5.58,818.0,65.1,93.3,48.3,2.46,545,105,1.46,10849,40,16799,54.8,5,79,100,100,90,Poor,True
Maize,3.0,23.6,48.1,6.45,616.0,114.3,58.2,64.6,5.11,554,96,3.32,14029,99,46527,231.6,100,100,100,100,100,Good,True
Maize,7.5,14.6,48.1,5.65,656.0,173.2,79.8,29.5,3.34,544,103,5.89,36109,58,76027,110.5,60,86,100,100,41,Moderate,True
Maize,12.25,9.6,83.7,8.85,2323.0,26.0,81.3,77.9,1.01,697,105,4.44,58801,6,37551,-36.1,5,5,11,5,7,Poor,True
Maize,3.5,18.3,55.0,6.89,644.0,112.1,71.3,85.6,5.09,553,95,3.66,17102,99,54069,216.2,100,100,100,100,100,Good,True
Maize,12.25,19.3,59.8,7.97,1260.0,178.6,65.7,32.2,3.0,531,94,8.78,57090,52,111536,95.4,100,44,100,59,34,Moderate,True
Maize,7.5,19.1,60.5,6.43,807.0,104.5,30.5,67.4,5.16,552,93,8.22,33402,99,117455,251.6,100,100,100,100,100,Good,True
Maize,1.5,19.1,54.5,6.45,746.0,98.3,77.2,56.3,5.1,559,97,1.63,7385,98,23218,214.4,100,100,100,100,100,Good,True
Maize,0.25,17.8,25.9,7.61,910.0,154.6,46.3,59.5,2.91,660,95,0.17,1173,48,2208,88.2,98,70,27,94,67,Moderate,True
Maize,16.0,41.1,14.3,4.95,2134.0,8.0,49.9,29.5,1.05,697,106,6.21,72728,6,50988,-29.9,5,20,5,5,5,Poor,True
Maize,2.25,18.5,54.1,4.39,732.0,87.2,50.2,93.4,2.69,581,96,1.48,10697,42,18369,71.7,100,5,100,100,100,Poor,True
Maize,0.5,21.9,51.1,5.95,714.0,115.8,99.2,80.3,5.23,548,94,0.57,2647,99,7937,199.8,100,100,100,100,100,Good,True
Maize,7.5,23.0,51.9,5.82,644.0,99.2,94.7,73.3,5.17,543,94,8.08,38364,99,117682,206.8,100,100,100,100,100,Good,True
Maize,9.0,6.6,12.2,4.01,2138.0,27.0,66.5,86.5,1.02,712,104,3.41,43575,7,27861,-36.1,5,5,5,5,9,Poor,True
Maize,3.5,16.8,19.9,7.53,2550.0,88.9,60.3,41.0,2.07,707,97,1.94,16172,30,21989,36.0,86,76,5,5,100,Poor,True
Maize,0.25,43.1,19.9,4.59,67.0,10.3,35.5,83.5,1.0,682,104,0.1,1187,5,759,-36.1,5,5,5,5,5,Poor,True
Maize,2.0,19.5,38.0,5.94,489.0,127.5,80.9,46.2,4.4,606,99,1.96,9628,80,26708,177.4,100,100,73,83,100,Good,True
Maize,9.0,29.0,29.5,7.74,1615.0,130.8,65.5,42.1,2.66,625,94,5.83,42971,45,72658,69.1,100,61,41,24,99,Poor,True
Maize,7.5,18.9,38.0,7.67,732.0,87.5,74.1,61.0,4.03,601,94,6.88,36411,76,91733,151.9,100,66,73,100,100,Good,True
Maize,4.0,36.1,57.3,7.48,364.0,51.5,84.4,76.5,3.15,546,100,3.06,20208,56,38241,89.2,42,79,100,49,61,Moderate,True
Maize,2.25,35.2,41.4,6.36,1477.0,102.9,52.0,94.0,3.21,570,102,1.7,10636,54,21920,106.1,50,100,86,37,100,Moderate,True
Maize,1.0,42.7,13.5,4.95,96.0,25.2,48.6,32.1,1.07,712,105,0.37,4484,6,3247,-27.6,5,19,5,5,5,Poor,True
Maize,16.0,37.6,76.0,5.41,676.0,175.2,96.6,88.6,2.56,643,101,10.47,78806,42,124314,57.7,28,63,48,100,39,Poor,True
Maize,1.0,9.0,15.9,8.71,2082.0,19.5,76.0,34.4,0.98,705,107,0.36,4789,5,2974,-37.9,5,5,5,5,5,Poor,True
Maize,12.25,31.5,65.6,8.94,810.0,60.7,64.3,70.4,2.46,541,97,7.55,58302,39,91460,56.9,86,5,97,100,80,Poor,True
Maize,4.0,41.2,84.7,4.42,1939.0,33.7,76.2,47.8,1.06,694,105,1.51,19264,6,12868,-33.2,5,5,6,5,23,Poor,True
Maize,9.0,21.9,44.2,7.48,1347.0,35.7,57.9,30.2,2.95,553,97,6.42,41476,47,80579,94.3,100,79,97,50,28,Moderate,True
Maize,2.25,42.4,16.8,8.6,2726.0,25.2,58.8,84.7,0.99,695,107,0.84,10835,5,6760,-37.6,5,5,5,5,6,Poor,True
Maize,12.25,40.0,12.6,4.04,123.0,8.3,74.5,23.7,1.02,700,104,4.61,57738,5,37922,-34.3,5,5,5,5,5,Poor,True
Maize,10.0,28.6,47.8,6.74,667.0,94.0,61.3,37.7,5.1,550,98,11.32,46954,99,154785,229.7,100,100,100,100,100,Good,True
Maize,12.25,9.5,92.2,4.13,1908.0,32.4,83.7,64.2,1.04,703,105,4.54,61663,5,38666,-37.3,5,5,5,5,21,Poor,True
Maize,0.5,33.0,53.2,7.32,327.0,107.0,75.8,61.5,3.35,549,98,0.39,2534,60,5084,100.6,71,91,100,39,100,Moderate,True
Maize,0.5,28.1,62.5,6.56,623.0,75.8,55.3,35.9,5.1,547,97,0.55,2278,99,7739,239.7,100,100,100,100,100,Good,True
Maize,12.25,11.3,58.2,8.3,765.0,160.3,93.7,46.5,2.49,565,106,7.98,61883,39,92575,49.6,20,20,100,100,59,Poor,True
Maize,5.0,13.1,47.0,6.61,1340.0,45.3,45.1,78.7,3.14,545,101,3.87,23884,56,47650,99.5,42,100,100,51,48,Moderate,True
Maize,7.5,42.6,13.2,4.1,2827.0,20.5,57.9,58.8,0.96,702,108,2.75,35673,5,21852,-38.7,5,5,5,5,5,Poor,True
Maize,5.0,23.8,47.4,6.71,730.0,72.9,41.0,44.1,5.0,561,94,5.35,21953,98,75875,245.6,100,100,100,100,100,Good,True
Maize,1.5,23.7,16.3,5.85,876.0,85.3,49.1,29.9,2.65,718,95,1.0,6602,44,12064,82.7,100,100,5,97,100,Poor,True
Maize,12.25,22.8,49.3,6.23,849.0,109.5,84.9,72.4,5.09,546,98,13.54,59024,99,189240,220.6,100,100,100,100,100,Good,True
Maize,2.0,18.9,57.4,6.99,556.0,74.0,39.2,79.2,5.27,545,94,2.18,9011,99,31989,255.0,100,100,100,100,100,Good,True
Maize,16.0,24.4,51.9,5.96,566.0,91.9,48.9,26.8,5.13,545,96,17.67,71195,98,249113,249.9,100,100,100,100,100,Good,True
Maize,7.5,42.8,55.0,6.25,756.0,99.0,31.4,79.4,2.53,549,106,4.9,34175,42,57589,68.5,5,100,100,100,100,Poor,True
Maize,7.5,8.2,17.9,8.82,2692.0,13.2,44.2,41.1,0.99,727,107,2.78,33672,5,22535,-33.1,5,5,5,5,5,Poor,True
Maize,1.5,30.3,49.0,7.5,1226.0,98.6,75.9,57.7,4.05,558,96,1.36,7117,75,18438,159.1,97,78,100,62,100,Moderate,True
Maize,5.0,39.0,10.9,4.77,134.0,12.3,93.5,62.7,1.03,680,105,1.85,25049,5,15630,-37.6,14,5,5,5,5,Poor,True
Maize,0.5,14.8,11.5,6.49,1242.0,74.5,68.3,28.7,2.29,715,98,0.3,2314,34,3475,50.2,62,100,5,61,100,Poor,True
Maize,0.25,42.9,89.7,8.69,97.0,7.9,41.8,89.2,0.99,719,106,0.1,1139,5,751,-34.1,5,5,5,5,5,Poor,True
Maize,0.25,20.3,59.9,6.63,712.0,85.0,64.3,40.0,5.12,554,95,0.27,1176,99,3885,230.4,100,100,100,100,100,Good,True
Maize,10.0,41.5,16.2,8.6,117.0,6.1,78.2,67.9,0.99,710,105,3.71,50927,7,30046,-41.0,5,5,5,5,5,Poor,True
Maize,5.0,21.0,50.6,5.93,634.0,89.3,91.0,41.5,5.1,552,95,5.49,24096,99,77392,221.2,100,100,100,100,100,Good,True
Maize,0.25,24.6,63.7,5.81,1334.0,120.0,44.6,65.0,3.85,550,96,0.21,1163,70,2921,151.2,100,100,100,52,100,Moderate,True
Maize,7.5,20.3,61.4,6.72,739.0,95.1,64.2,60.0,5.26,551,97,8.45,35584,99,119731,236.5,100,100,100,100,100,Good,True
Maize,2.25,25.4,49.3,6.85,1318.0,155.1,97.2,38.9,3.65,542,95,1.95,11201,69,24925,122.5,100,100,100,53,66,Moderate,True
Maize,5.0,23.0,48.6,5.69,156.0,60.9,94.5,54.1,2.43,547,95,3.14,25383,41,36875,45.3,100,90,100,5,81,Poor,True
Maize,4.0,37.5,11.3,4.01,128.0,6.8,43.8,89.6,1.11,723,101,1.56,18860,7,13475,-28.6,28,5,5,5,5,Poor,True
Maize,7.5,30.5,70.4,7.47,684.0,97.3,38.0,90.8,4.31,590,94,7.67,35822,78,98106,173.9,96,80,74,100,100,Good,True
Maize,9.0,40.5,16.3,4.42,71.0,18.1,59.3,20.7,1.0,736,105,3.28,41787,5,27315,-34.6,5,5,5,5,5,Poor,True
Maize,3.0,9.7,99.6,7.6,2653.0,54.2,52.6,91.2,1.62,697,106,1.44,14335,17,14750,2.9,5,71,5,5,67,Poor,True
Maize,3.0,40.9,11.7,4.23,153.0,17.0,96.6,49.7,0.97,723,104,1.12,15458,6,8832,-42.9,5,5,5,5,5,Poor,True
Maize,10.0,8.4,19.5,8.73,81.0,19.1,99.5,20.4,0.98,695,106,3.65,49008,5,29743,-39.3,5,5,5,5,5,Poor,True
Maize,1.0,29.1,60.5,6.35,665.0,76.2,79.1,35.9,5.16,541,95,1.09,4641,99,15661,237.4,100,100,100,100,100,Good,True
Maize,1.0,29.7,59.6,6.26,759.0,119.1,36.6,56.7,5.18,543,96,1.08,4638,99,15721,239.0,100,100,100,100,100,Good,True
Maize,7.5,28.4,54.1,6.45,833.0,89.2,36.6,70.0,5.11,562,95,8.41,33828,98,116316,243.8,100,100,100,100,100,Good,True
Maize,1.0,28.8,16.0,7.18,2662.0,69.0,31.0,35.4,2.16,678,94,0.6,4473,32,6556,46.6,100,100,5,5,98,Poor,True
Maize,10.0,14.9,59.0,5.35,835.0,96.0,49.9,92.9,4.01,563,100,8.88,48711,74,121703,149.8,63,57,100,100,100,Moderate,True
Maize,5.0,41.9,89.0,4.56,89.0,13.4,48.4,28.2,0.94,705,105,1.79,22422,6,14264,-36.4,5,5,5,5,5,Poor,True
Maize,1.5,41.3,94.6,8.74,105.0,34.7,36.4,84.3,1.03,728,104,0.59,7310,6,4689,-35.9,5,5,5,5,25,Poor,True
Maize,12.25,23.7,56.8,6.4,648.0,108.5,40.3,33.2,5.12,547,94,13.58,55199,99,190355,244.9,100,100,100,100,100,Good,True
Maize,4.0,40.0,39.1,8.48,251.0,102.3,60.8,73.2,1.83,610,105,2.02,18754,21,22216,18.5,5,6,78,19,100,Poor,True
Maize,10.0,39.3,15.0,4.09,134.0,10.7,57.0,58.0,0.99,700,104,3.75,49030,5,30046,-38.7,12,5,5,5,5,Poor,True
Maize,0.25,21.6,47.2,6.32,661.0,118.4,51.8,61.8,5.16,530,96,0.27,1148,99,3915,241.0,100,100,100,100,100,Good,True
Maize,2.0,26.8,77.9,6.51,1613.0,176.7,67.1,90.7,2.55,655,98,1.29,10199,40,15478,51.8,100,100,39,24,37,Poor,True
Maize,16.0,26.6,59.5,8.1,1018.0,120.5,89.0,96.4,3.24,538,94,12.59,85059,58,157334,85.0,100,34,100,83,100,Moderate,True
Maize,0.25,20.5,52.0,6.56,638.0,86.6,96.2,86.7,5.16,566,96,0.27,1297,99,3915,201.9,100,100,100,100,100,Good,True
Maize,1.0,21.9,54.5,6.83,648.0,81.7,79.8,87.2,5.14,553,95,1.12,5036,99,15600,209.8,100,100,100,100,100,Good,True
Maize,7.5,29.3,63.2,8.0,935.0,133.0,69.2,59.2,3.44,574,92,6.14,36486,64,78303,114.6,100,42,100,91,96,Moderate,True
Maize,1.0,42.5,16.9,4.45,115.0,10.2,31.8,49.3,1.0,711,108,0.37,4456,5,3035,-31.9,5,5,5,5,5,Poor,True
Maize,16.0,41.7,13.7,4.38,104.0,5.2,51.7,27.5,0.98,715,105,5.88,70290,5,47589,-32.3,5,5,5,5,5,Poor,True
Maize,16.0,7.5,83.5,8.54,113.0,30.9,94.9,99.8,1.06,689,108,6.05,84390,7,51474,-39.0,5,5,12,5,17,Poor,True
Maize,3.0,27.0,64.4,6.67,807.0,101.0,74.3,59.2,5.09,558,96,3.3,14688,99,46344,215.5,100,100,100,100,100,Good,True
Maize,2.25,7.9,12.3,4.71,90.0,6.7,74.6,25.0,0.96,722,109,0.85,10648,6,6556,-38.4,5,5,5,5,5,Poor,True
Maize,2.0,18.4,40.7,5.35,965.0,43.9,36.8,63.5,3.3,580,93,1.63,9073,62,20031,120.8,100,57,83,88,45,Moderate,True
Maize,2.25,25.0,94.6,7.33,689.0,71.4,88.6,87.9,2.64,706,96,1.47,11526,44,18028,56.4,100,90,5,100,100,Poor,True
Maize,9.0,36.8,51.9,6.8,1272.0,185.1,52.2,76.7,2.65,543,102,5.92,43107,45,72385,67.9,35,100,100,58,25,Poor,True
Maize,1.0,13.1,44.8,5.54,902.0,65.5,93.4,66.9,3.43,576,99,0.78,5045,63,10410,106.3,42,75,99,95,90,Moderate,True
Maize,4.0,41.1,15.3,4.06,1901.0,6.3,72.6,75.1,1.01,681,106,1.44,19409,5,12261,-36.8,5,5,5,5,5,Poor,True
Maize,3.5,35.0,43.2,6.74,1646.0,180.4,58.6,70.8,2.44,562,103,2.19,17565,42,25919,47.6,52,100,93,20,32,Poor,True
Maize,1.0,20.8,50.3,7.19,621.0,84.4,88.9,95.3,5.18,560,95,1.08,5107,99,15721,207.8,100,100,100,100,100,Good,True
Maize,10.0,18.6,58.9,6.58,675.0,104.5,51.8,64.8,5.05,564,95,11.28,46219,99,153268,231.6,100,100,100,100,100,Good,True
Maize,1.0,29.7,58.3,6.43,597.0,102.0,38.2,57.3,5.07,568,94,1.11,4482,98,15387,243.3,100,100,100,100,100,Good,True
Maize,7.5,38.4,17.7,8.65,356.0,183.6,42.8,26.9,1.32,692,104,3.2,33433,12,30046,-10.1,20,5,5,47,27,Poor,True
Maize,5.0,18.3,46.7,6.7,1009.0,152.0,52.2,70.1,4.15,561,96,4.88,23242,79,62976,171.0,100,100,100,84,70,Good,True
Maize,3.5,27.2,57.0,6.5,737.0,78.2,31.4,33.5,4.99,559,94,3.97,15408,98,53006,244.0,100,100,100,100,100,Good,True
Maize,2.25,6.1,60.6,7.14,668.0,132.0,91.4,95.5,2.59,538,104,1.5,11776,44,17686,50.2,5,100,100,100,97,Poor,True
Maize,3.0,14.6,47.2,5.74,558.0,116.0,51.5,74.5,4.0,533,100,2.79,14341,76,36420,154.0,60,94,100,100,100,Good,True
Maize,0.25,18.8,94.6,6.1,554.0,93.8,33.7,76.5,2.62,721,94,0.16,1175,42,1988,69.2,100,100,5,100,100,Poor,True
Maize,6.25,20.4,52.9,6.08,731.0,96.9,42.5,31.2,5.19,539,93,6.85,28764,98,98448,242.3,100,100,100,100,100,Good,True
Maize,3.0,29.0,42.3,5.81,843.0,129.1,52.1,38.1,4.93,565,94,3.16,13386,97,44888,235.3,100,100,90,100,100,Good,True
Maize,10.0,6.8,86.9,8.59,2570.0,29.9,78.1,33.6,1.0,765,105,3.75,49037,6,30350,-38.1,5,5,5,5,15,Poor,True
Maize,0.5,19.1,38.9,5.49,1444.0,48.4,96.5,66.8,3.13,596,92,0.36,2519,54,4750,88.6,100,70,77,41,54,Moderate,True
Maize,2.25,21.5,45.9,6.82,819.0,108.0,40.9,65.5,5.06,564,94,2.47,10431,99,34553,231.3,100,100,100,100,100,Good,True
Maize,2.25,24.0,58.3,5.87,2935.0,96.5,44.5,76.0,2.56,535,95,1.49,10730,44,17482,62.9,100,100,100,5,100,Poor,True
Maize,2.0,25.4,41.5,7.63,1031.0,120.6,65.3,86.4,3.98,573,95,1.86,10010,77,24159,141.3,100,68,87,82,100,Good,True
Maize,10.0,9.2,14.1,4.92,2361.0,16.2,56.5,67.1,1.02,717,104,3.68,46377,5,30957,-33.2,5,17,5,5,5,Poor,True
Maize,16.0,33.6,51.1,5.37,455.0,161.1,32.4,76.1,3.61,554,98,12.92,73943,65,175302,137.1,66,59,100,74,58,Moderate,True
Maize,7.5,30.2,88.2,4.04,1322.0,66.9,75.4,28.0,1.98,693,98,4.05,35332,28,45070,27.6,98,5,5,53,94,Poor,True
Maize,6.25,28.6,40.4,4.25,628.0,77.9,82.6,55.1,2.52,559,94,4.13,31429,40,47801,52.1,100,5,82,100,100,Poor,True
Maize,1.0,31.3,43.4,5.92,885.0,14.1,70.3,54.8,2.52,553,96,0.64,4830,40,7648,58.3,88,100,94,96,5,Poor,True
Maize,16.0,42.3,92.0,4.68,172.0,17.6,84.2,96.3,0.97,702,106,5.93,81152,5,47103,-42.0,5,5,5,5,5,Poor,True
Maize,6.25,23.0,48.1,5.82,139.0,100.7,94.6,90.9,2.63,552,94,4.14,32441,44,49888,53.8,100,100,100,5,100,Poor,True
Maize,1.5,30.0,52.3,6.04,697.0,9.0,98.1,80.1,2.62,552,94,1.02,7698,43,11928,54.9,100,100,100,100,5,Poor,True
Maize,4.0,17.3,16.6,6.02,799.0,73.1,97.9,44.7,2.59,710,95,2.68,19674,41,31443,59.8,91,100,5,100,100,Poor,True
Maize,1.0,42.4,18.0,4.37,75.0,5.0,40.3,90.6,0.99,702,104,0.37,4762,7,3005,-36.9,5,5,5,5,5,Poor,True
Maize,7.5,18.8,58.5,7.0,365.0,129.2,51.1,26.4,3.9,553,97,6.4,34322,69,88774,158.7,100,100,100,50,100,Moderate,True
Maize,10.0,20.2,18.6,6.2,866.0,91.3,40.8,64.4,2.6,711,99,6.56,45663,44,78910,72.8,100,100,5,98,100,Poor,True
Maize,5.0,24.5,64.8,6.29,840.0,75.8,84.3,20.4,5.04,556,93,5.65,24122,99,76482,217.1,100,100,100,100,100,Good,True
Maize,12.25,29.2,54.4,6.99,554.0,87.9,41.2,28.0,5.07,563,95,13.88,54888,99,188496,243.4,100,100,100,100,100,Good,True
Maize,5.0,8.2,93.0,4.71,127.0,17.0,52.9,42.7,1.0,707,105,1.86,24071,5,15175,-37.0,5,5,5,5,5,Poor,True
Maize,4.0,41.7,18.7,4.48,130.0,10.2,76.9,97.6,0.97,706,105,1.49,20247,5,11776,-41.8,5,5,5,5,5,Poor,True
Maize,1.0,6.1,42.4,6.26,898.0,63.9,55.8,47.2,2.55,576,109,0.63,4800,41,7739,61.2,5,100,90,95,87,Poor,True
Maize,12.25,42.8,16.1,4.6,187.0,14.7,39.7,35.0,0.96,726,107,4.41,54357,5,35692,-34.3,5,5,5,5,5,Poor,True
Maize,2.0,29.8,59.7,6.46,733.0,76.4,44.8,54.8,5.02,574,98,2.22,9264,99,30471,228.9,100,100,100,100,100,Good,True
Maize,16.0,21.6,46.4,7.09,685.0,81.4,53.8,72.3,4.97,543,96,17.87,75210,99,241343,220.9,100,100,100,100,100,Good,True
Maize,10.0,40.1,90.2,4.96,128.0,18.9,35.8,74.9,1.02,690,105,3.77,44704,8,30957,-30.8,5,20,5,5,5,Poor,True
Maize,2.0,21.3,63.9,5.92,714.0,101.3,37.1,89.0,5.0,548,96,2.16,9088,99,30350,234.0,100,100,100,100,100,Good,True
Maize,5.0,30.2,56.6,7.99,839.0,174.7,86.2,21.0,3.29,543,96,3.72,24335,59,49926,105.2,98,42,100,100,39,Moderate,True
Maize,3.0,17.8,61.7,5.92,1419.0,97.2,97.2,52.1,3.59,559,96,2.39,15434,65,32687,111.8,97,100,100,43,100,Moderate,True
Maize,6.25,40.2,84.7,8.77,181.0,28.6,98.7,62.5,1.02,702,104,2.33,32948,5,19348,-41.3,5,5,6,5,13,Poor,True
Maize,0.25,33.0,54.6,5.21,1560.0,58.0,56.8,74.0,2.71,541,100,0.18,1145,42,2056,79.6,71,44,100,29,75,Moderate,True
Maize,0.5,24.1,97.3,6.96,720.0,98.2,43.8,85.0,2.68,708,95,0.32,2359,44,4067,72.4,100,100,5,100,100,Poor,True
Maize,9.0,20.4,66.0,6.07,115.0,108.7,38.5,59.2,2.62,566,94,5.92,41428,43,71565,72.7,100,100,95,5,100,Poor,True
Maize,0.5,16.7,47.8,7.49,1545.0,143.9,55.7,91.1,3.06,541,95,0.37,2389,52,4644,94.4,84,79,100,30,81,Moderate,True
Maize,12.25,35.5,27.9,8.04,382.0,151.8,78.0,40.2,2.62,635,103,7.78,58475,43,97408,66.6,47,39,35,54,70,Poor,True
Maize,6.25,29.7,59.3,6.15,727.0,102.0,53.6,43.7,5.15,545,96,6.82,28843,99,97689,238.7,100,100,100,100,100,Good,True
Maize,9.0,17.7,62.8,5.98,1578.0,81.2,87.3,63.4,3.27,563,95,6.9,45228,56,89320,97.5,97,100,100,27,100,Moderate,True
Maize,3.0,6.7,15.6,4.6,144.0,7.5,36.6,78.1,0.99,736,102,1.12,14015,5,9014,-35.7,5,5,5,5,5,Poor,True
Maize,6.25,40.7,14.8,8.84,85.0,9.4,98.4,71.0,0.97,709,107,2.4,31219,5,18400,-41.1,5,5,5,5,5,Poor,True
Maize,2.25,28.8,61.1,5.9,625.0,119.1,91.7,50.6,4.95,541,96,2.48,11530,99,33802,193.2,100,100,100,100,100,Good,True
Maize,3.0,25.9,46.1,5.96,582.0,73.1,98.6,26.3,5.23,549,93,3.27,14663,99,47619,224.8,100,100,100,100,100,Good,True
Maize,0.25,25.4,54.0,6.02,710.0,86.9,94.9,79.9,5.09,544,95,0.27,1272,99,3862,203.6,100,100,100,100,100,Good,True
Maize,6.25,30.5,67.3,5.68,2058.0,123.5,80.5,79.4,2.58,562,98,4.03,32397,40,48939,51.1,96,89,89,5,100,Poor,True
Maize,1.5,9.2,40.3,6.85,785.0,110.3,85.6,65.7,2.57,597,104,0.96,7523,38,11700,55.5,5,100,82,100,100,Poor,True
Maize,12.25,26.6,49.7,7.33,830.0,168.2,99.6,69.2,3.67,573,98,10.34,64594,68,136446,111.2,100,90,100,100,48,Moderate,True
Maize,0.25,33.6,75.8,5.84,1509.0,75.0,67.7,83.5,3.02,630,98,0.18,1247,52,2291,83.7,66,100,49,34,100,Moderate,True
Maize,1.0,14.7,62.7,6.18,649.0,141.8,78.6,23.9,4.22,553,99,0.91,4752,75,12808,169.5,61,100,100,100,84,Moderate,True
Maize,2.25,18.7,51.9,5.83,977.0,183.3,70.1,37.2,3.13,552,95,1.74,10607,57,21374,101.5,100,100,100,87,28,Moderate,True
Maize,10.0,9.7,93.1,8.71,2049.0,24.7,49.2,57.0,0.96,708,107,3.61,45838,6,29136,-36.4,5,5,5,5,5,Poor,True
Maize,3.0,32.6,31.2,7.17,711.0,158.3,85.3,70.8,3.58,619,99,2.4,15059,61,32596,116.5,75,100,48,100,62,Moderate,True
Maize,9.0,8.9,30.2,7.55,741.0,122.3,81.0,68.7,2.28,628,106,5.42,45153,36,62278,37.9,5,75,44,100,100,Poor,True
Maize,3.5,36.5,78.1,5.85,393.0,77.0,62.2,53.7,2.95,663,102,2.61,16408,49,31336,91.0,38,100,38,57,100,Moderate,True
Maize,2.0,36.0,41.3,5.38,839.0,91.8,71.7,63.3,3.57,553,100,1.61,9831,59,21670,120.4,43,60,86,100,100,Moderate,True
Maize,1.5,41.2,88.2,8.81,2637.0,12.7,32.3,88.2,0.96,702,110,0.56,6926,5,4370,-36.9,5,5,5,5,5,Poor,True
Maize,2.25,13.8,34.3,5.53,904.0,67.9,97.7,70.5,3.46,607,99,1.83,11837,60,23627,99.6,50,75,60,95,96,Moderate,True
Maize,9.0,22.1,53.6,5.89,794.0,90.6,69.3,47.6,5.1,550,95,9.86,43480,99,139306,220.4,100,100,100,100,100,Good,True
Maize,1.0,18.6,56.6,6.93,561.0,104.0,44.5,98.8,5.18,552,93,1.1,4791,99,15721,228.1,100,100,100,100,100,Good,True
Maize,0.25,40.2,15.6,8.4,148.0,27.5,49.9,79.5,1.04,702,105,0.1,1174,5,789,-32.8,5,12,5,5,10,Poor,True
Maize,9.0,43.9,13.8,4.43,107.0,19.2,38.6,51.7,0.99,718,105,3.33,42131,5,27042,-35.8,5,5,5,5,5,Poor,True
Maize,10.0,13.5,20.0,5.45,2608.0,153.4,98.9,98.3,1.72,678,99,5.15,52721,22,52202,-1.0,46,66,5,5,68,Poor,True
Maize,16.0,8.2,92.0,8.68,140.0,30.8,64.6,57.1,1.05,710,106,6.11,76221,6,50988,-33.1,5,5,5,5,17,Poor,True
Maize,4.0,9.3,83.1,4.76,2584.0,17.3,74.5,69.5,1.0,681,105,1.49,18915,8,12140,-35.8,5,5,14,5,5,Poor,True
Maize,7.5,25.7,16.1,5.65,873.0,107.8,72.0,78.6,2.57,732,92,4.82,37715,42,58500,55.1,100,86,5,98,100,Poor,True
Maize,5.0,9.8,13.3,8.31,146.0,18.7,80.6,39.1,1.06,729,105,1.93,24831,8,16086,-35.2,5,19,5,5,5,Poor,True
Maize,2.25,7.9,14.6,4.21,162.0,28.9,98.1,60.0,1.08,698,105,0.84,11349,7,7375,-35.0,5,5,5,5,13,Poor,True
Maize,12.25,24.5,47.4,7.9,358.0,141.0,37.8,68.3,3.46,550,94,9.9,54869,60,128638,134.4,100,49,100,48,85,Moderate,True
Maize,12.25,18.8,59.8,5.67,697.0,156.2,53.2,93.6,4.14,542,92,11.12,58249,77,153920,164.2,100,88,100,100,64,Good,True
Maize,7.5,20.9,12.4,5.85,789.0,116.6,30.5,22.6,2.6,697,93,4.9,31170,42,59182,89.9,100,100,5,100,100,Poor,True
Maize,10.0,31.4,48.9,6.0,3194.0,121.7,34.9,53.4,2.5,557,98,6.57,44359,41,75875,71.0,86,100,100,5,100,Poor,True
Maize,9.0,26.1,57.9,4.71,580.0,81.5,60.7,86.2,2.53,543,97,5.89,43192,40,69107,60.0,100,5,100,100,100,Poor,True
Maize,2.0,37.4,18.1,4.66,159.0,5.6,58.0,94.2,1.05,714,103,0.79,9829,5,6374,-35.2,30,5,5,5,5,Poor,True
Maize,5.0,30.2,49.6,7.94,401.0,169.4,83.1,66.4,3.37,532,96,3.95,24756,59,51140,106.6,98,46,100,59,47,Moderate,True
Maize,16.0,24.2,55.6,7.77,1111.0,70.2,85.4,77.8,3.92,572,96,14.57,80596,71,190355,136.2,100,58,100,74,100,Moderate,True
Maize,0.25,28.9,42.9,6.45,373.0,188.8,55.7,72.5,2.76,575,95,0.17,1213,47,2094,72.6,100,100,92,52,20,Moderate,True
Maize,0.5,22.4,50.3,6.12,568.0,81.4,39.9,39.4,5.12,559,93,0.54,2165,96,7770,258.9,100,100,100,100,100,Good,True
Maize,1.5,21.4,63.3,7.06,706.0,103.2,63.8,41.2,4.98,575,95,1.65,6895,99,22671,228.8,100,100,100,100,100,Good,True
Maize,4.0,21.5,64.4,5.87,655.0,75.1,53.1,75.5,5.15,551,97,4.41,18302,99,62521,241.6,100,100,100,100,100,Good,True
Maize,10.0,24.7,45.1,6.8,609.0,77.8,62.1,76.7,5.22,547,94,11.35,48985,99,158427,223.4,100,100,100,100,100,Good,True
Maize,0.5,15.3,74.1,6.95,638.0,100.0,82.7,80.6,3.94,619,99,0.44,2450,69,5979,144.0,68,100,57,100,100,Moderate,True
Maize,1.5,39.4,16.9,4.26,118.0,8.9,49.3,22.9,1.0,716,103,0.56,6642,5,4552,-31.5,11,5,5,5,5,Poor,True
Maize,2.0,38.0,15.2,4.02,182.0,13.5,80.0,44.5,1.1,691,102,0.76,9707,6,6677,-31.2,24,5,5,5,5,Poor,True
Maize,3.5,24.9,89.0,6.61,802.0,81.3,77.1,32.4,2.55,715,96,2.31,16730,42,27087,61.9,100,100,5,100,100,Poor,True
Maize,3.0,42.6,11.3,4.49,179.0,8.9,46.0,88.1,1.0,689,106,1.08,13635,6,9105,-33.2,5,5,5,5,5,Poor,True
Maize,12.25,28.3,23.4,4.06,1156.0,101.7,90.9,61.3,2.11,653,95,7.25,62496,30,78447,25.5,100,5,18,69,100,Poor,True
Maize,6.25,42.6,91.8,8.53,2845.0,10.3,92.8,21.1,1.01,698,106,2.31,31056,6,19158,-38.3,5,5,5,5,5,Poor,True
Maize,5.0,43.6,13.4,4.25,84.0,9.2,84.5,83.1,0.98,745,105,1.88,24713,9,14872,-39.8,5,5,5,5,5,Poor,True
Maize,10.0,27.3,63.8,5.68,1438.0,88.6,75.5,48.5,3.7,580,94,8.17,47350,64,112295,137.2,100,89,100,41,100,Moderate,True
Maize,7.5,7.8,18.7,4.74,1919.0,20.2,49.0,96.9,0.99,709,105,2.76,36431,6,22535,-38.1,5,5,5,5,5,Poor,True
Maize,4.0,22.6,61.9,6.02,531.0,22.5,97.9,24.5,2.66,538,95,2.64,20016,41,32292,61.3,100,100,100,95,5,Poor,True
Maize,1.0,41.0,12.5,4.2,161.0,15.3,75.6,39.6,0.99,682,105,0.36,4585,5,3005,-34.5,5,5,5,5,5,Poor,True
Maize,9.0,31.8,41.3,6.17,1398.0,53.0,78.3,56.5,3.35,573,98,7.18,42529,61,91505,115.2,83,100,86,45,64,Moderate,True
Maize,10.0,41.1,42.2,5.81,522.0,92.1,36.4,35.2,2.61,595,107,6.24,43870,39,79214,80.6,5,100,89,92,100,Poor,True
Maize,2.0,38.2,15.7,8.52,1615.0,12.2,45.9,66.9,1.14,669,105,0.8,9188,8,6920,-24.7,22,5,5,23,5,Poor,True
Maize,7.5,8.3,14.6,8.57,104.0,22.9,51.0,20.8,0.99,696,103,2.68,33627,5,22535,-33.0,5,5,5,5,5,Poor,True
Maize,9.0,40.0,19.0,4.58,116.0,14.6,71.2,70.8,0.95,698,104,3.32,43900,5,25949,-40.9,5,5,5,5,5,Poor,True
Maize,6.25,27.9,54.5,6.83,1546.0,90.1,82.9,99.4,3.28,550,93,4.89,32575,56,62218,91.0,100,100,100,30,100,Moderate,True
Maize,4.0,25.7,61.1,7.12,756.0,113.9,47.6,52.6,5.0,577,93,4.38,18636,99,60700,225.7,100,100,100,100,100,Good,True
Maize,10.0,21.7,55.1,6.33,642.0,119.9,49.0,70.5,5.2,548,96,10.88,46582,99,157820,238.8,100,100,100,100,100,Good,True
Maize,1.5,26.1,45.7,6.64,744.0,84.7,53.0,58.7,5.07,560,97,1.63,6871,99,23081,235.9,100,100,100,100,100,Good,True
Maize,7.5,20.6,64.0,6.02,561.0,102.1,49.9,71.6,5.22,551,96,8.28,35453,99,118820,235.1,100,100,100,100,100,Good,True
Maize,9.0,23.4,58.5,6.17,572.0,127.4,48.5,62.6,5.13,557,95,9.69,41973,99,140126,233.8,100,100,100,100,100,Good,True
Maize,5.0,18.6,71.0,6.52,1915.0,22.3,83.0,34.6,2.09,606,96,2.91,24077,33,31716,31.7,100,100,71,5,5,Poor,True
Maize,1.5,5.3,90.4,6.55,1538.0,35.8,83.2,73.8,1.58,692,106,0.69,7514,19,7193,-4.3,5,100,5,31,28,Poor,True
Maize,3.0,26.1,53.3,5.83,654.0,118.4,36.6,89.0,5.1,578,94,3.31,13547,99,46436,242.8,100,100,100,100,100,Good,True
Maize,1.0,36.3,74.7,5.78,1316.0,124.7,54.0,75.0,3.12,652,102,0.76,4735,54,9469,100.0,40,98,54,53,100,Moderate,True
Maize,4.0,24.8,76.1,7.94,731.0,160.5,87.6,35.5,3.3,657,95,3.11,20133,58,40062,99.0,100,46,47,100,59,Moderate,True
Maize,3.0,23.9,66.9,7.62,1426.0,131.3,37.6,38.5,3.49,573,97,2.44,13536,60,31776,134.8,100,69,91,42,98,Moderate,True
Maize,9.0,19.7,46.8,8.66,885.0,85.9,37.2,44.0,2.56,552,96,6.01,42037,44,69926,66.3,100,5,100,96,100,Poor,True
Maize,1.5,22.2,48.0,6.91,574.0,81.4,72.7,65.7,5.16,542,94,1.6,7476,99,23491,214.2,100,100,100,100,100,Good,True
Maize,0.5,25.2,55.3,6.15,960.0,78.3,40.8,32.5,4.91,543,93,0.53,2277,94,7451,227.2,100,100,100,89,100,Good,True
Maize,1.5,35.7,80.7,8.26,1869.0,31.4,97.0,98.5,1.41,688,102,0.66,7687,15,6419,-16.5,46,22,25,5,19,Poor,True
Maize,6.25,41.6,17.9,4.62,90.0,19.0,63.0,88.5,1.0,712,104,2.3,31263,5,18969,-39.3,5,5,5,5,5,Poor,True
Maize,3.5,28.9,58.9,6.14,658.0,114.4,51.3,31.6,5.04,545,94,3.88,15611,99,53537,242.9,100,100,100,100,100,Good,True
Maize,12.25,23.1,45.8,6.84,617.0,126.4,53.4,48.3,4.81,558,96,13.65,56817,99,178830,214.7,100,100,100,100,100,Good,True
Maize,3.0,24.6,58.2,8.71,569.0,84.1,83.4,20.5,2.59,564,93,1.95,14324,44,23582,64.6,100,5,100,100,100,Poor,True
Maize,12.25,19.2,56.1,6.26,616.0,98.0,95.8,24.4,4.99,557,96,13.73,58439,99,185522,217.5,100,100,100,100,100,Good,True
Maize,2.25,28.1,51.6,6.85,795.0,116.1,58.6,71.7,5.16,560,98,2.47,10767,99,35236,227.3,100,100,100,100,100,Good,True
Maize,2.0,19.3,55.8,6.42,1212.0,110.0,39.8,56.6,4.22,544,94,1.88,9060,79,25615,182.7,100,100,100,64,100,Good,True
Maize,2.0,31.3,50.3,4.02,884.0,123.8,76.3,40.5,2.59,531,95,1.29,9601,41,15721,63.7,88,5,100,97,100,Poor,True
Maize,6.25,39.1,18.3,8.67,183.0,9.8,80.6,95.3,1.02,701,107,2.28,32109,5,19348,-39.7,14,5,5,5,5,Poor,True
Maize,0.25,29.1,62.3,6.15,847.0,110.2,71.5,96.2,5.2,561,97,0.27,1276,98,3946,209.2,100,100,100,100,100,Good,True
Maize,6.25,41.6,40.8,6.45,677.0,120.5,47.5,99.0,2.51,567,104,4.0,31465,40,47612,51.3,5,100,84,100,100,Poor,True
Maize,3.5,28.6,63.6,6.16,660.0,129.0,71.0,24.7,5.09,571,95,3.84,16515,99,54069,227.4,100,100,100,100,100,Good,True
Maize,12.25,13.9,70.3,7.8,527.0,157.0,33.9,47.4,3.28,571,98,9.75,54920,60,121946,122.0,51,56,75,94,63,Moderate,True
Maize,5.0,28.4,56.0,6.1,1151.0,91.7,67.7,55.0,4.37,557,95,4.85,23316,80,66315,184.4,100,100,100,70,100,Good,True
Maize,1.5,20.8,46.8,5.93,758.0,82.8,49.9,57.7,5.1,524,93,1.63,7211,99,23218,222.0,100,100,100,100,100,Good,True
Maize,3.5,43.1,52.6,5.52,549.0,105.6,87.7,89.9,2.49,540,105,2.24,17867,40,26450,48.0,5,74,100,100,100,Poor,True
Maize,1.5,20.9,62.3,5.6,518.0,11.0,44.0,27.0,2.41,567,96,0.95,6589,39,10972,66.5,100,81,100,91,5,Poor,True
Maize,0.25,24.7,38.6,6.31,700.0,89.3,47.2,65.8,4.57,599,95,0.24,1127,87,3467,207.6,100,100,76,100,100,Good,True
Maize,1.0,22.1,43.1,4.45,773.0,114.4,39.8,81.6,2.6,588,95,0.67,4773,46,7891,65.3,100,5,93,100,100,Poor,True
Maize,3.5,23.7,50.5,7.02,593.0,122.5,91.0,75.9,4.94,538,93,3.68,17873,99,52475,193.6,100,100,100,100,100,Good,True
Maize,12.25,20.8,65.2,6.98,1392.0,46.5,81.7,96.6,3.39,552,92,9.84,60377,61,126036,108.7,100,100,99,46,50,Moderate,True
Maize,4.0,19.4,79.5,7.74,723.0,64.3,45.9,49.0,3.08,679,94,2.95,18046,54,37391,107.2,100,61,31,100,88,Moderate,True
Maize,16.0,14.6,57.9,8.09,441.0,162.3,43.9,97.7,2.93,558,100,11.28,75127,48,142281,89.4,59,35,100,70,56,Moderate,True
Maize,16.0,23.0,57.3,6.8,566.0,109.9,48.1,68.3,5.14,553,95,17.31,75706,99,249598,229.7,100,100,100,100,100,Good,True
Maize,0.5,21.6,54.5,5.95,588.0,97.8,95.3,31.2,5.18,534,99,0.54,2443,99,7861,221.8,100,100,100,100,100,Good,True
Maize,1.5,24.6,58.6,6.84,671.0,75.8,75.0,54.2,4.92,550,96,1.59,7233,99,22398,209.7,100,100,100,100,100,Good,True
Maize,1.5,19.7,46.7,6.17,683.0,108.5,86.4,83.8,5.19,549,97,1.7,7599,99,23627,210.9,100,100,100,100,100,Good,True
Maize,1.0,24.6,47.4,6.27,511.0,6.2,99.3,49.9,2.6,558,93,0.64,4770,39,7891,65.4,100,100,100,89,5,Poor,True
Maize,9.0,43.0,90.4,4.63,197.0,29.0,89.2,27.0,1.02,697,101,3.34,43726,5,27861,-36.3,5,5,5,5,13,Poor,True
Maize,0.5,43.5,16.1,4.79,163.0,16.5,60.2,42.1,0.99,695,104,0.18,2381,5,1502,-36.9,5,5,5,5,5,Poor,True
Maize,4.0,19.2,34.3,6.03,759.0,100.7,61.6,90.4,3.94,615,94,3.65,20027,77,47832,138.8,100,100,59,100,100,Good,True
Maize,12.25,34.6,68.5,4.37,1979.0,68.0,66.9,75.4,1.9,579,100,6.67,59712,29,70640,18.3,57,5,83,5,96,Poor,True
Maize,9.0,9.3,87.4,8.44,2827.0,21.0,75.8,36.0,0.96,739,107,3.33,41998,7,26222,-37.6,5,10,5,5,5,Poor,True
Maize,2.0,9.3,85.2,4.18,174.0,14.8,52.1,38.4,1.0,702,108,0.75,9252,5,6070,-34.4,5,5,5,5,5,Poor,True
Maize,10.0,40.2,19.9,8.32,95.0,18.3,82.1,79.2,1.02,696,105,3.81,49968,7,30957,-38.0,5,18,5,5,5,Poor,True
Maize,5.0,24.0,66.7,6.52,788.0,184.2,56.6,55.7,3.24,575,96,3.75,23326,56,49167,110.8,100,100,92,100,26,Moderate,True
Maize,2.0,39.8,16.7,4.51,2052.0,27.2,55.1,99.6,1.01,712,107,0.73,9655,7,6131,-36.5,7,5,5,5,10,Poor,True
Maize,4.0,27.2,74.6,5.23,850.0,166.7,59.1,36.8,3.38,613,96,3.24,17892,57,41033,129.3,100,46,54,100,50,Moderate,True
Maize,1.5,41.4,41.0,7.16,664.0,112.6,65.6,95.6,2.64,570,106,1.0,7371,40,12019,63.1,5,100,85,100,100,Poor,True
Maize,7.5,35.2,73.6,7.71,732.0,166.3,31.1,50.4,3.41,627,99,5.66,32348,58,77620,140.0,50,63,59,100,51,Moderate,True
Maize,4.0,27.1,55.3,6.33,3000.0,71.8,55.2,44.8,2.68,558,96,2.58,18168,43,32535,79.1,100,100,100,5,100,Poor,True
Maize,5.0,42.8,93.5,8.31,168.0,9.2,47.4,65.2,1.06,704,106,1.87,23699,6,16086,-32.1,5,19,5,5,5,Poor,True
Maize,0.5,27.0,51.1,6.19,691.0,110.6,39.0,32.5,5.03,547,97,0.54,2261,99,7633,237.6,100,100,100,100,100,Good,True
Maize,0.5,41.9,17.6,4.05,170.0,18.0,76.3,49.7,0.99,715,106,0.18,2454,5,1502,-38.8,5,5,5,5,5,Poor,True
Maize,3.0,23.8,55.8,6.87,668.0,96.4,59.0,32.6,4.86,543,94,3.33,13666,99,44250,223.8,100,100,100,100,100,Good,True
Maize,1.5,38.2,19.4,4.77,161.0,17.2,42.7,90.3,1.1,713,103,0.57,7320,9,5008,-31.6,22,5,5,5,5,Poor,True
Maize,7.5,28.9,41.7,6.11,474.0,99.9,37.7,33.0,4.66,582,95,7.3,32199,87,106073,229.4,100,100,87,79,100,Good,True
Maize,2.0,19.2,27.7,7.64,709.0,165.0,64.8,44.5,2.96,652,97,1.49,9517,52,17967,88.8,100,68,34,100,53,Moderate,True
Maize,2.0,41.4,19.1,4.21,98.0,16.7,53.2,91.1,1.0,719,106,0.73,9597,9,6070,-36.8,5,5,5,5,5,Poor,True
Maize,2.25,42.5,12.4,4.16,91.0,34.1,62.5,53.2,1.04,712,105,0.85,10617,5,7102,-33.1,5,5,5,5,24,Poor,True
Maize,4.0,9.6,90.0,8.69,195.0,19.3,82.4,88.2,0.95,717,109,1.46,19814,5,11533,-41.8,5,5,5,5,5,Poor,True
Maize,7.5,38.4,12.2,4.1,191.0,8.4,35.8,27.6,1.07,703,104,2.85,33250,6,24356,-26.7,20,5,5,5,5,Poor,True
Maize,12.25,30.9,56.9,5.71,777.0,84.3,58.3,91.0,4.75,563,96,13.08,60204,92,176599,193.3,91,91,100,100,100,Good,True
Maize,2.0,26.7,58.4,6.32,673.0,125.1,37.4,38.1,5.1,530,97,2.21,9028,99,30957,242.9,100,100,100,100,100,Good,True
Maize,12.25,22.3,36.2,8.0,1643.0,150.8,42.9,72.7,2.47,600,96,8.04,56496,39,91832,62.5,100,42,66,21,72,Poor,True
Maize,6.25,18.1,97.7,7.34,1608.0,115.4,91.9,80.8,2.23,683,99,3.76,31992,38,42300,32.2,100,90,5,24,100,Poor,True
Maize,0.5,21.8,47.8,7.47,321.0,137.4,39.2,53.8,3.43,552,93,0.39,2292,59,5205,127.1,100,81,100,38,90,Moderate,True
Maize,16.0,41.6,15.8,4.75,55.0,18.6,57.0,23.8,0.98,721,108,5.77,71302,6,47589,-33.3,5,5,5,5,5,Poor,True
Maize,10.0,23.9,45.7,7.78,1157.0,170.8,43.9,34.6,3.28,564,95,7.71,43309,60,99548,129.9,100,57,100,69,45,Moderate,True
Maize,3.5,31.7,16.3,5.9,751.0,84.3,41.3,45.8,2.61,715,98,2.19,15590,41,27725,77.8,84,100,5,100,100,Poor,True
Maize,12.25,24.1,60.6,7.08,1630.0,167.9,70.0,58.7,2.88,553,96,8.64,59036,46,107075,81.4,100,100,100,22,49,Moderate,True
Maize,6.25,22.4,42.3,7.68,1095.0,48.9,54.1,70.3,3.64,547,94,5.19,29801,68,69046,131.7,100,65,90,75,55,Moderate,True
Maize,12.25,31.7,53.8,7.97,973.0,139.9,87.2,66.2,3.49,535,96,10.05,60923,62,129754,113.0,84,43,100,88,87,Moderate,True
Maize,5.0,39.9,84.8,8.61,2871.0,15.2,91.0,81.8,1.01,727,107,1.83,25819,5,15327,-40.6,6,5,6,5,5,Poor,True
Maize,12.25,40.2,11.0,4.68,164.0,8.9,84.7,54.1,0.98,703,106,4.38,60182,6,36435,-39.5,5,5,5,5,5,Poor,True
Maize,3.0,37.2,15.4,4.08,196.0,17.5,38.4,77.0,1.09,702,102,1.19,13893,8,9924,-28.6,32,5,5,5,5,Poor,True
Maize,3.0,25.4,60.9,6.28,666.0,119.0,38.8,47.8,5.06,574,95,3.4,13658,99,46071,237.3,100,100,100,100,100,Good,True
Maize,4.0,7.8,19.7,4.4,97.0,11.0,82.1,62.0,1.01,720,107,1.46,19699,6,12261,-37.8,5,5,5,5,5,Poor,True
Maize,2.25,31.6,15.6,5.94,567.0,73.8,86.0,49.0,2.59,745,99,1.5,10856,40,17686,62.9,85,100,5,100,100,Poor,True
Maize,9.0,14.2,95.2,6.65,1186.0,20.0,41.6,70.7,1.88,710,100,4.85,41775,27,51352,22.9,55,100,5,66,5,Poor,True
Maize,10.0,8.5,97.3,8.47,2881.0,31.8,62.8,30.9,1.04,729,106,3.91,47852,8,31564,-34.0,5,7,5,5,19,Poor,True
Maize,6.25,42.5,10.0,5.26,1712.0,62.3,94.6,69.0,1.55,712,107,3.0,32493,18,29402,-9.5,5,48,5,14,84,Poor,True
Maize,5.0,43.7,10.6,4.33,72.0,17.3,83.5,84.6,0.97,712,107,1.87,25432,6,14720,-42.1,5,5,5,5,5,Poor,True
Maize,9.0,27.7,63.7,6.96,768.0,79.0,96.6,39.4,5.19,552,96,9.72,43749,97,141765,224.0,100,100,100,100,100,Good,True
Maize,7.5,41.6,86.7,8.88,97.0,11.2,40.0,42.0,0.96,707,102,2.82,34034,5,21852,-35.8,5,5,5,5,5,Poor,True
Maize,6.25,24.9,58.5,6.73,585.0,90.7,52.9,70.9,5.18,554,97,6.82,29661,97,98258,231.3,100,100,100,100,100,Good,True
Maize,2.25,25.8,57.2,7.86,1835.0,46.4,60.7,85.8,2.18,545,95,1.31,11000,34,14887,35.3,100,52,100,5,50,Poor,True
Maize,10.0,17.7,51.4,5.33,654.0,45.5,67.9,68.8,3.7,540,98,8.47,47462,63,112295,136.6,96,55,100,100,48,Moderate,True
Maize,5.0,28.8,55.1,6.01,681.0,118.5,40.8,90.4,5.14,541,95,5.23,23228,99,78000,235.8,100,100,100,100,100,Good,True
Maize,2.0,42.3,17.2,4.7,192.0,5.6,88.7,40.4,0.96,703,108,0.76,9615,5,5827,-39.4,5,5,5,5,5,Poor,True
Maize,5.0,34.5,43.6,6.88,636.0,158.6,73.9,54.1,3.75,572,101,4.52,24807,72,56906,129.4,57,100,95,100,61,Moderate,True
Maize,0.25,20.4,64.4,6.63,327.0,70.1,41.8,76.8,3.45,552,96,0.21,1119,65,2618,134.0,100,100,100,39,100,Moderate,True
Maize,5.0,40.9,84.5,8.81,2956.0,6.7,37.4,81.6,1.0,679,107,1.88,23359,5,15175,-35.0,5,5,7,5,5,Poor,True
Maize,3.0,30.0,39.7,7.46,1463.0,158.6,89.0,78.6,3.21,587,95,2.33,15076,54,29227,93.9,100,81,80,39,61,Moderate,True
Maize,10.0,24.2,61.3,6.99,621.0,106.0,93.3,71.2,5.07,543,94,10.89,50436,99,153874,205.1,100,100,100,100,100,Good,True
Maize,10.0,41.7,19.9,8.59,2321.0,8.1,84.7,76.7,1.01,700,108,3.73,51359,6,30654,-40.3,5,5,5,5,5,Poor,True
Maize,5.0,19.4,45.7,6.31,651.0,95.8,69.2,87.0,5.27,532,94,5.53,24875,99,79972,221.5,100,100,100,100,100,Good,True
Maize,12.25,39.6,15.2,4.74,107.0,14.0,71.3,83.5,1.0,708,104,4.47,61266,5,37179,-39.3,9,5,5,5,5,Poor,True
Maize,7.5,31.1,70.5,8.04,404.0,68.6,96.8,66.1,3.17,581,95,5.6,37002,58,72157,95.0,89,39,74,60,97,Moderate,True
Maize,0.5,18.9,56.9,5.84,570.0,112.1,38.2,81.1,4.9,576,96,0.57,2359,99,7436,215.2,100,100,100,100,100,Good,True
Maize,6.25,23.6,52.4,6.46,1058.0,172.6,55.2,73.8,3.6,569,97,5.06,29773,64,68288,129.4,100,100,100,79,42,Moderate,True
Maize,16.0,40.7,83.6,4.85,2776.0,25.1,31.8,65.4,0.98,667,108,5.95,70425,7,47589,-32.4,5,10,12,5,5,Poor,True
Maize,3.0,27.8,69.2,6.51,831.0,185.9,31.7,95.7,3.04,573,95,2.21,14190,51,27679,95.1,100,100,80,100,24,Moderate,True
Maize,0.25,25.6,49.4,6.74,741.0,125.4,36.9,93.7,4.97,556,93,0.28,1132,99,3771,233.1,100,100,100,100,100,Good,True
Maize,9.0,29.2,47.1,6.82,738.0,75.3,86.1,78.3,5.01,544,98,9.65,44838,99,136848,205.2,100,100,100,100,100,Good,True
Maize,2.25,27.1,51.6,6.21,631.0,90.9,89.5,40.3,4.96,546,95,2.41,10861,99,33871,211.9,100,100,100,100,100,Good,True
Maize,3.5,30.6,77.5,7.2,443.0,72.9,87.3,47.5,3.3,646,96,2.9,17126,62,35054,104.7,94,100,41,71,100,Moderate,True
Maize,10.0,43.8,12.5,4.36,57.0,11.9,99.4,41.1,0.97,710,107,3.68,51181,5,29439,-42.5,5,5,5,5,5,Poor,True
Maize,16.0,42.6,12.1,4.62,132.0,9.8,58.1,47.9,0.98,698,108,6.04,74650,6,47589,-36.3,5,5,5,5,5,Poor,True
Maize,9.0,9.3,14.7,4.32,2176.0,24.2,83.0,36.2,1.02,725,108,3.39,43268,7,27861,-35.6,5,5,5,5,5,Poor,True
Maize,3.0,40.9,18.4,4.96,2173.0,27.7,67.7,51.8,1.08,703,107,1.15,14275,7,9833,-31.1,5,20,5,5,11,Poor,True
Maize,6.25,40.4,47.4,6.18,783.0,103.6,89.7,31.7,2.61,550,107,4.2,30510,44,49508,62.3,5,100,100,100,100,Poor,True
Maize,7.5,18.6,41.8,4.67,1217.0,169.0,81.5,90.1,2.16,580,96,4.35,38640,31,49167,27.2,100,5,88,63,47,Poor,True
Maize,10.0,19.7,56.3,8.99,761.0,79.4,100.0,55.4,2.74,554,96,6.64,51660,42,83159,61.0,100,5,100,100,100,Poor,True
Maize,4.0,28.0,72.3,6.52,1432.0,156.4,32.9,63.8,3.28,610,96,3.18,17754,54,39819,124.3,100,100,66,42,64,Moderate,True
Maize,2.0,24.8,66.0,6.73,753.0,125.1,76.7,41.9,5.11,575,97,2.13,9260,99,31018,235.0,100,100,95,100,100,Good,True
Maize,3.0,8.0,14.0,4.15,2380.0,17.4,68.6,65.4,0.98,718,106,1.12,14474,5,8923,-38.4,5,5,5,5,5,Poor,True
Maize,1.5,31.7,43.6,7.06,1243.0,105.8,58.9,87.8,4.0,552,96,1.37,7415,74,18210,145.6,84,100,95,61,100,Moderate,True
Maize,3.5,41.5,93.6,8.46,124.0,14.6,55.0,96.6,1.02,715,105,1.29,16729,6,10835,-35.2,5,8,5,5,5,Poor,True
Maize,6.25,32.0,34.8,5.51,515.0,68.8,39.4,88.8,3.77,629,98,5.57,29817,70,71512,139.8,81,73,61,90,98,Moderate,True
Maize,4.0,27.5,76.9,7.77,452.0,76.2,99.0,39.8,3.36,656,94,3.13,20828,60,40790,95.8,100,59,43,74,100,Moderate,True
Maize,5.0,26.9,62.6,6.4,674.0,88.3,67.7,30.3,5.11,570,96,5.43,22538,99,77544,244.1,100,100,100,100,100,Good,True
Maize,16.0,34.4,60.2,6.64,480.0,36.1,98.7,82.7,2.98,541,99,11.18,84042,51,144709,72.2,58,100,100,81,29,Moderate,True
Maize,3.5,25.3,52.8,5.57,2441.0,120.8,80.4,77.4,2.52,546,97,2.2,17433,42,26769,53.6,100,78,100,5,100,Poor,True
Maize,0.5,20.0,47.0,5.91,558.0,73.3,75.1,64.3,4.94,554,94,0.53,2412,99,7496,210.8,100,100,100,100,100,Good,True
Maize,10.0,44.4,51.9,6.87,254.0,123.8,64.8,54.9,2.39,554,106,6.09,49094,38,72536,47.7,5,100,100,20,100,Poor,True
Maize,9.0,39.7,83.9,4.48,1878.0,22.1,96.3,78.2,1.02,723,104,3.34,45724,5,27861,-39.1,8,5,10,5,5,Poor,True
Maize,3.5,18.9,54.1,6.86,726.0,14.8,79.3,95.4,2.65,557,95,2.4,17593,42,28150,60.0,100,100,100,100,5,Poor,True
Maize,4.0,39.9,93.5,8.64,2448.0,30.9,98.0,24.2,1.05,699,105,1.56,18780,6,12747,-32.1,6,5,5,5,17,Poor,True
Maize,0.5,29.6,59.2,4.47,703.0,122.4,73.0,62.4,2.74,559,94,0.33,2460,44,4158,69.0,100,5,100,100,100,Poor,True
Maize,1.0,8.9,19.8,8.32,167.0,33.4,70.2,95.9,1.12,711,104,0.4,5009,9,3399,-32.1,5,18,5,5,23,Poor,True
Maize,9.0,28.2,50.5,6.99,678.0,105.8,57.1,52.6,5.07,545,92,10.3,42796,99,138487,223.6,100,100,100,100,100,Good,True
Maize,4.0,24.0,31.8,8.08,532.0,156.1,78.7,31.1,3.09,624,95,3.0,19812,52,37513,89.3,100,36,50,95,65,Moderate,True
Maize,0.5,23.6,50.9,6.77,683.0,121.0,54.0,27.7,5.06,539,95,0.53,2298,98,7679,234.2,100,100,100,100,100,Good,True
Maize,2.0,39.5,17.1,4.7,125.0,7.8,58.1,38.1,1.03,691,105,0.77,9173,6,6252,-31.8,10,5,5,5,5,Poor,True
Maize,10.0,28.8,58.3,7.09,825.0,123.5,99.0,70.6,5.07,538,97,11.18,52041,99,153874,195.7,100,100,100,100,100,Good,True
Maize,5.0,42.0,12.2,4.68,196.0,14.8,51.4,84.0,0.95,723,107,1.79,24092,7,14416,-40.2,5,5,5,5,5,Poor,True
Maize,12.25,14.6,66.9,5.84,1163.0,159.7,69.8,50.0,3.72,577,101,10.49,58228,66,138305,137.5,60,100,91,69,60,Moderate,True
Maize,5.0,40.8,59.5,6.76,552.0,78.8,42.7,37.5,2.62,566,108,3.34,21736,43,39759,82.9,5,100,100,100,100,Poor,True
Maize,0.5,20.2,78.8,7.15,1633.0,99.3,54.2,89.8,2.77,677,97,0.34,2507,48,4203,67.7,100,100,34,22,100,Moderate,True
Maize,1.5,21.0,57.0,6.18,850.0,168.7,93.9,68.0,3.75,559,98,1.29,7852,70,17072,117.4,100,100,100,100,47,Moderate,True
Maize,10.0,41.0,18.9,4.57,182.0,7.7,40.4,85.5,1.01,718,107,3.7,44784,5,30654,-31.6,5,5,5,5,5,Poor,True
Maize,9.0,6.1,87.7,4.11,188.0,34.9,94.4,95.0,1.06,710,105,3.52,47494,7,28954,-39.0,5,5,5,5,26,Poor,True
Maize,0.25,27.0,54.0,6.76,749.0,76.6,95.0,63.8,5.15,547,97,0.27,1243,99,3908,214.4,100,100,100,100,100,Good,True
Maize,4.0,7.6,17.3,8.44,2285.0,6.8,98.8,58.4,0.97,716,105,1.54,20358,6,11776,-42.2,5,9,5,5,5,Poor,True
Maize,2.25,22.3,48.0,6.93,710.0,119.5,89.1,72.8,5.15,530,96,2.6,11508,98,35168,205.6,100,100,100,100,100,Good,True
Maize,1.5,25.1,59.0,6.72,762.0,112.4,82.8,67.3,5.09,549,95,1.63,7514,99,23172,208.4,100,100,100,100,100,Good,True
Maize,0.5,39.4,91.4,8.69,118.0,13.8,73.8,52.3,1.02,718,105,0.18,2441,7,1548,-36.6,11,5,5,5,5,Poor,True
Maize,6.25,24.5,72.0,5.93,441.0,169.0,56.4,59.2,3.46,607,95,4.95,29714,59,65632,120.9,100,100,67,71,47,Moderate,True
Maize,1.5,40.3,87.6,4.77,103.0,24.2,81.7,62.7,1.01,699,108,0.54,7315,7,4598,-37.1,5,5,5,5,5,Poor,True
Maize,3.5,37.3,13.0,4.15,195.0,5.8,87.8,89.9,1.13,693,101,1.4,17587,7,12003,-31.8,30,5,5,5,5,Poor,True
Maize,3.0,34.5,57.2,4.89,1175.0,139.8,93.7,27.9,2.48,557,102,1.82,14546,37,22580,55.2,57,14,100,67,87,Poor,True
Maize,12.25,42.6,12.6,4.57,191.0,32.7,30.3,39.2,1.06,705,105,4.68,53302,8,39409,-26.1,5,5,5,5,21,Poor,True
Maize,2.0,42.7,18.3,4.79,198.0,17.4,56.0,87.0,0.97,691,107,0.74,9501,7,5888,-38.0,5,5,5,5,5,Poor,True
Maize,0.5,42.4,50.6,6.73,696.0,117.8,91.7,53.8,2.7,545,101,0.32,2535,43,4097,61.6,5,100,100,100,100,Poor,True
Maize,0.25,18.1,47.6,5.55,846.0,19.2,93.1,44.8,2.5,538,95,0.17,1251,40,1897,51.6,100,76,100,100,5,Poor,True
Maize,5.0,43.6,16.5,4.73,111.0,5.2,87.6,50.2,0.99,699,106,1.74,25147,6,15023,-40.3,5,5,5,5,5,Poor,True
Maize,10.0,42.9,11.9,4.62,88.0,5.2,78.5,23.3,0.97,707,106,3.66,47768,6,29439,-38.4,5,5,5,5,5,Poor,True
Maize,3.5,9.1,12.6,4.9,2001.0,33.7,80.1,75.6,1.11,705,107,1.33,17373,10,11791,-32.1,5,15,5,5,23,Poor,True
Maize,9.0,24.8,37.4,7.83,1303.0,79.0,49.9,42.9,3.55,611,96,7.33,41104,64,96968,135.9,100,54,71,55,100,Moderate,True
Maize,4.0,39.2,33.5,7.8,1245.0,177.1,44.1,26.9,2.04,594,104,2.15,17811,30,24766,39.0,12,56,56,60,36,Poor,True
Maize,0.25,42.9,12.0,4.41,55.0,12.2,37.8,23.0,1.0,696,106,0.1,1089,7,759,-30.3,5,5,5,5,5,Poor,True
Maize,1.5,25.0,52.9,6.92,713.0,122.9,57.2,26.7,5.27,538,94,1.65,7049,98,23992,240.4,100,100,100,100,100,Good,True
Maize,5.0,29.6,50.1,6.39,609.0,78.1,78.6,25.4,5.08,542,95,5.74,23423,99,77089,229.1,100,100,100,100,100,Good,True
Maize,16.0,7.7,15.5,4.77,2938.0,30.8,47.6,34.0,1.04,713,105,6.16,71905,5,50502,-29.8,5,5,5,5,17,Poor,True
Maize,2.25,7.8,85.3,4.51,120.0,31.1,34.9,39.7,1.04,697,105,0.83,10265,7,7102,-30.8,5,5,5,5,18,Poor,True
Maize,16.0,29.8,47.6,5.37,1287.0,113.0,67.0,64.5,3.9,566,95,13.95,76704,71,189384,146.9,100,59,100,56,100,Moderate,True
Maize,10.0,36.7,64.0,8.08,935.0,56.8,40.0,97.1,3.05,545,104,7.43,47279,53,92568,95.8,36,36,100,92,72,Moderate,True
Maize,10.0,7.3,71.6,6.05,1649.0,123.7,41.9,94.6,2.14,590,103,5.74,47892,31,64949,35.6,5,100,69,20,100,Poor,True
Maize,12.25,39.6,11.4,4.08,85.0,10.7,69.4,85.1,1.01,699,105,4.45,62322,6,37551,-39.7,9,5,5,5,5,Poor,True
Maize,2.25,35.7,20.8,5.12,1922.0,112.7,35.2,71.9,1.71,695,102,1.11,10173,20,11677,14.8,45,36,8,5,100,Poor,True
Maize,6.25,25.7,49.0,6.58,700.0,61.3,93.8,95.0,4.61,546,94,6.39,33057,88,87446,164.5,100,100,100,100,82,Good,True
Maize,5.0,26.2,64.8,5.82,642.0,73.7,75.1,42.6,5.01,544,97,5.51,24644,97,76027,208.5,100,100,100,100,100,Good,True
Maize,7.5,18.8,45.4,6.88,574.0,71.0,73.1,56.0,5.05,542,95,7.98,36296,99,114951,216.7,100,100,100,100,100,Good,True
Maize,1.5,41.7,97.8,8.84,144.0,13.6,81.2,97.0,0.99,706,107,0.56,7747,5,4507,-41.8,5,5,5,5,5,Poor,True
Maize,10.0,20.9,77.1,8.05,1355.0,187.5,57.2,40.6,2.32,660,97,6.04,46350,35,70412,51.9,100,38,43,50,22,Poor,True
Maize,16.0,23.8,60.9,6.58,606.0,99.2,41.2,79.2,5.12,540,97,17.39,73322,99,248627,239.1,100,100,100,100,100,Good,True
Maize,6.25,21.6,48.5,6.33,1633.0,102.8,60.2,44.0,3.16,557,97,4.65,29737,54,59941,101.6,100,100,100,22,100,Moderate,True
Maize,3.0,19.9,64.2,6.82,708.0,126.5,33.0,52.8,5.25,557,93,3.28,13085,99,47801,265.3,100,100,100,100,100,Good,True
Maize,6.25,43.2,18.5,4.79,69.0,14.4,44.6,52.5,0.97,704,104,2.31,28707,7,18400,-35.9,5,5,5,5,5,Poor,True
Maize,1.0,40.3,51.5,6.26,2862.0,92.7,53.6,73.2,2.22,539,109,0.58,4596,33,6738,46.6,5,100,100,5,100,Poor,True
Maize,0.25,17.5,55.3,7.77,1190.0,137.9,39.3,62.4,3.81,547,97,0.22,1160,70,2891,149.2,94,58,100,66,89,Moderate,True
Maize,2.25,35.0,55.6,5.94,344.0,87.1,47.2,77.0,3.4,556,104,1.81,10891,62,23218,113.2,52,100,100,44,100,Moderate,True
Maize,6.25,26.8,61.8,6.63,585.0,88.8,69.8,95.8,5.3,560,94,6.81,31129,99,100534,223.0,100,100,100,100,100,Good,True
Maize,6.25,42.1,91.2,8.48,1930.0,14.0,88.3,82.0,0.99,704,105,2.33,32223,5,18779,-41.7,5,6,5,5,5,Poor,True
Maize,5.0,36.9,66.2,6.94,1677.0,84.0,73.7,24.1,2.67,561,103,3.27,23626,42,40517,71.5,34,100,94,17,100,Poor,True
Maize,4.0,6.9,97.1,4.18,2600.0,34.5,77.6,81.5,1.15,720,105,1.52,19883,9,13961,-29.8,5,5,5,5,25,Poor,True
Maize,5.0,8.6,13.2,8.38,118.0,25.3,85.1,26.9,1.04,714,104,1.84,24243,7,15782,-34.9,5,14,5,5,6,Poor,True
Maize,2.0,37.1,18.6,4.04,178.0,9.7,93.1,36.2,1.09,715,102,0.78,9883,10,6616,-33.1,33,5,5,5,5,Poor,True
Maize,9.0,23.0,46.3,6.21,743.0,87.7,40.5,37.0,5.04,551,93,9.8,41611,99,137668,230.8,100,100,100,100,100,Good,True
Maize,1.0,27.8,53.2,6.29,844.0,125.6,88.8,49.0,5.07,550,95,1.08,4955,99,15387,210.5,100,100,100,100,100,Good,True
Maize,0.25,23.4,57.0,6.81,798.0,85.4,93.6,66.7,5.14,534,95,0.27,1295,98,3900,201.2,100,100,100,100,100,Good,True
Maize,3.0,42.8,14.8,4.56,93.0,6.5,69.3,92.1,0.99,731,108,1.06,14674,5,9014,-38.6,5,5,5,5,5,Poor,True
Maize,0.5,18.7,58.9,6.38,569.0,111.4,40.6,53.2,5.24,538,95,0.55,2197,99,7952,261.9,100,100,100,100,100,Good,True
Maize,12.25,21.3,55.6,6.82,1294.0,146.1,67.3,69.5,3.91,553,94,10.2,60728,70,145369,139.4,100,100,100,56,78,Moderate,True
Maize,2.25,26.7,93.2,6.24,502.0,72.3,78.3,92.3,2.54,701,95,1.48,11415,39,17345,51.9,100,100,5,87,100,Poor,True
Maize,0.25,44.0,69.7,4.73,1390.0,151.1,39.5,50.5,1.77,580,107,0.13,1137,20,1343,18.1,5,5,77,46,71,Poor,True
Maize,9.0,20.2,25.3,4.1,2096.0,163.6,95.2,66.8,1.73,699,95,4.52,46096,24,47255,2.5,100,5,25,5,54,Poor,True
Maize,6.25,27.7,85.3,5.65,837.0,136.9,96.3,65.3,2.46,714,95,4.03,31289,40,46663,49.1,100,86,5,100,91,Poor,True
Maize,10.0,40.4,98.9,8.43,300.0,27.0,51.0,51.5,1.15,709,109,3.98,46338,9,34902,-24.7,5,10,5,32,9,Poor,True
Maize,6.25,20.2,52.2,5.85,635.0,109.1,40.5,99.4,5.04,556,93,6.77,28588,99,95602,234.4,100,100,100,100,100,Good,True
Maize,3.5,32.1,53.6,5.46,1116.0,176.4,85.4,73.5,3.09,531,97,2.61,17813,53,32824,84.3,80,68,100,73,37,Moderate,True
Maize,7.5,22.0,66.1,6.06,464.0,74.9,97.3,45.7,4.42,578,95,7.29,37634,85,100610,167.3,100,100,95,77,100,Good,True
Maize,2.25,33.6,73.9,7.61,760.0,82.5,79.8,95.9,3.64,644,97,1.92,11455,66,24857,117.0,65,70,58,100,100,Moderate,True
Maize,7.5,18.0,36.7,7.18,1456.0,146.0,35.8,68.2,3.34,581,93,5.68,33890,59,76027,124.3,100,100,68,39,78,Moderate,True
Maize,4.0,31.9,39.0,7.18,1561.0,89.3,86.0,21.3,3.02,583,97,2.9,18901,55,36663,94.0,82,100,77,29,100,Moderate,True
Maize,4.0,25.9,53.9,7.16,796.0,80.3,92.4,53.4,5.09,556,94,4.36,20042,99,61793,208.3,100,100,100,100,100,Good,True
Maize,3.0,6.7,16.1,4.49,2641.0,18.5,60.3,23.2,0.99,715,107,1.1,14016,5,9014,-35.7,5,5,5,5,5,Poor,True
Maize,5.0,19.4,55.6,6.67,671.0,87.3,82.5,80.8,5.04,546,96,5.58,25754,99,76482,197.0,100,100,100,100,100,Good,True
Maize,4.0,7.8,13.0,8.31,2364.0,6.1,77.0,75.7,1.07,699,106,1.5,20613,7,12990,-37.0,5,19,5,5,5,Poor,True
Maize,5.0,28.0,62.2,6.54,581.0,78.1,53.5,84.3,5.09,550,97,5.38,24801,99,77241,211.4,100,100,100,100,100,Good,True
Maize,1.5,39.1,80.6,6.04,1092.0,188.6,80.3,64.2,2.12,696,105,0.84,7448,31,9651,29.6,13,100,26,76,20,Poor,True
Maize,16.0,24.2,53.0,7.16,1917.0,90.8,94.3,26.8,2.65,541,95,10.38,81350,42,128684,58.2,100,100,100,5,100,Poor,True
Maize,12.25,23.4,35.9,6.31,1687.0,76.8,76.6,45.5,2.73,602,95,8.64,61199,46,101498,65.8,100,100,65,16,100,Moderate,True
Maize,0.5,29.3,61.0,5.67,805.0,22.9,31.6,30.3,2.55,538,93,0.32,2133,40,3870,81.4,100,88,100,100,5,Poor,True
Maize,2.0,27.7,49.9,7.02,601.0,121.1,83.3,39.4,5.16,545,96,2.19,9659,99,31321,224.3,100,100,100,100,100,Good,True
Maize,0.25,28.2,57.5,6.93,782.0,87.9,42.4,25.2,5.08,560,95,0.28,1119,99,3854,244.4,100,100,100,100,100,Good,True
Maize,6.25,29.6,55.1,6.33,597.0,95.0,70.0,39.0,5.04,544,95,6.9,30056,99,95602,218.1,100,100,100,100,100,Good,True
Maize,10.0,29.2,67.0,8.0,1544.0,158.2,36.1,26.0,2.87,571,96,6.82,45404,50,87105,91.8,100,41,90,31,62,Moderate,True
Maize,2.25,28.6,47.9,6.02,608.0,109.2,80.6,78.9,5.12,528,93,2.44,11659,99,34963,199.9,100,100,100,100,100,Good,True
Maize,16.0,20.1,29.7,6.03,430.0,112.4,53.9,92.7,3.51,644,94,12.74,76837,63,170446,121.8,100,100,42,67,100,Moderate,True
Maize,2.25,37.5,15.8,4.77,195.0,14.5,53.2,73.2,1.06,708,103,0.87,10450,10,7238,-30.7,29,5,5,5,5,Poor,True
Maize,2.0,41.3,10.6,4.11,188.0,18.9,43.0,77.5,0.99,723,107,0.73,9257,7,6009,-35.1,5,5,5,5,5,Poor,True
Maize,1.0,6.4,93.8,8.62,2650.0,23.2,43.0,43.0,1.0,684,106,0.38,4692,6,3035,-35.3,5,5,5,5,5,Poor,True
Maize,1.5,41.7,18.7,4.05,78.0,5.1,42.3,35.8,1.0,695,107,0.56,6537,5,4552,-30.4,5,5,5,5,5,Poor,True
Maize,7.5,25.3,64.2,6.73,827.0,104.0,40.1,63.4,4.89,556,95,8.04,34643,99,111309,221.3,100,100,100,100,100,Good,True
Maize,16.0,25.6,53.5,5.82,558.0,98.3,98.1,76.0,5.13,569,94,17.61,83626,98,249113,197.9,100,100,100,100,100,Good,True
Maize,1.5,25.4,59.3,7.05,650.0,121.6,79.2,26.1,5.12,545,97,1.65,7187,99,23309,224.3,100,100,100,100,100,Good,True
Maize,12.25,24.5,56.3,6.96,687.0,118.9,43.1,45.7,5.17,544,93,13.37,55852,97,192214,244.1,100,100,100,100,100,Good,True
Maize,1.0,43.9,11.6,4.51,139.0,14.0,65.5,42.8,0.99,693,105,0.37,4675,5,3005,-35.7,5,5,5,5,5,Poor,True
Maize,0.25,35.7,43.0,5.73,812.0,138.8,59.9,86.0,3.6,559,102,0.21,1207,65,2732,126.3,46,94,92,100,88,Moderate,True
Maize,12.25,36.7,53.8,7.65,1672.0,78.6,81.5,62.4,2.6,536,102,8.04,60895,42,96665,58.7,37,67,100,18,100,Poor,True
Maize,10.0,26.4,52.8,6.69,732.0,98.8,75.8,97.5,5.03,561,97,10.9,50138,99,152660,204.5,100,100,100,100,100,Good,True
Maize,9.0,32.6,30.2,7.49,986.0,35.8,47.6,80.3,2.69,641,100,6.05,41872,44,73477,75.5,76,79,44,86,28,Moderate,True
Maize,1.5,5.3,64.6,5.59,539.0,101.7,73.4,85.4,2.61,558,105,0.96,7561,42,11882,57.1,5,80,100,97,100,Poor,True
Maize,2.0,37.6,17.6,4.57,52.0,16.2,36.2,67.1,1.1,724,102,0.79,9447,8,6677,-29.3,28,5,5,5,5,Poor,True
Maize,4.0,28.7,37.2,7.48,455.0,173.7,94.1,48.9,3.26,601,93,3.01,19711,58,39576,100.8,100,80,70,74,41,Moderate,True
Maize,4.0,16.3,69.8,6.48,690.0,18.6,34.6,41.0,2.45,570,99,2.47,18174,39,29743,63.7,80,100,77,100,5,Poor,True
Maize,4.0,29.3,76.2,6.84,856.0,76.6,88.8,56.1,3.73,627,98,3.45,20250,69,45282,123.6,100,100,47,99,100,Moderate,True
Maize,0.5,25.1,35.9,7.18,378.0,91.0,82.0,58.4,3.78,610,95,0.43,2486,67,5736,130.7,100,100,65,53,100,Moderate,True
Maize,7.5,18.6,45.5,6.4,678.0,81.1,65.0,81.1,5.06,552,96,8.17,35246,99,115178,226.8,100,100,100,100,100,Good,True
Maize,4.0,25.8,60.2,7.0,770.0,125.4,51.9,99.9,5.31,556,96,4.31,19090,99,64463,237.7,100,100,100,100,100,Good,True
Maize,3.5,29.4,64.7,6.13,751.0,120.5,43.3,67.0,5.03,550,95,3.83,16044,99,53431,233.0,100,100,100,100,100,Good,True
Maize,1.5,40.4,87.9,8.84,2685.0,17.6,31.7,31.2,0.99,722,105,0.56,6554,5,4507,-31.2,5,5,5,5,5,Poor,True
Maize,5.0,26.0,56.4,6.87,1493.0,95.4,52.2,99.2,3.41,543,96,3.97,24613,61,51747,110.2,100,100,100,36,100,Moderate,True
Maize,2.25,31.0,63.7,7.06,1532.0,159.4,74.3,52.0,3.22,535,97,1.67,11061,52,21989,98.8,90,100,100,32,60,Moderate,True
Maize,12.25,25.3,56.8,6.68,598.0,87.1,31.0,83.3,5.12,528,94,13.44,56191,98,190355,238.8,100,100,100,100,100,Good,True
Maize,1.0,21.4,11.5,6.24,707.0,60.9,36.6,51.3,2.59,700,96,0.65,4530,41,7861,73.5,100,100,5,100,81,Poor,True
Maize,1.5,20.6,50.4,6.52,651.0,97.3,40.5,47.0,5.05,557,94,1.64,6458,99,22990,256.0,100,100,100,100,100,Good,True
Maize,9.0,5.9,45.3,5.52,2870.0,109.9,45.9,58.9,2.11,556,107,5.06,40367,30,57635,42.8,5,73,100,5,100,Poor,True
Maize,2.0,25.4,55.3,5.96,745.0,96.8,80.7,54.6,5.04,540,95,2.2,9868,98,30593,210.0,100,100,100,100,100,Good,True
Maize,12.25,28.1,64.7,7.04,708.0,107.7,96.3,32.8,5.11,565,97,13.73,62267,99,189983,205.1,100,100,100,100,100,Good,True
Maize,4.0,9.9,87.8,8.38,176.0,33.7,74.2,47.1,1.09,716,105,1.55,19590,9,13233,-32.5,5,13,5,5,23,Poor,True
Maize,12.25,32.3,59.8,6.1,616.0,183.4,51.7,69.5,3.18,560,99,9.03,58490,57,118228,102.1,78,100,100,100,27,Moderate,True
Maize,6.25,29.5,63.9,6.65,1089.0,74.7,78.2,30.3,4.53,547,94,6.2,29732,86,85928,189.0,100,100,100,76,100,Good,True
Maize,16.0,22.0,57.0,5.92,718.0,24.4,34.4,55.8,2.59,552,95,10.93,71191,45,125770,76.7,100,100,100,100,5,Poor,True
Maize,16.0,34.7,26.9,6.15,1621.0,136.4,59.2,36.8,2.49,658,101,10.24,73088,42,120914,65.4,55,100,31,23,91,Poor,True
Maize,3.5,19.8,27.0,7.21,1386.0,40.0,52.8,38.7,2.89,649,92,2.36,15670,48,30699,95.9,100,99,31,46,37,Moderate,True
Maize,6.25,18.3,43.6,6.22,732.0,186.7,91.0,45.0,3.08,550,92,4.64,31254,54,58424,86.9,100,100,95,100,23,Moderate,True
Maize,5.0,42.9,91.7,8.84,174.0,26.2,72.7,85.1,0.98,707,106,1.91,24819,5,14872,-40.1,5,5,5,5,8,Poor,True
Maize,1.0,24.7,64.9,6.0,580.0,96.3,47.4,65.1,4.92,543,93,1.11,4622,99,14932,223.1,100,100,100,100,100,Good,True
Maize,4.0,29.0,50.6,6.84,624.0,122.2,92.3,45.1,5.23,548,94,4.24,19956,99,63492,218.2,100,100,100,100,100,Good,True
Maize,1.5,43.2,13.8,4.12,98.0,12.9,62.4,92.0,0.95,737,105,0.54,7531,5,4325,-42.6,5,5,5,5,5,Poor,True
Maize,9.0,23.9,50.1,6.77,746.0,102.5,96.3,78.2,5.2,539,96,9.66,46407,99,142038,206.1,100,100,100,100,100,Good,True
Maize,0.25,37.5,13.9,4.15,165.0,15.7,55.5,82.2,1.1,713,103,0.1,1190,9,835,-29.8,29,5,5,5,5,Poor,True
Maize,16.0,25.4,57.4,6.65,2686.0,94.8,54.9,69.7,2.72,559,94,10.6,76013,44,132083,73.8,100,100,100,5,100,Poor,True
Maize,1.5,22.7,30.6,5.21,1558.0,68.8,69.3,82.7,2.79,663,95,1.05,7508,46,12701,69.2,100,44,45,29,97,Moderate,True
Maize,3.5,34.1,38.3,6.89,500.0,164.2,97.0,58.8,3.59,587,98,2.95,17537,64,38135,117.5,61,100,75,86,54,Moderate,True
Maize,2.0,35.1,41.1,7.12,457.0,95.8,52.0,90.7,3.62,562,101,1.7,9428,68,21973,133.1,52,100,85,75,100,Moderate,True
Maize,16.0,14.4,47.5,5.62,688.0,181.8,44.0,84.9,3.03,533,99,11.94,78999,54,147137,86.3,58,83,100,100,30,Moderate,True
Maize,5.0,21.3,49.8,6.5,637.0,101.0,43.2,93.9,5.21,540,96,5.51,23219,99,79062,240.5,100,100,100,100,100,Good,True
Maize,0.25,8.4,85.9,4.25,2045.0,5.8,75.6,81.0,0.98,705,105,0.1,1279,5,744,-41.8,5,5,5,5,5,Poor,True
Maize,1.5,24.1,56.3,6.77,699.0,99.0,35.5,57.2,4.96,548,96,1.66,6895,99,22580,227.5,100,100,100,100,100,Good,True
Maize,7.5,41.4,23.3,7.13,1710.0,118.8,83.1,28.6,1.87,695,105,3.96,36153,30,42566,17.7,5,100,17,14,100,Poor,True
Maize,9.0,26.7,48.9,6.71,714.0,128.9,49.1,42.1,5.07,540,95,10.19,40419,99,138487,242.6,100,100,100,100,100,Good,True
Maize,5.0,23.5,40.4,6.54,313.0,67.9,79.4,56.3,3.31,564,96,4.07,25121,61,50229,99.9,100,100,83,36,96,Moderate,True
Maize,2.0,28.5,42.3,7.63,1283.0,86.1,41.4,30.3,3.79,576,96,1.75,9053,72,23005,154.1,100,68,90,57,100,Moderate,True
Maize,1.0,39.5,88.5,4.83,2576.0,10.3,72.9,80.8,1.01,694,105,0.36,5117,6,3065,-40.1,10,8,5,5,5,Poor,True
Maize,9.0,24.5,61.1,6.19,819.0,84.2,75.1,45.9,5.07,552,97,10.18,43232,99,138487,220.3,100,100,100,100,100,Good,True
Maize,10.0,29.3,46.5,7.15,686.0,115.7,83.0,23.2,5.12,556,95,11.05,48360,99,155392,221.3,100,100,100,100,100,Good,True
Maize,2.0,8.0,16.0,4.15,2232.0,15.1,58.9,80.1,1.0,710,105,0.76,9504,5,6070,-36.1,5,5,5,5,5,Poor,True
Maize,16.0,28.1,29.1,6.29,665.0,92.4,64.5,63.6,3.53,674,99,12.86,73815,64,171417,132.2,100,100,40,100,100,Moderate,True
Maize,16.0,20.9,52.2,7.44,581.0,13.3,85.3,75.6,2.51,550,95,10.25,80712,43,121886,51.0,100,83,100,100,5,Poor,True
Maize,16.0,24.9,46.2,6.05,648.0,112.4,68.4,27.2,5.1,531,95,17.21,76781,99,247656,222.5,100,100,100,100,100,Good,True
Maize,12.25,19.5,52.6,6.56,572.0,106.2,44.5,32.7,5.05,536,95,13.6,55390,99,187753,239.0,100,100,100,100,100,Good,True
Maize,6.25,35.5,88.2,5.14,264.0,136.7,31.7,71.4,1.8,699,101,3.08,28448,22,34144,20.0,48,37,5,22,91,Poor,True
Maize,4.0,32.9,53.1,4.21,2300.0,190.0,96.8,31.0,1.74,560,97,1.95,18633,21,21124,13.4,73,5,100,5,19,Poor,True
Maize,0.25,39.2,13.9,4.51,109.0,12.7,50.3,21.9,0.98,713,105,0.1,1123,5,744,-33.7,12,5,5,5,5,Poor,True
Maize,5.0,8.9,12.3,8.59,2498.0,20.3,88.0,51.8,0.97,678,107,1.93,24846,6,14720,-40.8,5,5,5,5,5,Poor,True
Maize,3.5,36.7,49.1,7.37,380.0,93.7,40.7,20.6,3.29,567,107,2.62,15658,57,34948,123.2,37,87,100,54,100,Moderate,True
Maize,9.0,23.9,54.7,6.43,789.0,83.0,73.9,69.8,5.11,539,94,9.72,43116,99,139580,223.7,100,100,100,100,100,Good,True
Maize,1.0,20.3,69.5,4.45,679.0,109.7,88.4,80.3,2.61,596,96,0.64,4960,42,7921,59.7,100,5,78,100,100,Poor,True
Maize,2.0,38.8,12.0,4.72,109.0,14.8,61.6,55.6,1.03,689,104,0.77,9492,10,6252,-34.1,16,5,5,5,5,Poor,True
Maize,10.0,25.6,53.6,6.25,834.0,89.5,97.7,73.7,5.19,557,93,11.32,49870,99,157517,215.9,100,100,100,100,100,Good,True
Maize,0.25,9.1,12.3,8.64,2609.0,15.8,33.8,70.1,0.98,720,106,0.1,1146,6,744,-35.1,5,5,5,5,5,Poor,True
Maize,2.25,41.0,18.8,4.2,127.0,9.6,45.1,34.5,0.95,678,105,0.81,10228,5,6487,-36.6,5,5,5,5,5,Poor,True
Maize,9.0,24.9,52.2,6.73,719.0,125.4,53.4,60.0,5.08,543,97,9.9,41027,99,138760,238.2,100,100,100,100,100,Good,True
Maize,3.0,42.0,17.2,4.37,109.0,16.3,94.5,58.4,0.97,702,107,1.1,15184,7,8832,-41.8,5,5,5,5,5,Poor,True
Maize,4.0,8.4,12.6,4.85,2916.0,18.4,81.0,96.9,1.02,687,105,1.51,21160,5,12383,-41.5,5,10,5,5,5,Poor,True
Maize,10.0,5.3,66.7,5.62,857.0,79.2,98.0,79.3,2.53,575,102,6.54,52190,39,76785,47.1,5,83,92,99,100,Poor,True
Maize,5.0,39.6,12.8,4.52,95.0,5.5,38.4,31.3,1.03,712,104,1.86,23150,8,15630,-32.5,9,5,5,5,5,Poor,True
Maize,12.25,40.2,19.3,4.79,187.0,6.8,74.6,96.2,1.02,700,103,4.46,63015,6,37922,-39.8,5,5,5,5,5,Poor,True
Maize,4.0,28.9,50.5,7.04,609.0,96.4,85.5,90.4,5.17,569,94,4.25,20604,99,62764,204.6,100,100,100,100,100,Good,True
Maize,16.0,9.7,86.5,8.72,88.0,7.0,77.5,22.4,0.99,715,106,5.78,76384,6,48074,-37.1,5,5,5,5,5,Poor,True
Maize,0.5,40.5,18.3,4.33,196.0,13.7,33.1,25.0,0.98,701,106,0.19,2147,8,1487,-30.7,5,5,5,5,5,Poor,True
Maize,9.0,42.4,12.8,4.23,122.0,17.0,31.7,41.8,0.99,690,104,3.29,39903,6,27042,-32.2,5,5,5,5,5,Poor,True
Maize,7.5,39.9,18.5,8.8,147.0,26.5,82.0,42.9,1.0,715,105,2.89,35513,8,22762,-35.9,6,5,5,5,8,Poor,True
Maize,9.0,40.5,88.6,8.62,168.0,22.4,56.0,98.7,0.96,712,105,3.23,45018,5,26222,-41.8,5,5,5,5,5,Poor,True
Maize,5.0,23.7,57.1,8.84,623.0,67.8,77.3,52.6,2.62,546,98,3.32,25041,44,39759,58.8,100,5,100,100,95,Poor,True
Maize,2.0,32.0,49.5,7.69,335.0,47.9,97.3,26.9,3.18,573,99,1.51,9968,57,19303,93.6,81,64,100,42,53,Moderate,True
Maize,12.25,36.0,33.9,7.42,1186.0,161.6,47.7,31.0,3.06,630,102,8.87,54958,52,113767,107.0,43,84,58,66,57,Moderate,True
Maize,9.0,23.3,62.3,6.33,656.0,96.8,94.7,71.6,5.08,550,95,9.93,47074,99,138760,194.8,100,100,100,100,100,Good,True
Maize,1.5,7.8,19.1,4.6,182.0,29.7,57.7,85.9,1.04,692,105,0.59,7295,5,4735,-35.1,5,5,5,5,15,Poor,True
Maize,2.25,43.2,19.9,4.44,128.0,13.6,47.8,64.0,0.97,733,107,0.84,10555,5,6624,-37.2,5,5,5,5,5,Poor,True
Maize,12.25,19.0,93.9,6.57,583.0,71.3,64.2,46.0,2.59,718,94,7.95,58825,45,96293,63.7,100,100,5,100,100,Poor,True
Maize,4.0,23.8,65.2,6.91,1646.0,86.6,88.6,49.9,3.11,545,92,2.97,19984,52,37755,88.9,100,100,99,20,100,Moderate,True
Maize,1.0,28.5,59.6,6.35,128.0,68.6,70.4,80.0,2.58,557,93,0.67,4812,41,7830,62.7,100,100,100,5,97,Poor,True
Maize,5.0,6.1,45.2,6.09,599.0,95.9,88.4,91.6,2.65,543,110,3.25,25505,45,40214,57.7,5,100,100,100,100,Poor,True
Maize,3.0,35.5,55.8,7.64,1365.0,137.5,43.2,20.0,3.33,533,103,2.35,12933,59,30320,134.4,48,68,100,48,90,Moderate,True
Maize,7.5,9.2,96.7,4.24,145.0,5.7,32.2,29.7,0.99,693,105,2.76,32933,8,22535,-31.6,5,5,5,5,5,Poor,True
Maize,3.0,24.2,70.9,7.92,896.0,179.5,43.0,82.1,2.97,596,96,2.17,13667,51,27042,97.9,100,47,72,95,33,Moderate,True
Maize,3.5,37.5,12.5,4.76,113.0,10.4,58.2,75.8,1.11,678,104,1.36,16837,9,11791,-30.0,29,5,5,5,5,Poor,True
Maize,1.5,14.8,44.6,7.01,569.0,58.0,51.0,51.0,3.92,557,98,1.37,6899,76,17846,158.7,62,100,98,100,75,Moderate,True
Maize,12.25,38.5,14.3,4.47,122.0,14.2,32.9,59.3,1.07,685,108,4.51,54355,9,39781,-26.8,20,5,5,5,5,Poor,True
Maize,0.25,28.4,72.4,7.12,1475.0,108.5,32.2,45.6,3.47,605,96,0.2,1048,60,2633,151.2,100,100,65,38,100,Moderate,True
Maize,12.25,22.1,44.9,5.34,950.0,164.6,32.2,76.1,3.62,526,94,10.44,55912,66,134587,140.7,100,56,100,90,53,Moderate,True
Maize,1.0,9.4,91.8,4.95,126.0,19.2,68.1,26.6,1.07,699,102,0.39,4682,5,3247,-30.6,5,19,5,5,5,Poor,True
Maize,3.5,20.7,45.7,6.98,629.0,91.5,80.7,77.2,5.08,539,95,3.8,17500,99,53962,208.4,100,100,100,100,100,Good,True
Maize,6.25,40.8,13.9,8.63,106.0,25.5,71.5,74.0,0.97,689,109,2.37,30576,6,18400,-39.8,5,5,5,5,6,Poor,True
Maize,7.5,16.1,31.4,7.9,566.0,86.7,32.0,60.5,3.29,627,97,6.01,32635,62,74889,129.5,77,49,48,100,100,Moderate,True
Maize,9.0,23.2,64.2,7.05,848.0,95.0,34.8,34.5,5.09,541,96,9.84,39394,99,139033,252.9,100,100,100,100,100,Good,True
Maize,3.5,7.1,84.8,4.17,2521.0,8.3,40.8,87.0,1.0,720,107,1.29,15533,6,10622,-31.6,5,5,6,5,5,Poor,True
Maize,5.0,6.8,15.1,4.77,2839.0,11.9,61.1,76.1,0.98,714,106,1.8,24233,5,14872,-38.6,5,5,5,5,5,Poor,True
Maize,9.0,17.1,35.9,6.66,1336.0,77.3,93.8,28.1,3.74,611,95,7.64,43328,65,102158,135.8,89,100,66,51,100,Moderate,True
Maize,0.25,10.6,76.6,8.73,1732.0,87.6,55.7,75.9,1.65,633,107,0.12,1192,18,1252,5.0,12,5,45,12,100,Poor,True
Maize,3.0,37.1,15.3,4.56,145.0,6.6,63.2,42.3,1.09,727,99,1.21,14266,5,9924,-30.4,32,5,5,5,5,Poor,True
Maize,6.25,25.9,48.0,6.03,845.0,19.0,34.7,27.0,2.65,545,97,4.19,28287,41,50267,77.7,100,100,100,100,5,Poor,True
Maize,3.0,27.8,62.2,6.79,613.0,86.3,91.4,73.2,5.06,528,95,3.33,14714,99,46071,213.1,100,100,100,100,100,Good,True
Maize,6.25,19.8,59.1,7.21,110.0,100.6,38.5,33.0,2.67,565,93,4.12,27444,46,50647,84.5,100,99,100,5,100,Poor,True
Maize,12.25,21.3,54.7,5.95,674.0,131.2,69.9,73.2,5.07,546,97,12.99,59448,99,188496,217.1,100,100,100,100,98,Good,True
Maize,2.25,43.0,16.5,4.58,108.0,27.4,57.3,49.7,0.98,721,105,0.82,10753,5,6692,-37.8,5,5,5,5,10,Poor,True
Maize,0.5,25.4,11.1,6.62,871.0,106.1,51.2,84.9,2.66,728,94,0.33,2361,42,4037,71.0,100,100,5,98,100,Poor,True
Maize,6.25,27.0,62.7,4.74,749.0,106.4,43.2,58.0,2.64,540,96,4.08,28650,42,50078,74.8,100,5,100,100,100,Poor,True
Maize,7.5,17.0,70.6,6.33,1041.0,38.1,63.5,27.9,3.11,594,98,5.62,35080,53,70791,101.8,88,100,73,81,33,Moderate,True
Maize,2.25,28.3,58.3,6.8,831.0,126.5,57.2,70.7,5.07,564,94,2.51,10727,99,34622,222.8,100,100,100,100,100,Good,True
Maize,0.25,8.2,17.3,4.86,2096.0,30.2,55.3,38.0,1.08,689,104,0.1,1162,8,819,-29.5,5,11,5,5,16,Poor,True
Maize,5.0,24.1,64.2,7.17,710.0,100.9,48.4,24.8,5.06,551,95,5.72,23092,97,76785,232.5,100,100,100,100,100,Good,True
Maize,6.25,40.0,18.7,4.62,54.0,15.1,95.2,51.3,0.96,722,105,2.33,30817,6,18210,-40.9,5,5,5,5,5,Poor,True
Maize,2.0,30.0,41.5,6.35,573.0,21.7,45.7,92.6,2.53,552,96,1.27,9121,42,15357,68.4,100,100,87,100,5,Poor,True
Maize,16.0,23.1,53.7,6.57,785.0,98.3,63.6,96.0,5.12,543,96,17.49,78937,99,248627,215.0,100,100,100,100,100,Good,True
Maize,10.0,40.6,14.1,4.7,145.0,8.6,66.5,59.8,0.96,697,106,3.59,47852,7,29136,-39.1,5,5,5,5,5,Poor,True
Maize,0.5,41.4,12.5,8.32,2357.0,14.1,67.5,46.2,1.02,699,107,0.2,2378,6,1548,-34.9,5,18,5,5,5,Poor,True
Maize,0.5,22.1,54.9,6.95,802.0,113.5,51.6,95.9,5.18,541,94,0.57,2437,99,7861,222.6,100,100,100,100,100,Good,True
Maize,3.0,16.6,76.3,5.92,1002.0,60.7,65.8,50.9,3.4,606,96,2.4,14160,61,30957,118.6,84,100,46,85,80,Moderate,True
Maize,10.0,25.4,35.0,7.54,504.0,109.6,91.0,75.1,3.94,608,92,9.17,51479,76,119579,132.3,100,75,62,87,100,Moderate,True
Maize,4.0,29.7,45.3,6.03,876.0,23.5,72.4,72.9,2.62,537,95,2.69,19173,45,31807,65.9,100,100,100,97,5,Poor,True
Maize,9.0,28.0,52.2,4.45,1520.0,68.5,66.2,70.5,2.36,556,96,5.32,42697,36,64463,51.0,100,5,100,33,97,Poor,True
Maize,0.25,31.5,54.6,8.97,808.0,113.0,71.6,38.2,2.55,545,98,0.16,1219,42,1935,58.7,86,5,100,100,100,Poor,True
Maize,3.0,24.5,47.9,6.94,618.0,105.9,94.9,45.9,5.23,558,96,3.22,15247,99,47619,212.3,100,100,100,100,100,Good,True
Maize,16.0,35.6,53.1,5.57,691.0,148.1,46.8,35.3,3.59,550,102,12.85,70160,59,174330,148.5,47,79,100,100,75,Moderate,True
Maize,6.25,27.3,31.7,5.61,1525.0,81.6,98.1,35.3,2.99,627,96,4.52,30871,50,56717,83.7,100,82,49,33,100,Moderate,True
Maize,0.25,25.6,52.1,5.93,711.0,153.2,53.4,74.1,4.26,546,97,0.24,1207,84,3232,167.8,100,100,100,100,69,Good,True
Maize,3.5,24.2,58.9,4.21,639.0,86.4,83.8,91.2,2.65,557,92,2.37,17737,40,28150,58.7,100,5,100,100,100,Poor,True
Maize,9.0,29.0,18.0,6.73,864.0,88.7,78.1,48.9,2.61,714,96,6.14,42631,43,71292,67.2,100,100,5,99,100,Poor,True
Maize,9.0,26.7,38.9,7.99,1787.0,34.7,80.7,90.1,1.96,598,93,5.04,45346,28,53537,18.1,100,42,77,6,25,Poor,True
Maize,9.0,39.8,92.7,8.53,2351.0,9.4,72.4,40.2,1.04,704,105,3.32,44070,5,28408,-35.5,7,5,5,5,5,Poor,True
Maize,1.0,43.8,18.1,4.79,50.0,7.8,95.4,94.2,0.97,709,103,0.38,5157,6,2944,-42.9,5,5,5,5,5,Poor,True
Maize,4.0,22.8,58.2,6.34,850.0,94.3,61.8,99.3,4.95,555,94,4.48,19208,99,60093,212.9,100,100,100,100,100,Good,True
Maize,9.0,40.1,83.8,4.63,137.0,9.2,38.6,80.8,1.01,703,106,3.45,42675,7,27588,-35.4,5,5,11,5,5,Poor,True
Maize,12.25,17.1,52.5,6.51,1383.0,48.1,99.6,23.3,3.45,551,94,9.98,60410,63,128267,112.3,90,100,100,47,54,Moderate,True
Maize,6.25,42.2,69.9,5.79,795.0,71.1,38.9,27.7,2.54,594,110,4.01,27416,42,48181,75.7,5,99,77,100,100,Poor,True
Maize,12.25,16.3,47.1,7.11,81.0,118.4,30.7,47.0,2.56,565,98,8.23,52997,39,95178,79.6,80,100,100,5,100,Poor,True
Maize,16.0,17.6,54.0,6.83,697.0,19.4,49.9,39.3,2.64,561,96,10.47,74003,44,128198,73.2,96,100,100,100,5,Poor,True
Maize,3.0,18.9,48.0,6.12,1461.0,35.5,45.4,68.3,3.02,553,98,2.2,14047,52,27497,95.7,100,100,100,39,27,Moderate,True
Maize,12.25,35.1,93.5,5.77,785.0,4.6,70.9,81.0,2.07,717,101,6.82,62764,28,76960,22.6,52,97,5,100,5,Poor,True
Maize,6.25,23.5,53.4,7.54,1218.0,63.7,42.0,97.3,4.03,570,96,5.46,31002,76,76444,146.6,100,75,100,63,87,Moderate,True
Maize,0.5,31.5,43.7,6.51,80.0,85.7,36.4,79.2,2.6,555,99,0.32,2330,42,3946,69.4,86,100,95,5,100,Poor,True
Maize,6.25,35.8,41.5,6.81,1422.0,114.7,98.5,41.6,3.3,586,102,4.93,31666,60,62597,97.7,45,100,87,43,100,Moderate,True
Maize,2.25,23.0,49.3,7.0,775.0,91.2,64.0,27.7,5.0,534,93,2.5,10339,99,34144,230.2,100,100,100,100,100,Good,True
Maize,0.5,18.8,46.8,5.45,1237.0,162.4,89.2,37.7,3.58,542,93,0.44,2411,69,5433,125.3,100,67,100,61,56,Moderate,True
Maize,10.0,18.8,37.5,6.08,1510.0,153.9,62.2,33.3,3.09,576,95,7.45,45844,57,93782,104.6,100,100,72,34,68,Moderate,True
Maize,5.0,6.7,93.1,8.66,134.0,17.3,61.1,32.0,0.98,714,105,1.86,22756,6,14872,-34.6,5,5,5,5,5,Poor,True
Maize,16.0,14.7,63.3,6.32,757.0,54.6,92.2,88.0,3.89,550,99,14.2,82140,72,188898,130.0,61,100,100,100,68,Moderate,True
Maize,7.5,28.1,50.0,6.0,658.0,94.1,82.5,21.8,5.15,560,96,8.04,35772,99,117227,227.7,100,100,100,100,100,Good,True
Maize,0.5,32.1,44.1,7.83,1063.0,107.1,83.6,36.4,3.69,548,98,0.43,2348,68,5600,138.5,80,54,96,79,100,Moderate,True
Maize,3.5,28.8,35.7,6.34,1653.0,48.8,77.1,54.9,2.62,613,93,2.42,16339,44,27831,70.3,100,100,65,20,55,Poor,True
Maize,2.25,9.5,92.2,4.61,2639.0,10.1,58.3,37.4,1.02,724,105,0.83,10175,6,6965,-31.5,5,5,5,5,5,Poor,True
Maize,16.0,19.7,52.1,5.89,622.0,109.4,54.7,41.9,5.1,543,96,18.36,73952,99,247656,234.9,100,100,100,100,100,Good,True
Maize,10.0,22.8,63.2,7.04,606.0,94.0,80.0,91.9,5.13,553,95,10.99,51437,99,155696,202.7,100,100,100,100,100,Good,True
Maize,1.0,37.0,41.0,5.74,949.0,113.3,56.6,90.2,3.33,576,100,0.79,4846,56,10107,108.6,34,95,85,90,100,Moderate,True
Maize,1.0,8.4,41.5,6.08,841.0,68.1,61.7,84.0,2.54,566,107,0.64,4837,39,7709,59.4,5,100,87,100,96,Poor,True
Maize,4.0,39.7,13.5,4.3,124.0,15.9,93.6,27.2,1.01,702,103,1.5,20006,6,12261,-38.7,8,5,5,5,5,Poor,True
Maize,12.25,26.1,42.7,8.63,604.0,97.4,63.5,33.5,2.56,560,94,8.01,56635,43,95178,68.1,100,5,91,100,100,Poor,True
Maize,12.25,39.1,68.1,7.0,2449.0,169.2,98.5,49.2,1.97,563,106,6.38,62451,26,73242,17.3,13,100,86,5,47,Poor,True
Maize,0.25,29.5,42.1,6.46,1554.0,182.2,83.2,27.2,2.85,572,94,0.18,1199,51,2162,80.3,100,100,89,30,29,Moderate,True
Maize,3.0,26.8,10.9,6.53,645.0,125.4,47.5,62.0,2.62,688,96,1.95,14008,43,23855,70.3,100,100,5,100,100,Poor,True
Maize,10.0,15.2,23.4,4.71,1364.0,174.2,43.0,52.8,1.65,685,98,4.87,44711,20,50078,12.0,67,5,18,49,40,Poor,True
Maize,6.25,32.7,47.9,7.6,1361.0,140.2,41.7,25.3,3.55,515,99,5.07,27717,60,67339,143.0,74,71,100,49,86,Moderate,True
Maize,16.0,43.1,16.2,4.46,167.0,18.1,90.7,79.3,0.98,711,108,5.92,81101,5,47589,-41.3,5,5,5,5,5,Poor,True
Maize,16.0,27.6,51.2,6.24,777.0,94.7,50.2,57.6,5.11,552,94,17.53,73580,99,248142,237.2,100,100,100,100,100,Good,True
Maize,4.0,21.0,68.6,7.88,1363.0,103.1,59.6,33.4,3.4,585,97,3.3,18851,63,41276,119.0,100,50,83,49,100,Moderate,True
Maize,5.0,9.0,68.9,6.66,836.0,135.4,34.7,28.1,2.46,556,102,3.18,22827,41,37330,63.5,5,100,81,100,93,Poor,True
Maize,2.25,24.6,35.0,5.33,565.0,140.3,87.2,34.3,3.72,609,94,1.89,10908,67,25403,132.9,100,55,62,100,86,Moderate,True
Maize,0.25,42.2,67.3,6.43,535.0,123.8,80.6,32.2,2.7,587,107,0.16,1213,40,2049,68.9,5,100,89,96,100,Poor,True
Maize,2.0,43.5,12.5,4.01,178.0,16.5,65.9,21.7,0.98,730,105,0.75,9081,6,5949,-34.5,5,5,5,5,5,Poor,True
Maize,0.5,40.5,10.6,4.11,57.0,7.3,39.3,88.9,1.02,701,107,0.18,2262,7,1548,-31.6,5,5,5,5,5,Poor,True
Maize,0.5,13.2,54.2,7.96,517.0,123.9,88.4,65.9,3.36,557,101,0.39,2549,60,5099,100.0,43,44,100,91,100,Moderate,True
Maize,2.0,21.3,42.2,7.15,1087.0,167.0,49.5,39.7,3.61,589,94,1.66,9360,65,21913,134.1,100,100,89,76,50,Moderate,True
Maize,0.5,17.6,59.5,7.77,1205.0,161.0,42.3,28.8,3.78,552,96,0.42,2253,67,5736,154.6,95,58,100,65,58,Moderate,True
Maize,5.0,13.3,59.5,6.51,384.0,110.6,47.4,71.2,3.47,536,101,3.91,23146,60,52657,127.5,44,100,100,55,100,Moderate,True
Maize,0.25,19.2,47.0,6.17,624.0,114.5,82.8,25.4,5.25,550,94,0.28,1187,99,3983,235.6,100,100,100,100,100,Good,True
Maize,2.0,32.0,66.6,5.62,2202.0,99.6,77.4,51.6,2.43,551,102,1.25,9676,38,14750,52.4,81,83,92,5,100,Poor,True
Maize,3.0,40.8,14.0,4.42,194.0,19.1,54.8,68.4,0.97,704,109,1.11,13999,5,8832,-36.9,5,5,5,5,5,Poor,True
Maize,3.5,28.5,78.6,5.89,1585.0,45.6,80.3,79.9,2.79,644,94,2.33,16878,43,29637,75.6,100,100,36,27,48,Poor,True
Maize,16.0,36.5,44.4,7.63,659.0,46.8,82.6,61.9,3.14,547,99,11.87,80409,54,152478,89.6,38,69,98,100,51,Moderate,True
Maize,3.0,19.9,60.4,6.17,663.0,113.8,58.5,60.3,5.11,551,96,3.31,14016,98,46527,232.0,100,100,100,100,100,Good,True
Maize,4.0,32.9,35.4,5.84,741.0,157.2,65.0,84.4,3.75,618,96,3.49,19625,69,45525,132.0,72,100,64,100,63,Moderate,True
Maize,2.25,32.3,77.5,5.33,1690.0,74.4,44.5,68.0,2.44,663,98,1.41,10408,36,16662,60.1,78,55,41,16,100,Poor,True
Maize,3.5,21.6,52.2,6.26,626.0,96.6,55.7,43.9,4.96,552,94,4.02,15652,99,52688,236.6,100,100,100,100,100,Good,True
Maize,6.25,19.5,41.5,7.02,627.0,23.1,56.8,44.0,2.66,579,93,4.0,29219,37,50457,72.7,100,100,87,100,5,Poor,True
Maize,12.25,6.1,13.7,4.45,158.0,9.3,93.0,92.3,0.99,694,105,4.47,64307,5,36807,-42.8,5,5,5,5,5,Poor,True
Maize,12.25,18.4,46.1,6.55,651.0,123.6,47.7,51.9,5.26,552,98,13.56,58045,99,195560,236.9,100,100,100,100,100,Good,True
Maize,1.0,23.5,61.6,5.93,106.0,94.4,59.1,24.1,2.58,545,96,0.66,4616,42,7830,69.6,100,100,100,5,100,Poor,True
Maize,1.5,42.9,90.7,8.61,957.0,10.6,62.6,50.9,1.36,717,109,0.66,7144,15,6191,-13.3,5,5,5,89,5,Poor,True
Maize,12.25,28.3,46.7,6.1,619.0,106.0,75.7,54.7,4.93,557,94,13.57,58424,99,183291,213.7,100,100,100,100,100,Good,True
Maize,1.5,28.9,41.9,6.56,1484.0,186.8,90.8,58.4,2.88,575,96,1.03,7484,47,13111,75.2,100,100,88,37,23,Moderate,True
Maize,6.25,31.4,63.9,4.27,524.0,68.6,30.8,28.1,2.5,548,97,4.09,26232,42,47422,80.8,87,5,100,93,97,Poor,True
Maize,10.0,34.8,60.5,4.3,1578.0,126.1,56.0,55.9,2.15,559,102,5.84,46252,31,65252,41.1,55,5,100,27,100,Poor,True
Maize,1.0,39.3,16.1,4.28,99.0,10.5,86.1,66.8,0.97,711,102,0.37,5025,5,2944,-41.4,11,5,5,5,5,Poor,True
Maize,0.25,40.3,78.3,6.17,1591.0,133.3,68.4,79.9,1.99,663,107,0.13,1235,29,1510,22.3,5,100,37,26,96,Poor,True
Maize,1.5,35.0,54.9,6.13,753.0,55.5,65.4,99.9,3.83,550,101,1.3,7320,68,17436,138.2,52,100,100,100,69,Moderate,True
Maize,6.25,23.5,89.9,7.43,764.0,73.5,81.2,70.8,2.63,682,94,4.02,30192,41,49888,65.2,100,83,5,100,100,Poor,True
Maize,1.5,22.1,43.7,8.0,1381.0,38.1,40.1,81.0,2.9,542,96,1.02,6939,46,13202,90.3,100,42,95,47,33,Moderate,True
Maize,0.25,25.0,58.5,6.69,657.0,99.9,43.7,69.3,5.01,554,95,0.28,1144,99,3801,232.3,100,100,100,100,100,Good,True
Maize,12.25,22.0,58.4,5.69,1380.0,124.2,49.3,37.6,3.68,547,93,10.12,56218,64,136818,143.4,100,89,100,47,100,Moderate,True
Maize,2.0,37.3,10.1,4.11,113.0,7.9,86.0,90.7,1.13,729,101,0.76,10044,9,6859,-31.7,31,5,5,5,5,Poor,True
Maize,3.5,36.8,54.6,7.4,310.0,112.0,59.9,65.5,3.11,547,101,2.54,16607,54,33036,98.9,35,86,100,35,100,Moderate,True
Maize,0.5,17.8,57.4,6.71,875.0,175.3,99.3,36.8,3.44,541,95,0.41,2487,63,5220,109.9,98,100,100,97,38,Moderate,True
Maize,5.0,10.0,14.1,4.22,191.0,25.1,86.8,47.4,0.99,716,106,1.84,25016,6,15023,-39.9,5,5,5,5,5,Poor,True
Maize,0.25,32.3,52.2,7.29,1525.0,40.0,81.0,49.8,2.96,562,97,0.18,1191,50,2246,88.6,78,93,100,33,37,Moderate,True
Maize,3.0,23.8,63.3,6.91,660.0,73.9,62.8,96.5,5.21,541,98,3.24,14577,99,47437,225.4,100,100,100,100,100,Good,True
Maize,0.5,28.1,45.9,6.17,706.0,128.3,70.4,63.8,5.04,554,95,0.53,2529,99,7648,202.4,100,100,100,100,100,Good,True
Maize,0.25,21.2,66.2,4.51,780.0,110.9,76.7,86.8,2.62,570,95,0.16,1242,41,1988,60.1,100,5,94,100,100,Poor,True
Maize,0.25,21.0,56.7,6.94,783.0,80.8,71.3,74.6,5.08,552,94,0.27,1214,99,3854,217.5,100,100,100,100,100,Good,True
Maize,6.25,22.9,49.1,6.78,587.0,126.9,86.4,82.3,5.15,544,94,6.76,31084,99,97689,214.3,100,100,100,100,100,Good,True
Maize,10.0,34.1,35.7,5.43,1620.0,82.9,47.2,85.2,2.63,614,98,6.84,47365,44,79820,68.5,61,65,65,23,100,Poor,True
Maize,7.5,27.0,51.7,6.34,598.0,101.4,60.4,41.8,5.01,552,94,8.13,35369,99,114040,222.4,100,100,100,100,100,Good,True
Maize,0.5,42.6,37.1,8.86,2975.0,10.3,71.4,84.1,1.29,604,105,0.21,2474,10,1958,-20.9,5,5,70,5,5,Poor,True
Maize,12.25,19.3,55.8,4.09,599.0,91.5,89.1,37.5,2.55,566,94,8.01,60890,44,94806,55.7,100,5,100,100,100,Poor,True
Maize,4.0,27.1,48.4,6.38,625.0,102.7,96.9,57.1,5.02,554,95,4.43,19513,98,60943,212.3,100,100,100,100,100,Good,True
Maize,3.5,25.5,63.9,5.91,583.0,120.6,40.7,27.9,5.05,553,99,3.86,15507,97,53644,245.9,100,100,100,100,100,Good,True
Maize,3.5,22.6,59.7,7.9,585.0,141.5,68.0,49.0,3.84,555,96,2.99,17099,68,40790,138.6,100,49,100,100,84,Moderate,True
Maize,6.25,26.0,33.5,7.25,1536.0,78.1,82.0,53.5,3.14,605,96,4.72,30516,53,59562,95.2,100,96,56,31,100,Moderate,True
Maize,5.0,39.3,10.8,4.13,122.0,18.9,34.6,45.1,1.01,724,104,1.82,22088,7,15327,-30.6,11,5,5,5,5,Poor,True
Maize,1.0,23.7,63.7,6.28,739.0,70.7,92.3,54.8,5.18,556,95,1.09,4945,99,15721,217.9,100,100,100,100,100,Good,True
Maize,1.5,37.6,23.9,6.37,189.0,187.5,38.3,38.9,1.64,695,103,0.72,6615,22,7466,12.9,28,100,20,5,22,Poor,True
Maize,5.0,25.9,54.9,6.34,640.0,126.9,91.5,59.3,5.39,552,96,5.45,25590,99,81793,219.6,100,100,100,100,100,Good,True
Maize,2.0,26.3,50.2,6.48,589.0,113.5,97.1,67.1,4.99,545,95,2.28,10494,99,30289,188.6,100,100,100,100,100,Good,True
Maize,6.25,24.7,26.0,7.78,311.0,154.9,58.4,88.0,2.72,675,93,4.01,30409,39,51595,69.7,100,58,28,35,66,Poor,True
Maize,1.0,14.9,49.8,7.21,368.0,151.4,50.1,68.8,3.54,558,98,0.8,4591,62,10744,134.0,64,100,100,51,71,Moderate,True
Maize,4.0,20.0,92.8,7.03,697.0,137.2,89.7,28.1,2.48,708,94,2.53,20057,43,30107,50.1,100,100,5,100,90,Poor,True
Maize,9.0,8.3,76.4,4.75,1343.0,179.3,95.4,83.5,1.46,610,108,4.06,48036,18,39880,-17.0,5,5,46,51,33,Poor,True
Maize,5.0,41.9,11.5,4.04,121.0,5.5,50.4,87.5,1.01,697,107,1.82,24018,5,15327,-36.2,5,5,5,5,5,Poor,True
Maize,9.0,32.1,92.6,7.5,2032.0,17.5,41.6,44.8,1.69,716,99,4.31,39482,21,46162,16.9,80,78,5,5,5,Poor,True
Maize,5.0,20.7,78.6,6.91,1295.0,116.6,37.0,99.7,3.28,680,94,3.8,24121,58,49774,106.4,100,100,36,55,100,Moderate,True
Maize,12.25,26.1,76.5,7.76,481.0,41.4,35.8,23.2,3.01,630,92,9.02,53250,53,111908,110.2,100,59,45,81,40,Moderate,True
Maize,7.5,19.0,51.1,5.85,700.0,93.7,30.0,93.8,4.92,527,95,8.34,33857,99,111992,230.8,100,100,100,100,100,Good,True
Maize,1.0,42.6,12.9,4.83,135.0,24.3,79.0,27.7,1.0,695,105,0.37,4731,6,3035,-35.8,5,8,5,5,5,Poor,True
Maize,1.5,22.3,47.9,6.07,783.0,85.7,72.5,75.1,4.98,563,96,1.69,7296,99,22671,210.7,100,100,100,100,100,Good,True
Maize,0.25,6.1,95.2,8.48,2917.0,25.0,44.7,56.9,1.01,696,106,0.1,1164,5,766,-34.2,5,6,5,5,5,Poor,True
Maize,4.0,22.0,53.3,7.07,609.0,128.3,79.2,22.9,5.12,551,95,4.37,19514,99,62157,218.5,100,100,100,100,100,Good,True
Maize,2.0,6.2,12.9,8.47,2495.0,18.1,38.6,71.5,0.98,713,107,0.72,8981,5,5949,-33.8,5,7,5,5,5,Poor,True
Maize,2.0,42.7,59.7,6.94,2819.0,42.0,63.1,22.7,1.93,540,106,1.05,9136,26,11715,28.2,5,100,100,5,41,Poor,True
Maize,2.25,24.5,13.9,6.56,789.0,69.0,32.2,88.2,2.56,681,96,1.53,10591,41,17482,65.1,100,100,5,100,98,Poor,True
Maize,3.5,28.2,48.5,6.44,1065.0,90.2,47.7,34.9,4.59,538,96,3.51,15835,89,48757,207.9,100,100,100,78,100,Good,True
Maize,3.0,24.9,69.2,5.99,2157.0,64.7,39.3,46.2,2.43,575,96,1.87,13467,39,22125,64.3,100,100,80,5,89,Poor,True
Maize,4.0,43.7,48.0,5.57,2755.0,113.3,79.0,20.6,2.09,538,107,2.19,19286,31,25373,31.6,5,79,100,5,100,Poor,True
Maize,2.0,42.8,96.1,4.15,2394.0,32.2,80.5,53.4,1.06,693,107,0.74,10112,6,6434,-36.4,5,5,5,5,20,Poor,True
Maize,9.0,42.8,52.0,5.82,729.0,103.7,53.6,28.4,2.64,559,106,5.82,40983,41,72112,76.0,5,100,100,100,100,Poor,True
Maize,10.0,35.9,97.2,5.01,529.0,136.1,90.0,79.5,2.06,728,103,5.42,51466,27,62521,21.5,44,25,5,94,92,Poor,True
Maize,0.25,7.1,15.5,8.73,145.0,13.5,31.3,67.1,0.97,701,106,0.1,1131,5,736,-34.9,5,5,5,5,5,Poor,True
Maize,4.0,21.8,58.1,6.09,722.0,88.1,97.6,25.0,5.06,552,93,4.43,19541,99,61428,214.4,100,100,100,100,100,Good,True
Maize,12.25,42.8,14.2,4.37,183.0,13.6,94.6,86.8,1.01,708,106,4.6,62681,6,37551,-40.1,5,5,5,5,5,Poor,True
Maize,3.0,38.6,12.6,4.71,178.0,17.3,76.8,66.4,1.03,693,105,1.15,15080,8,9378,-37.8,19,5,5,5,5,Poor,True
Maize,12.25,34.8,48.5,7.99,599.0,189.6,57.6,20.3,2.6,559,100,8.23,56070,42,96665,72.4,54,43,100,100,19,Poor,True
Maize,5.0,39.9,13.9,8.78,2879.0,5.5,90.8,78.6,1.05,712,106,1.85,24912,5,15934,-36.0,6,5,5,5,5,Poor,True
Maize,6.25,15.6,60.9,5.29,975.0,77.1,83.7,83.0,3.62,561,101,5.34,30855,67,68667,122.5,71,51,100,87,100,Moderate,True
Maize,5.0,21.9,57.1,5.82,563.0,110.7,83.8,73.1,5.21,562,94,5.58,25892,99,79062,205.4,100,100,100,100,100,Good,True
Maize,4.0,41.3,95.8,4.56,2315.0,24.4,96.3,21.7,0.99,706,105,1.46,20136,5,12019,-40.3,5,5,5,5,5,Poor,True
Maize,9.0,37.9,17.5,4.21,149.0,15.1,59.1,92.5,1.04,695,103,3.37,44215,8,28408,-35.8,25,5,5,5,5,Poor,True
Maize,9.0,6.8,18.1,4.08,182.0,7.0,83.9,80.7,0.97,712,107,3.32,46021,6,26496,-42.4,5,5,5,5,5,Poor,True
Maize,6.25,39.7,90.5,8.59,174.0,15.6,57.2,35.1,0.99,717,106,2.24,27884,5,18779,-32.7,8,5,5,5,5,Poor,True
Maize,16.0,19.2,44.0,5.67,865.0,175.2,96.1,78.0,3.48,552,94,12.96,82148,60,168989,105.7,100,88,96,99,39,Moderate,True
Maize,0.5,20.8,53.5,6.2,760.0,102.3,93.8,69.6,5.16,538,95,0.55,2563,99,7830,205.5,100,100,100,100,100,Good,True
Maize,9.0,9.9,13.3,8.85,2824.0,8.1,65.9,84.9,0.97,714,104,3.39,42058,5,26496,-37.0,5,5,5,5,5,Poor,True
Maize,3.0,18.8,51.7,6.73,771.0,114.3,44.9,35.2,5.01,536,96,3.13,13515,99,45616,237.5,100,100,100,100,100,Good,True
Maize,0.25,21.0,55.7,5.91,166.0,140.0,98.3,79.6,2.62,563,94,0.16,1261,41,1988,57.7,100,100,100,5,86,Poor,True
Maize,9.0,25.6,66.9,7.43,1215.0,47.2,88.4,94.7,3.57,570,93,7.77,46923,64,97515,107.8,100,84,91,63,52,Moderate,True
Maize,3.0,42.5,15.6,4.37,98.0,10.5,93.0,22.9,1.01,689,103,1.09,14072,6,9196,-34.7,5,5,5,5,5,Poor,True
Maize,10.0,24.3,69.6,5.47,1248.0,68.3,43.2,65.7,3.83,590,94,8.47,45224,70,116240,157.0,100,69,78,60,96,Moderate,True
Maize,7.5,43.7,42.1,6.68,547.0,119.5,59.1,87.0,2.59,573,105,4.79,35884,44,58955,64.3,5,100,89,99,100,Poor,True
Maize,0.25,19.4,59.4,7.89,578.0,177.9,97.9,89.0,3.25,545,96,0.19,1287,58,2466,91.6,100,50,100,100,35,Moderate,True
Maize,5.0,20.2,65.3,5.86,1577.0,117.9,36.0,87.4,3.27,553,95,3.79,22968,55,49622,116.0,100,100,99,27,100,Moderate,True
Maize,2.25,20.2,56.7,5.63,732.0,15.4,83.6,67.4,2.54,552,96,1.45,11417,40,17345,51.9,100,84,100,100,5,Poor,True
Maize,6.25,22.8,64.7,7.18,731.0,112.6,63.1,64.3,5.09,554,94,6.83,30708,99,96551,214.4,100,100,100,100,100,Good,True
Maize,5.0,36.0,58.6,6.69,724.0,162.9,68.6,80.9,3.41,546,104,4.08,23900,63,51747,116.5,43,100,100,100,55,Moderate,True
Maize,16.0,21.9,73.6,6.66,926.0,161.8,38.4,84.9,3.85,599,95,13.64,75829,69,186956,146.5,100,100,59,92,57,Moderate,True
Maize,10.0,9.1,95.3,8.36,2998.0,29.5,99.9,42.5,1.04,679,105,3.85,50408,5,31564,-37.4,5,15,5,5,14,Poor,True
Maize,1.0,22.5,33.2,6.88,1294.0,139.7,89.5,98.5,3.61,637,95,0.82,5172,67,10956,111.8,100,100,55,56,87,Moderate,True
Maize,5.0,44.0,42.7,6.49,2242.0,81.4,31.8,42.8,2.21,560,106,3.0,21740,34,33537,54.3,5,100,91,5,100,Poor,True
Maize,3.5,20.7,63.0,6.53,795.0,103.3,42.9,27.4,4.9,568,96,3.95,15505,99,52050,235.7,100,100,100,100,100,Good,True
Maize,3.5,6.5,84.4,4.77,102.0,11.9,49.4,87.3,0.99,700,106,1.32,16941,5,10516,-37.9,5,5,8,5,5,Poor,True
Maize,3.0,18.3,55.6,6.01,899.0,20.1,93.9,26.4,2.64,545,95,1.98,14604,41,24037,64.6,100,100,100,95,5,Poor,True
Maize,1.5,22.3,65.9,7.45,1575.0,136.2,79.9,94.8,2.94,569,95,1.13,8018,53,13384,66.9,100,82,96,28,92,Moderate,True
Maize,5.0,22.4,59.2,6.45,508.0,10.9,68.7,43.8,2.58,569,96,3.36,23439,40,39152,67.0,100,100,100,89,5,Poor,True
Maize,6.25,40.8,77.7,4.2,2765.0,84.0,76.1,41.5,1.54,641,104,2.99,30166,20,29212,-3.2,5,5,40,5,100,Poor,True
Maize,16.0,5.7,68.6,7.29,513.0,105.0,37.5,58.2,2.45,549,107,10.25,70583,41,118972,68.6,5,93,83,90,100,Poor,True
Maize,12.25,19.7,54.7,6.47,826.0,74.4,62.8,48.9,5.1,535,97,13.88,58661,99,189612,223.2,100,100,100,100,100,Good,True
Maize,2.0,24.1,40.1,5.34,421.0,159.3,67.9,41.1,3.62,580,95,1.66,9668,63,21973,127.3,100,56,81,65,60,Moderate,True
Maize,10.0,19.1,47.1,6.53,756.0,117.3,71.4,64.9,5.0,558,95,10.69,48026,99,151750,216.0,100,100,100,100,100,Good,True
Maize,16.0,25.1,62.3,6.71,790.0,123.7,85.6,26.6,5.19,554,93,17.24,78791,99,252026,219.9,100,100,100,100,100,Good,True
Maize,12.25,13.9,70.5,7.24,1089.0,172.9,41.8,71.9,3.17,586,100,8.98,57078,54,117857,106.5,51,97,74,76,42,Moderate,True
Maize,1.5,19.7,58.0,8.07,1066.0,135.3,69.8,89.3,3.3,544,94,1.21,7274,60,15023,106.5,100,36,100,78,93,Moderate,True
Maize,1.0,41.4,10.2,4.17,156.0,7.5,97.0,89.1,0.97,698,107,0.38,5221,5,2944,-43.6,5,5,5,5,5,Poor,True
Maize,2.25,8.0,17.5,8.44,105.0,29.8,50.5,30.9,1.05,691,104,0.85,9896,6,7170,-27.5,5,9,5,5,15,Poor,True
Maize,1.5,40.6,14.2,8.45,80.0,27.4,78.4,66.1,1.03,690,106,0.57,7246,6,4689,-35.3,5,8,5,5,10,Poor,True
Maize,5.0,19.4,51.9,5.96,678.0,80.7,87.0,66.4,5.14,553,92,5.51,25387,99,78000,207.2,100,100,100,100,100,Good,True
Maize,1.0,18.6,48.9,6.32,672.0,88.6,97.7,39.9,4.86,551,96,1.08,5042,99,14750,192.5,100,100,100,100,100,Good,True
Maize,1.5,23.0,49.6,6.76,608.0,120.5,79.8,38.5,5.03,561,93,1.65,7095,98,22899,222.7,100,100,100,100,100,Good,True
Maize,5.0,29.1,47.6,6.79,1126.0,76.4,47.5,23.7,4.42,545,93,4.69,21896,84,67074,206.3,100,100,100,72,100,Good,True
Maize,1.5,37.5,13.9,4.77,91.0,6.7,30.2,36.8,1.07,682,102,0.59,6463,5,4871,-24.6,29,5,5,5,5,Poor,True
Maize,10.0,41.8,12.9,4.15,2190.0,16.4,66.3,42.0,0.99,723,105,3.71,47617,5,30046,-36.9,5,5,5,5,5,Poor,True
Maize,10.0,35.8,70.7,7.61,1664.0,105.9,76.4,88.6,2.51,581,101,6.48,50173,39,76178,51.8,45,70,73,19,100,Poor,True
Maize,5.0,6.6,19.0,8.87,1804.0,9.8,84.7,86.7,0.97,706,106,1.87,24961,5,14720,-41.0,5,5,5,5,5,Poor,True
Maize,16.0,32.5,26.6,5.85,1288.0,97.9,82.4,61.9,3.03,671,97,11.42,79997,51,147137,83.9,76,100,30,56,100,Moderate,True
Maize,1.5,39.4,87.2,4.77,150.0,18.5,78.2,42.0,1.04,696,104,0.57,7381,8,4735,-35.8,10,5,5,5,5,Poor,True
Maize,12.25,24.1,45.2,4.8,740.0,181.0,31.2,38.8,2.3,556,94,7.71,53418,37,85511,60.1,100,5,100,100,31,Poor,True
Maize,0.25,16.1,61.0,5.98,108.0,115.8,37.7,77.7,2.57,552,94,0.16,1159,43,1950,68.2,78,100,100,5,100,Poor,True
Maize,0.25,28.3,62.5,6.45,581.0,123.0,66.5,75.2,4.81,531,93,0.29,1231,99,3650,196.5,100,100,100,100,100,Good,True
Maize,10.0,21.0,51.0,8.76,769.0,106.6,82.2,21.6,2.64,554,96,6.54,46945,44,80124,70.7,100,5,100,100,100,Poor,True
Maize,3.5,41.0,18.8,4.19,92.0,17.1,83.0,73.5,1.01,707,108,1.27,17911,5,10729,-40.1,5,5,5,5,5,Poor,True
Maize,2.0,22.0,64.4,6.91,694.0,88.3,68.9,69.1,5.07,544,95,2.32,9876,99,30775,211.6,100,100,100,100,100,Good,True
Maize,16.0,9.2,17.0,8.31,148.0,10.6,81.3,77.7,1.02,720,104,6.09,79298,6,49531,-37.5,5,19,5,5,5,Poor,True
Maize,2.0,18.6,61.7,6.14,823.0,88.7,59.7,75.7,5.08,538,93,2.21,9288,97,30836,232.0,100,100,100,100,100,Good,True
Maize,2.25,15.1,68.5,6.6,1449.0,162.8,49.0,36.0,3.14,581,98,1.66,10196,55,21442,110.3,66,100,83,40,55,Moderate,True
Maize,7.5,23.5,54.2,6.25,633.0,83.5,58.1,87.4,4.93,556,94,8.39,36393,99,112219,208.4,100,100,100,100,100,Good,True
Maize,7.5,28.8,59.0,6.07,721.0,126.1,72.1,65.1,4.99,549,96,7.99,36134,99,113585,214.3,100,100,100,100,100,Good,True
Maize,3.0,6.9,64.5,7.25,584.0,66.1,52.7,88.6,2.55,567,105,1.96,14550,45,23218,59.6,5,96,100,100,92,Poor,True
Maize,10.0,42.0,15.9,4.69,108.0,19.0,67.4,79.1,0.98,698,106,3.7,48531,5,29743,-38.7,5,5,5,5,5,Poor,True
Maize,0.25,43.9,50.2,6.81,883.0,135.5,80.3,37.7,2.55,540,105,0.17,1219,42,1935,58.7,5,100,100,97,93,Poor,True
Maize,3.0,27.0,55.6,6.77,473.0,103.2,45.0,49.7,4.5,546,91,3.03,13902,89,40972,194.7,100,100,100,79,100,Good,True
Maize,10.0,43.7,63.3,5.96,634.0,78.3,38.4,42.4,2.58,551,106,6.59,45661,44,78303,71.5,5,100,100,100,100,Poor,True
Maize,1.5,28.5,50.5,5.05,1088.0,47.3,38.3,84.4,2.99,551,97,1.1,6829,51,13612,99.3,100,28,100,76,52,Moderate,True
Maize,1.0,23.3,64.0,6.55,636.0,91.2,85.4,63.0,4.94,531,95,1.13,4888,99,14993,206.7,100,100,100,100,100,Good,True
Maize,3.5,30.2,78.5,4.22,2098.0,108.2,76.0,75.7,1.98,657,95,1.94,17638,24,21033,19.2,98,5,36,5,100,Poor,True
Maize,10.0,19.9,56.4,6.69,799.0,124.2,30.4,87.4,5.21,531,99,10.86,46201,99,158124,242.3,100,100,100,100,100,Good,True
Maize,12.25,42.7,12.2,4.33,100.0,6.3,70.8,94.0,0.98,708,106,4.63,60727,6,36435,-40.0,5,5,5,5,5,Poor,True
Maize,2.0,16.1,48.4,5.74,1135.0,90.5,78.7,22.2,4.25,567,98,1.99,9551,77,25798,170.1,78,95,100,71,100,Good,True
Maize,16.0,34.5,47.8,7.26,1573.0,165.3,36.8,70.2,2.92,570,98,10.99,70799,47,141795,100.3,57,96,100,28,52,Moderate,True
Maize,3.0,37.1,12.8,4.14,74.0,16.1,81.3,35.7,1.13,712,103,1.15,14410,10,10289,-28.6,32,5,5,5,5,Poor,True
Maize,12.25,18.7,55.4,6.95,561.0,91.0,44.6,30.6,5.01,552,93,12.8,54306,99,186266,243.0,100,100,100,100,100,Good,True
Maize,7.5,18.2,48.4,7.06,566.0,154.8,62.3,72.9,4.27,563,95,7.22,37665,79,97196,158.1,100,100,100,100,66,Good,True
Maize,9.0,6.9,93.9,8.83,180.0,30.0,41.1,50.2,1.05,688,106,3.39,39806,8,28681,-27.9,5,5,5,5,16,Poor,True
Maize,1.0,14.9,48.5,6.07,1129.0,108.2,42.0,22.8,4.08,542,96,0.88,4255,75,12383,191.0,63,100,100,72,100,Good,True
Maize,7.5,12.0,85.9,6.1,346.0,31.5,35.1,53.2,1.71,665,102,3.84,33240,23,38924,17.1,29,100,5,45,19,Poor,True
Maize,7.5,26.1,62.1,6.79,795.0,108.6,60.4,76.0,4.95,540,93,8.02,37905,99,112674,197.3,100,100,100,100,100,Good,True
Maize,3.0,11.6,74.2,7.57,2663.0,106.2,93.1,67.3,2.05,615,105,1.67,15386,27,18665,21.3,25,73,56,5,100,Poor,True
Maize,2.25,43.7,15.9,4.26,118.0,17.4,71.6,72.8,1.02,703,104,0.82,10798,5,6965,-35.5,5,5,5,5,5,Poor,True
Maize,9.0,13.6,50.4,4.86,2526.0,89.0,52.1,68.5,1.96,574,101,5.2,41117,28,53537,30.2,48,11,100,5,100,Poor,True
Maize,0.25,20.5,60.8,6.75,577.0,110.0,94.8,83.9,4.95,587,95,0.28,1331,99,3756,182.2,100,100,100,100,100,Good,True
Maize,3.5,41.2,61.6,6.75,820.0,111.5,94.9,90.0,2.65,541,102,2.3,18427,42,28150,52.8,5,100,100,100,100,Poor,True
Maize,10.0,37.8,16.9,4.72,84.0,15.5,96.5,29.1,1.1,698,101,3.93,48958,7,33385,-31.8,26,5,5,5,5,Poor,True
Maize,3.5,34.3,36.5,5.84,1485.0,175.0,63.6,92.7,2.85,604,102,2.57,16811,48,30274,80.1,59,100,68,37,39,Moderate,True
Maize,1.5,8.3,12.4,4.8,141.0,12.2,68.7,47.1,1.0,714,107,0.55,7057,5,4552,-35.5,5,5,5,5,5,Poor,True
Maize,4.0,24.4,47.0,6.85,607.0,6.9,48.3,63.9,2.71,548,95,2.67,18113,41,32899,81.6,100,100,100,100,5,Poor,True
Maize,3.0,23.6,39.4,5.2,455.0,144.1,88.0,23.5,3.26,563,95,2.4,14625,61,29682,103.0,100,43,79,74,81,Moderate,True
Maize,10.0,27.6,40.3,7.14,178.0,71.3,78.9,27.2,2.62,567,95,6.48,47560,39,79517,67.2,100,100,82,5,100,Poor,True
Maize,7.5,26.4,45.6,7.16,554.0,91.5,40.3,55.4,5.12,564,94,7.81,33712,99,116544,245.7,100,100,100,100,100,Good,True
Maize,1.0,17.8,50.9,5.86,2565.0,136.1,62.3,74.5,2.57,565,95,0.64,4904,45,7800,59.1,97,100,100,5,92,Poor,True
Maize,3.5,44.7,40.4,4.17,133.0,5.5,76.5,21.9,1.28,588,108,1.53,16616,15,13597,-18.2,5,5,82,5,5,Poor,True
Maize,0.25,39.1,13.3,4.08,2873.0,6.7,74.2,97.5,1.03,728,104,0.1,1251,8,782,-37.5,13,5,5,5,5,Poor,True
Maize,3.5,26.1,64.3,6.16,593.0,71.5,31.8,32.0,4.97,586,93,3.95,14993,99,52794,252.1,100,100,100,100,100,Good,True
Maize,0.25,25.7,42.3,8.84,739.0,129.6,82.7,40.9,2.59,565,97,0.16,1239,44,1965,58.6,100,5,90,100,100,Poor,True
Maize,5.0,19.1,55.5,6.25,822.0,81.2,36.0,85.0,5.19,550,94,5.58,23120,99,78758,240.6,100,100,100,100,100,Good,True
Maize,0.5,41.3,14.3,8.79,2746.0,16.4,32.8,54.8,0.97,695,106,0.18,2198,5,1472,-33.0,5,5,5,5,5,Poor,True
Maize,2.25,40.2,66.4,6.8,732.0,138.4,92.0,50.2,2.54,531,107,1.52,11035,41,17345,57.2,5,100,93,100,89,Poor,True
Maize,0.25,19.6,61.0,8.86,776.0,96.6,67.1,52.4,2.62,545,98,0.17,1206,46,1988,64.8,100,5,100,100,100,Poor,True
Maize,0.5,8.3,90.7,8.33,2742.0,26.9,68.7,23.2,1.08,727,108,0.19,2298,7,1639,-28.7,5,17,5,5,9,Poor,True
Maize,5.0,19.4,57.9,7.18,730.0,111.5,62.9,52.5,5.25,550,96,5.62,23534,99,79669,238.5,100,100,100,100,100,Good,True
Maize,9.0,22.0,52.6,6.82,614.0,92.5,46.8,68.2,5.19,554,94,9.56,42357,99,141765,234.7,100,100,100,100,100,Good,True
Maize,0.5,28.3,57.3,7.01,536.0,78.0,73.0,56.8,5.08,542,94,0.54,2400,95,7709,221.2,100,100,100,96,100,Good,True
Maize,3.5,27.8,48.4,6.29,730.0,94.3,54.9,99.9,5.03,552,95,3.71,17450,97,53431,206.2,100,100,100,100,100,Good,True
Maize,0.5,32.6,62.0,5.64,617.0,79.3,84.1,82.3,4.36,540,99,0.49,2595,83,6616,155.0,75,85,100,100,100,Good,True
Maize,2.0,29.7,55.9,6.47,772.0,80.1,96.7,88.5,5.2,557,95,2.23,10325,99,31564,205.7,100,100,100,100,100,Good,True
Maize,9.0,40.7,11.3,4.05,170.0,18.9,90.6,40.2,0.94,709,105,3.31,44296,6,25676,-42.0,5,5,5,5,5,Poor,True
Maize,3.5,16.2,55.4,6.68,799.0,137.7,67.0,91.2,4.52,546,97,3.47,17615,85,48014,172.6,78,100,100,100,89,Good,True
Maize,4.0,26.0,52.3,6.8,738.0,109.1,94.1,79.1,5.16,530,93,4.43,20399,99,62642,207.1,100,100,100,100,100,Good,True
Maize,5.0,38.8,17.3,4.77,147.0,13.2,63.2,90.4,1.01,705,104,1.87,25039,5,15327,-38.8,16,5,5,5,5,Poor,True
Maize,0.5,23.5,64.9,6.8,714.0,102.0,47.4,35.5,5.12,549,95,0.55,2194,99,7770,254.1,100,100,100,100,100,Good,True
Maize,3.5,33.7,26.9,7.24,1259.0,48.4,77.1,31.3,2.94,678,99,2.4,16927,48,31230,84.5,65,97,31,59,54,Moderate,True
Maize,4.0,7.6,92.7,4.41,186.0,16.0,80.8,62.3,0.96,698,108,1.47,19188,5,11654,-39.3,5,5,5,5,5,Poor,True
Maize,2.0,13.6,37.9,7.89,338.0,174.7,87.5,43.3,2.73,592,102,1.3,9871,46,16571,67.9,47,49,73,43,39,Poor,True
Maize,2.25,44.3,45.1,5.77,2276.0,151.5,90.6,23.4,2.08,543,105,1.25,10995,29,14204,29.2,5,97,100,5,71,Poor,True
Maize,0.5,22.8,63.6,6.0,613.0,94.0,58.2,38.3,5.02,578,97,0.54,2355,99,7618,223.5,100,100,100,100,100,Good,True
Maize,7.5,8.7,14.4,8.58,2136.0,20.4,97.2,62.4,0.97,703,107,2.73,38836,5,22080,-43.1,5,5,5,5,5,Poor,True
Maize,2.0,42.9,66.1,7.37,677.0,102.6,46.9,75.8,2.63,555,107,1.34,9610,43,15964,66.1,5,87,95,100,100,Poor,True
Maize,3.5,30.4,53.8,5.52,752.0,8.6,98.8,46.5,2.6,540,95,2.18,17885,40,27618,54.4,97,73,100,100,5,Poor,True
Maize,5.0,31.0,14.7,6.28,857.0,132.9,77.2,47.2,2.63,707,95,3.29,23380,39,39910,70.7,91,100,5,99,96,Poor,True
Maize,0.25,41.6,13.9,4.97,2109.0,31.5,38.6,78.3,1.13,715,104,0.1,1135,9,857,-24.5,5,21,5,5,19,Poor,True
Maize,6.25,29.7,64.6,6.16,553.0,108.8,86.5,84.5,5.15,540,94,7.03,33128,99,97689,194.9,100,100,100,100,100,Good,True
Maize,10.0,41.8,16.2,4.54,109.0,19.8,39.4,71.5,0.98,723,105,3.74,45888,5,29743,-35.2,5,5,5,5,5,Poor,True
Maize,3.5,18.4,10.4,5.96,554.0,117.0,80.6,96.5,2.63,681,94,2.3,17645,46,27937,58.3,100,100,5,100,100,Poor,True
Maize,4.0,35.8,68.5,5.8,848.0,178.8,94.3,69.0,3.04,583,99,2.91,20314,52,36906,81.7,45,100,83,100,34,Moderate,True
Maize,0.5,33.9,47.0,7.73,338.0,142.4,65.3,80.7,3.14,557,98,0.39,2393,58,4765,99.1,63,62,100,43,83,Moderate,True
Maize,5.0,40.6,19.7,4.01,200.0,15.0,59.1,64.0,0.97,721,105,1.83,22993,7,14720,-36.0,5,5,5,5,5,Poor,True
Maize,7.5,18.6,66.7,6.92,511.0,15.5,30.9,75.1,2.55,551,94,4.85,33451,42,58044,73.5,100,100,92,89,5,Poor,True
Maize,3.5,39.3,16.4,4.4,159.0,17.3,71.7,96.8,1.03,692,106,1.29,17626,6,10941,-37.9,11,5,5,5,5,Poor,True
Maize,4.0,34.7,66.1,5.42,515.0,47.7,93.6,93.3,3.41,572,100,3.23,20669,59,41397,100.3,55,64,95,91,53,Moderate,True
Maize,0.25,40.3,71.2,5.96,1868.0,69.2,92.0,26.1,2.0,598,107,0.14,1255,33,1518,21.0,5,100,70,5,98,Poor,True
Maize,3.0,16.1,46.5,7.76,868.0,164.2,72.3,84.7,3.51,542,99,2.48,14543,64,31959,119.8,77,59,100,98,54,Moderate,True
Maize,2.25,41.6,12.9,4.4,2708.0,10.8,87.0,32.6,0.97,680,105,0.82,10891,5,6624,-39.2,5,5,5,5,5,Poor,True
Maize,1.0,24.9,16.1,6.17,672.0,106.6,46.8,42.0,2.55,693,94,0.66,4418,40,7739,75.2,100,100,5,100,100,Poor,True
Maize,16.0,18.0,68.6,6.86,1158.0,106.7,53.6,26.1,4.27,568,97,15.49,72397,78,207351,186.4,100,100,83,69,100,Good,True
Maize,9.0,32.3,72.5,7.22,441.0,187.6,47.9,22.9,2.69,611,94,6.06,39061,43,73477,88.1,78,98,64,70,22,Poor,True
Maize,1.5,20.8,49.8,6.27,833.0,118.3,82.2,78.5,4.95,561,95,1.67,7054,99,22535,219.5,100,100,100,100,100,Good,True
Maize,16.0,35.5,32.4,7.57,1049.0,133.1,39.1,62.9,3.29,635,100,12.58,73177,58,159762,118.3,48,73,52,80,96,Moderate,True
Maize,5.0,43.6,10.4,4.29,53.0,16.9,46.6,94.8,0.96,711,105,1.87,23345,5,14568,-37.6,5,5,5,5,5,Poor,True
Maize,9.0,17.7,67.7,7.14,115.0,139.1,66.4,27.7,2.5,569,97,5.96,41217,40,68288,65.7,96,100,87,5,88,Poor,True
Maize,1.0,27.4,51.4,5.82,1225.0,86.8,82.2,54.1,4.03,561,97,0.96,4923,80,12231,148.4,100,100,100,63,100,Good,True
Maize,2.0,9.4,19.0,4.36,2715.0,9.6,61.9,45.6,0.99,695,106,0.74,9135,8,6009,-34.2,5,5,5,5,5,Poor,True
Maize,1.0,42.2,11.0,4.14,83.0,18.5,54.9,85.4,0.97,698,105,0.38,4797,8,2944,-38.6,5,5,5,5,5,Poor,True
Maize,0.5,30.3,43.4,5.59,974.0,163.4,65.6,34.7,3.75,575,95,0.43,2391,69,5691,138.0,97,80,94,88,55,Moderate,True
Maize,7.5,25.8,63.4,7.15,511.0,7.2,73.8,58.8,2.62,564,95,5.03,36696,43,59638,62.5,100,100,100,89,5,Poor,True
Maize,3.5,22.2,69.6,7.49,1676.0,107.1,83.4,71.5,2.8,592,93,2.48,17635,47,29743,68.7,100,78,78,17,100,Moderate,True
Maize,1.0,38.0,12.1,4.42,90.0,16.2,32.8,39.4,1.09,690,102,0.4,4430,11,3308,-25.3,24,5,5,5,5,Poor,True
Maize,1.0,27.3,59.3,6.57,765.0,92.4,92.7,20.4,5.18,535,95,1.08,4973,99,15721,216.1,100,100,100,100,100,Good,True
Maize,0.5,25.6,67.8,6.45,585.0,48.6,66.9,55.8,3.8,576,94,0.44,2321,74,5766,148.4,100,100,87,100,55,Moderate,True
Maize,7.5,28.6,57.0,7.83,1136.0,113.7,43.6,43.9,3.74,558,94,6.22,32948,70,85132,158.4,100,54,100,71,100,Moderate,True
Maize,10.0,22.6,58.4,6.02,179.0,95.4,58.5,37.0,2.61,537,96,6.71,45009,44,79214,76.0,100,100,100,5,100,Poor,True
Maize,1.5,25.1,76.6,5.49,833.0,114.8,75.2,69.2,3.54,650,96,1.21,7408,65,16116,117.5,100,71,45,100,100,Moderate,True
Maize,4.0,29.0,46.5,6.78,769.0,120.6,38.7,28.2,5.27,562,94,4.46,17486,99,63978,265.9,100,100,100,100,100,Good,True
Maize,3.5,28.1,56.7,5.87,735.0,77.4,55.9,75.3,5.31,550,93,3.91,16668,99,56405,238.4,100,100,100,100,100,Good,True
Maize,4.0,5.7,84.0,6.54,2980.0,116.2,34.5,43.1,1.85,678,107,2.0,17289,22,22459,29.9,5,100,10,5,100,Poor,True
Maize,12.25,28.0,94.1,7.57,1414.0,51.0,86.5,52.2,2.1,701,97,7.02,58780,32,78075,32.8,100,73,5,44,60,Poor,True
Maize,12.25,18.6,55.6,6.67,671.0,117.9,71.8,65.8,5.08,529,96,13.31,59153,99,188868,219.3,100,100,100,100,100,Good,True
Maize,0.5,42.7,47.9,7.12,2443.0,173.9,76.0,86.4,1.99,555,109,0.27,2483,28,3020,21.6,5,100,100,5,40,Poor,True
Maize,1.5,30.7,78.4,7.73,2060.0,152.2,89.8,27.2,1.98,657,96,0.81,7158,29,9014,25.9,94,61,37,5,70,Poor,True
Tomato,4.0,21.5,51.7,6.95,635.0,100.2,66.6,31.6,25.78,621,80,3.2,47164,97,257800,446.6,100,100,100,100,100,Good,True
Tomato,2.0,16.1,56.9,4.58,775.0,102.4,40.3,65.2,13.17,609,83,0.95,23355,42,65850,182.0,77,5,100,97,100,Poor,True
Tomato,1.5,31.4,35.5,6.45,575.0,166.5,50.6,81.8,17.27,713,83,0.88,19379,58,64762,234.2,67,100,45,100,58,Moderate,True
Tomato,2.25,25.4,49.9,7.58,722.0,111.0,92.1,65.6,20.44,582,80,1.46,30421,72,114975,277.9,100,54,100,100,100,Moderate,True
Tomato,7.5,26.7,58.8,5.9,827.0,51.9,85.5,88.5,18.8,588,80,4.6,100126,69,352500,252.1,100,90,100,91,51,Moderate,True
Tomato,5.0,43.1,90.1,4.54,2534.0,161.4,45.6,82.4,6.56,764,87,1.52,60824,14,82000,34.8,5,5,5,5,66,Poor,True
Tomato,2.25,25.7,63.5,6.2,90.0,116.0,58.5,76.0,13.22,598,79,1.1,28006,45,74362,165.5,100,100,100,5,100,Poor,True
Tomato,4.0,44.6,52.6,5.99,441.0,152.8,98.1,22.4,12.9,614,91,1.85,51165,39,129000,152.1,5,99,100,97,80,Poor,True
Tomato,2.25,26.9,34.7,6.12,513.0,35.5,60.9,79.9,14.62,726,79,1.17,28740,46,82237,186.1,100,100,42,100,23,Moderate,True
Tomato,5.0,7.2,90.2,4.78,126.0,30.1,98.7,86.2,5.28,739,90,1.34,67524,6,66000,-2.3,5,5,5,5,14,Poor,True
Tomato,3.5,20.3,64.9,6.18,492.0,97.2,92.8,96.8,25.24,588,80,2.77,46965,98,220850,370.2,100,100,100,100,100,Good,True
Tomato,10.0,18.6,61.9,6.22,1322.0,188.2,92.1,29.4,14.84,587,81,4.99,130884,46,371000,183.5,100,100,100,36,24,Moderate,True
Tomato,1.5,10.7,72.6,7.05,1090.0,109.9,89.4,31.8,13.38,634,87,0.71,18962,41,50175,164.6,13,96,88,62,100,Poor,True
Tomato,0.25,8.4,90.7,4.69,1903.0,29.3,36.9,86.4,5.19,774,89,0.1,3052,6,3244,6.3,5,5,5,5,12,Poor,True
Tomato,3.0,40.3,79.0,8.04,1010.0,67.4,94.7,29.6,9.31,699,87,1.16,39557,26,69825,76.5,5,18,57,71,78,Poor,True
Tomato,12.25,38.7,79.9,5.99,532.0,117.5,84.1,88.0,12.52,666,89,5.46,161104,38,383425,138.0,5,99,53,100,100,Poor,True
Tomato,6.25,21.9,69.3,7.21,1154.0,80.2,49.0,91.9,19.09,598,79,3.97,78584,73,298281,279.6,100,84,100,55,100,Moderate,True
Tomato,10.0,9.2,71.3,6.24,617.0,114.2,30.1,73.4,13.57,621,89,4.7,117983,44,339250,187.5,5,100,94,100,100,Poor,True
Tomato,3.0,18.4,67.0,6.19,595.0,13.7,57.3,90.8,13.94,602,80,1.39,37652,44,104550,177.7,100,100,100,100,5,Poor,True
Tomato,1.5,26.2,67.2,6.06,631.0,115.6,34.4,24.4,26.03,602,81,1.21,17561,99,97612,455.8,100,100,100,100,100,Good,True
Tomato,3.5,23.5,61.9,7.29,100.0,134.4,87.0,46.8,12.67,597,79,1.61,45290,39,110862,144.8,100,77,100,5,100,Poor,True
Tomato,5.0,5.2,70.5,6.98,440.0,121.5,72.8,42.3,13.54,594,90,2.43,61689,44,169250,174.4,5,100,98,97,100,Poor,True
Tomato,12.25,16.5,49.8,8.26,688.0,145.2,33.8,52.6,13.08,576,82,5.73,146265,43,400575,173.9,82,5,99,100,92,Poor,True
Tomato,4.0,12.1,66.7,4.98,1789.0,88.7,58.8,31.5,9.82,596,86,1.56,47959,28,98200,104.8,30,5,100,5,100,Poor,True
Tomato,12.25,20.7,56.4,6.89,680.0,129.8,81.1,37.6,26.06,604,79,9.82,159514,99,798087,400.3,100,100,100,100,100,Good,True
Tomato,0.25,25.6,70.8,8.92,797.0,124.4,61.0,42.5,13.68,595,80,0.12,3128,41,8550,173.3,100,5,96,95,100,Poor,True
Tomato,5.0,25.5,10.9,5.77,654.0,76.9,80.8,81.0,12.82,764,78,2.28,66097,39,160250,142.4,100,79,5,100,95,Poor,True
Tomato,2.25,19.4,54.9,6.57,714.0,105.1,58.8,30.4,25.35,592,80,1.86,26057,99,142594,447.2,100,100,100,100,100,Good,True
Tomato,5.0,24.3,52.0,6.29,492.0,88.2,39.6,21.6,25.89,586,77,4.08,54012,99,323625,499.2,100,100,100,100,100,Good,True
Tomato,4.0,21.2,59.7,6.84,544.0,102.6,85.9,79.7,25.64,609,80,3.19,51904,99,256400,394.0,100,100,100,100,100,Good,True
Tomato,1.0,24.7,66.3,6.37,1215.0,9.5,41.3,75.9,12.17,601,79,0.46,12340,38,30425,146.6,100,100,100,48,5,Poor,True
Tomato,4.0,21.2,51.8,6.43,633.0,87.1,72.1,81.5,26.43,586,79,3.22,52312,99,264300,405.2,100,100,100,100,100,Good,True
Tomato,1.5,39.4,12.9,4.54,147.0,11.1,94.1,52.1,5.01,745,89,0.41,19347,6,18788,-2.9,5,5,5,5,5,Poor,True
Tomato,10.0,30.4,44.0,6.08,1419.0,39.0,62.7,94.2,13.5,662,81,4.88,122543,41,337500,175.4,77,100,77,25,29,Poor,True
Tomato,0.25,7.9,20.8,8.1,2319.0,9.0,64.7,65.9,5.18,771,87,0.1,3129,5,3238,3.5,5,13,5,5,5,Poor,True
Tomato,0.25,23.9,48.3,6.62,683.0,189.1,54.1,29.7,15.96,615,81,0.14,3069,51,9975,225.0,100,100,94,100,22,Moderate,True
Tomato,12.25,37.4,16.0,5.04,140.0,34.2,36.6,42.0,5.42,782,88,3.44,143351,9,165988,15.8,10,9,5,5,21,Poor,True
Tomato,9.0,39.2,61.8,6.88,433.0,111.3,88.2,51.9,12.88,600,90,4.11,118161,44,289800,145.3,5,100,100,94,100,Poor,True
Tomato,9.0,26.4,93.5,8.53,2249.0,99.9,65.9,93.2,9.16,766,81,3.35,114994,22,206100,79.2,100,5,5,5,100,Poor,True
Tomato,5.0,19.6,58.9,6.62,705.0,93.9,35.3,86.7,27.13,578,77,4.2,58130,99,339125,483.4,100,100,100,100,100,Good,True
Tomato,7.5,9.4,62.8,7.22,432.0,130.2,37.2,35.5,12.58,608,88,3.48,85249,39,235875,176.7,5,82,100,94,100,Poor,True
Tomato,5.0,40.6,19.7,4.14,132.0,16.0,64.4,78.5,4.95,772,92,1.33,63978,7,61875,-3.3,5,5,5,5,5,Poor,True
Tomato,1.5,25.4,64.3,6.69,533.0,114.4,72.5,38.7,26.35,607,81,1.18,18430,99,98813,436.2,100,100,100,100,100,Good,True
Tomato,2.0,7.7,23.4,8.9,1920.0,33.8,31.6,82.8,5.23,753,91,0.55,24123,8,26150,8.4,5,5,5,5,20,Poor,True
Tomato,9.0,22.4,71.6,5.84,502.0,138.4,71.2,77.5,23.59,612,79,6.58,118803,91,530775,346.8,100,84,92,100,100,Good,True
Tomato,2.0,22.1,71.3,8.97,1415.0,140.0,58.2,95.1,11.52,613,79,0.88,25887,35,57600,122.5,100,5,94,26,100,Poor,True
Tomato,3.5,14.4,46.5,7.9,525.0,158.5,55.6,20.2,14.87,631,87,1.84,40697,50,130112,219.7,58,29,87,100,71,Moderate,True
Tomato,2.0,20.4,62.1,6.72,534.0,7.9,76.1,33.7,13.44,600,79,0.94,24894,43,67200,169.9,100,100,100,100,5,Poor,True
Tomato,3.0,14.0,41.4,7.37,350.0,78.7,91.1,49.3,18.1,668,85,1.73,38927,65,135750,248.7,52,71,67,68,98,Moderate,True
Tomato,12.25,19.3,59.7,6.16,658.0,114.5,84.4,63.1,25.95,614,79,9.83,156634,99,794719,407.4,100,100,100,100,100,Good,True
Tomato,10.0,20.0,61.8,6.51,670.0,98.5,61.3,28.4,27.01,599,80,7.93,115757,99,675250,483.3,100,100,100,100,100,Good,True
Tomato,10.0,7.1,18.8,8.51,120.0,21.7,67.4,74.5,4.87,779,88,2.63,124631,5,121750,-2.3,5,5,5,5,5,Poor,True
Tomato,0.5,28.0,56.9,6.14,543.0,110.8,46.5,69.9,25.87,607,80,0.41,5832,99,32338,454.5,100,100,100,100,100,Good,True
Tomato,10.0,18.4,65.7,6.1,1008.0,113.2,67.9,82.7,21.86,618,81,7.08,125364,81,546500,335.9,100,100,100,71,100,Good,True
Tomato,5.0,9.8,56.5,6.62,800.0,80.2,89.6,83.9,13.44,608,88,2.37,65957,43,168000,154.7,5,100,100,94,100,Poor,True
Tomato,1.0,17.3,50.1,5.84,1169.0,65.8,96.6,75.3,18.17,606,83,0.64,13208,68,45425,243.9,92,84,100,53,76,Moderate,True
Tomato,5.0,14.2,85.8,6.17,2186.0,143.4,47.6,97.5,10.59,718,84,1.99,62583,29,132375,111.5,55,100,25,5,95,Poor,True
Tomato,6.25,21.0,14.5,6.74,658.0,123.9,75.3,42.7,13.21,779,79,3.09,77458,43,206406,166.5,100,100,5,100,100,Poor,True
Tomato,9.0,19.7,59.5,6.45,676.0,103.2,61.6,63.7,26.65,614,82,7.28,114424,99,599625,424.0,100,100,100,100,100,Good,True
Tomato,0.5,7.8,92.4,8.21,111.0,5.8,73.1,42.0,4.9,776,88,0.13,6266,5,6125,-2.3,5,5,5,5,5,Poor,True
Tomato,2.25,24.8,55.2,6.11,549.0,95.3,84.6,97.1,25.96,592,81,1.74,30493,99,146025,378.9,100,100,100,100,100,Good,True
Tomato,7.5,42.0,51.5,6.12,631.0,113.9,64.6,62.6,13.65,621,87,3.58,93865,41,255938,172.7,5,100,100,100,100,Poor,True
Tomato,9.0,20.4,23.5,7.12,2754.0,101.2,80.3,32.3,11.05,749,79,3.93,114941,33,248625,116.3,100,91,5,5,100,Poor,True
Tomato,7.5,9.3,95.5,4.82,2709.0,6.6,48.9,22.4,5.09,784,90,2.02,87556,5,95438,9.0,5,5,5,5,5,Poor,True
Tomato,2.0,39.2,94.2,4.68,92.0,28.4,54.0,50.0,5.25,768,87,0.55,23281,5,26250,12.8,5,5,5,5,11,Poor,True
Tomato,0.5,13.9,79.1,5.79,1122.0,170.3,47.6,94.7,16.4,693,84,0.28,6169,54,20500,232.3,51,80,57,58,52,Moderate,True
Tomato,7.5,7.6,96.3,4.22,2635.0,28.7,88.1,37.8,5.31,760,90,2.04,97052,5,99562,2.6,5,5,5,5,11,Poor,True
Tomato,10.0,34.7,33.9,6.26,622.0,94.9,95.8,63.7,16.16,708,87,5.53,135730,57,404000,197.6,37,100,39,100,100,Moderate,True
Tomato,3.0,15.1,43.0,7.53,600.0,142.7,93.1,65.8,18.41,635,83,1.85,38642,67,138075,257.3,65,58,73,100,96,Moderate,True
Tomato,0.5,39.4,94.8,8.69,2923.0,10.0,70.3,52.3,4.94,789,89,0.14,6272,5,6175,-1.5,5,5,5,5,5,Poor,True
Tomato,2.25,19.7,64.6,6.48,595.0,115.9,71.2,89.5,25.73,601,81,1.8,29105,99,144731,397.3,100,100,100,100,100,Good,True
Tomato,1.0,13.9,57.7,7.91,1173.0,44.7,99.4,60.4,12.76,600,82,0.47,13845,40,31900,130.4,51,28,100,53,39,Poor,True
Tomato,9.0,16.6,57.8,6.51,763.0,19.2,55.8,22.1,12.9,591,82,4.15,106745,40,290250,171.9,84,100,100,99,5,Poor,True
Tomato,6.25,23.7,68.2,6.04,698.0,110.4,75.2,61.5,26.04,604,81,4.97,80200,99,406875,407.3,100,100,100,100,100,Good,True
Tomato,10.0,33.2,37.9,6.37,254.0,160.2,96.9,96.0,15.09,680,83,5.1,139324,49,377250,170.8,51,100,54,38,68,Moderate,True
Tomato,1.0,15.0,61.0,6.32,308.0,144.1,69.1,21.3,19.41,606,83,0.63,12319,70,48525,293.9,65,100,100,55,93,Moderate,True
Tomato,1.0,13.4,66.5,7.7,384.0,151.9,52.4,59.0,16.74,617,84,0.56,12329,57,41850,239.4,46,45,100,79,81,Moderate,True
Tomato,3.0,25.6,61.6,6.11,601.0,135.9,77.6,86.0,26.77,600,81,2.46,38223,99,200775,425.3,100,100,100,100,100,Good,True
Tomato,1.5,28.2,10.1,6.37,660.0,130.0,91.4,91.5,13.4,738,81,0.72,20335,43,50250,147.1,98,100,5,100,100,Poor,True
Tomato,4.0,16.6,57.7,6.26,583.0,185.9,87.7,26.0,16.38,607,82,2.17,48013,55,163800,241.2,84,100,100,100,27,Moderate,True
Tomato,6.25,9.6,51.1,5.86,650.0,126.5,33.3,61.7,12.74,601,86,2.99,72127,41,199062,176.0,5,87,100,100,100,Poor,True
Tomato,1.0,27.0,53.0,6.69,540.0,114.1,79.3,66.6,25.33,585,78,0.78,13351,99,63325,374.3,100,100,100,100,100,Good,True
Tomato,5.0,15.8,13.4,8.19,710.0,61.5,52.8,56.3,10.05,788,82,1.97,61192,26,125625,105.3,73,6,5,100,68,Poor,True
Tomato,12.25,26.7,64.3,5.4,1401.0,162.5,52.9,46.2,14.27,588,81,6.12,148397,48,437019,194.5,100,43,100,27,64,Moderate,True
Tomato,2.0,19.9,66.3,6.03,669.0,83.4,37.5,78.3,26.73,592,79,1.63,23564,99,133650,467.2,100,100,100,100,100,Good,True
Tomato,0.25,29.1,55.4,5.7,799.0,60.2,55.6,90.9,20.21,623,81,0.16,3162,76,12631,299.5,90,72,100,95,66,Good,True
Tomato,4.0,42.7,14.8,4.68,129.0,8.6,59.8,88.1,4.94,778,88,1.08,50635,6,49400,-2.4,5,5,5,5,5,Poor,True
Tomato,16.0,42.8,24.4,4.34,2095.0,16.5,67.0,99.8,5.09,767,88,4.36,207463,6,203600,-1.9,5,5,5,5,5,Poor,True
Tomato,5.0,41.9,15.2,4.45,141.0,17.5,83.0,20.5,4.94,763,90,1.36,61410,5,61750,0.6,5,5,5,5,5,Poor,True
Tomato,0.5,38.4,96.9,8.82,2938.0,28.8,61.5,55.4,5.06,770,89,0.13,6270,7,6325,0.9,5,5,5,5,12,Poor,True
Tomato,1.5,16.9,25.1,6.46,1080.0,67.5,81.9,73.5,12.2,782,81,0.66,19569,36,45750,133.8,87,100,5,63,78,Poor,True
Tomato,7.5,25.4,61.5,6.4,598.0,113.0,67.9,47.2,25.67,590,78,5.84,92974,98,481312,417.7,100,100,100,100,100,Good,True
Tomato,0.25,20.7,59.9,5.91,790.0,13.4,55.5,89.3,12.6,597,84,0.12,3194,39,7875,146.6,100,91,100,96,5,Poor,True
Tomato,2.0,21.2,52.8,7.1,557.0,37.9,85.1,87.3,15.22,581,80,1.1,26610,55,76100,186.0,100,92,100,100,27,Moderate,True
Tomato,2.0,16.5,55.2,5.52,1882.0,23.7,35.8,75.5,9.78,611,81,0.79,23645,27,48900,106.8,82,55,100,5,5,Poor,True
Tomato,6.25,24.2,53.0,4.03,702.0,116.8,91.8,23.4,13.27,590,80,3.06,77228,44,207344,168.5,100,5,100,100,100,Poor,True
Tomato,6.25,25.0,57.3,6.36,643.0,128.6,86.1,49.8,26.49,603,83,4.98,80481,98,413906,414.3,100,100,100,100,100,Good,True
Tomato,3.5,38.6,16.5,4.19,194.0,7.0,91.4,90.6,5.26,780,88,0.96,46451,8,46025,-0.9,5,5,5,19,5,Poor,True
Tomato,5.0,41.8,88.1,8.47,119.0,13.5,49.9,61.6,5.19,756,88,1.34,60971,5,64875,6.4,5,5,14,5,5,Poor,True
Tomato,9.0,23.2,65.0,5.4,1139.0,145.5,73.2,50.9,16.64,605,81,5.22,113149,60,374400,230.9,100,43,100,57,91,Moderate,True
Tomato,3.5,29.8,74.5,4.72,2893.0,138.1,95.6,53.8,10.9,623,84,1.41,45248,32,95375,110.8,83,5,79,5,100,Poor,True
Tomato,0.5,24.1,70.4,5.95,506.0,144.0,92.9,83.1,24.22,569,79,0.4,6907,96,30275,338.3,100,95,98,100,94,Good,True
Tomato,6.25,42.0,12.9,4.33,162.0,6.9,89.2,98.8,5.07,783,87,1.69,85249,7,79219,-7.1,5,5,5,9,5,Poor,True
Tomato,3.0,15.6,76.1,7.51,583.0,131.4,79.3,93.5,19.09,653,82,1.89,39148,69,143175,265.7,71,60,71,100,100,Moderate,True
Tomato,6.25,26.6,63.9,7.0,456.0,130.9,50.2,96.0,26.52,585,78,5.05,79697,99,414375,419.9,100,100,100,100,100,Good,True
Tomato,2.0,18.0,69.2,7.73,1269.0,40.5,34.9,37.5,14.12,581,78,1.0,23156,46,70600,204.9,100,42,100,42,32,Moderate,True
Tomato,3.5,27.1,63.4,6.67,458.0,136.3,86.9,76.6,26.38,602,81,2.77,43960,99,230825,425.1,100,100,100,100,100,Good,True
Tomato,3.0,28.4,49.4,6.44,545.0,151.6,86.5,28.5,23.44,621,80,2.22,37170,90,175800,373.0,97,100,98,100,82,Good,True
Tomato,10.0,27.1,55.1,6.61,498.0,103.4,39.4,86.9,26.08,611,80,7.91,119853,99,652000,444.0,100,100,100,100,100,Good,True
Tomato,0.5,23.6,52.3,6.03,654.0,120.9,38.8,68.5,26.54,600,81,0.41,5870,99,33175,465.2,100,100,100,100,100,Good,True
Tomato,3.5,8.1,70.7,6.89,657.0,144.5,56.4,20.6,13.28,604,89,1.63,40621,46,116200,186.1,5,100,97,100,93,Poor,True
Tomato,10.0,37.6,12.4,4.21,74.0,15.8,62.4,21.9,5.08,761,87,2.64,120200,8,127000,5.7,9,5,5,5,5,Poor,True
Tomato,10.0,38.2,14.7,4.41,63.0,11.8,85.1,92.0,4.94,759,89,2.66,132547,5,123500,-6.8,5,5,5,5,5,Poor,True
Tomato,0.5,21.0,56.3,6.6,624.0,135.4,63.6,45.7,26.23,602,80,0.39,6057,99,32788,441.3,100,100,100,100,100,Good,True
Tomato,1.0,25.4,60.2,6.17,654.0,121.7,82.3,49.1,26.33,584,80,0.82,13198,99,65825,398.7,100,100,100,100,100,Good,True
Tomato,2.0,41.4,14.8,4.3,179.0,19.1,52.8,69.5,5.34,754,90,0.55,24487,5,26700,9.0,5,5,5,14,5,Poor,True
Tomato,3.5,25.4,79.8,7.35,1415.0,179.9,68.8,78.4,12.78,683,78,1.68,45536,41,111825,145.6,100,72,53,26,37,Poor,True
Tomato,4.0,39.7,15.5,4.15,116.0,6.8,62.8,25.1,4.83,774,89,1.1,48871,7,48300,-1.2,5,5,5,5,5,Poor,True
Tomato,9.0,19.0,13.0,7.23,727.0,70.9,94.8,72.4,12.45,778,79,4.03,125429,39,280125,123.3,100,82,5,100,84,Poor,True
Tomato,6.25,26.7,97.4,6.46,534.0,92.6,42.7,32.4,13.46,784,80,3.03,74031,43,210312,184.1,100,100,5,100,100,Poor,True
Tomato,9.0,24.2,61.1,6.43,707.0,117.2,96.9,92.8,25.62,603,79,7.35,123338,98,576450,367.4,100,100,100,100,100,Good,True
Tomato,2.0,20.0,52.6,6.61,656.0,122.2,45.0,53.0,26.32,611,80,1.58,24399,99,131600,439.4,100,100,100,100,100,Good,True
Tomato,9.0,11.8,19.1,6.14,1048.0,170.8,35.3,44.3,10.01,791,85,3.58,102816,27,225225,119.1,27,100,5,67,51,Poor,True
Tomato,0.5,8.2,16.2,4.95,2916.0,17.5,64.2,71.6,5.12,788,89,0.13,6004,5,6400,6.6,5,5,5,5,5,Poor,True
Tomato,16.0,42.2,18.8,4.18,171.0,9.3,95.9,65.7,5.14,806,91,4.31,215705,7,205600,-4.7,5,5,5,12,5,Poor,True
Tomato,4.0,21.8,50.6,8.66,675.0,149.4,72.8,78.0,13.14,594,81,1.87,51700,42,131400,154.2,100,5,100,100,85,Poor,True
Tomato,2.0,25.9,66.9,6.96,516.0,124.0,42.6,55.7,24.93,612,83,1.57,23344,99,124650,434.0,100,100,100,100,100,Good,True
Tomato,3.0,19.6,61.1,6.83,531.0,130.5,87.7,88.8,26.17,596,80,2.33,39497,99,196275,396.9,100,100,100,100,100,Good,True
Tomato,3.0,31.8,78.2,7.79,1430.0,139.0,60.7,34.9,12.71,653,84,1.41,37072,40,95325,157.1,64,37,61,24,100,Poor,True
Tomato,1.0,21.2,53.9,5.44,354.0,113.3,42.2,25.6,18.41,594,80,0.6,11231,64,46025,309.8,100,47,100,70,100,Moderate,True
Tomato,10.0,7.2,32.2,8.51,1459.0,105.4,64.8,29.0,8.23,748,92,3.45,123349,19,205750,66.8,5,5,32,21,100,Poor,True
Tomato,0.5,40.4,19.0,4.26,137.0,13.4,94.0,39.4,5.02,765,89,0.13,6459,5,6275,-2.8,5,5,5,5,5,Poor,True
Tomato,5.0,24.5,10.4,5.84,698.0,112.3,39.4,49.1,12.78,790,80,2.32,58869,41,159750,171.4,100,84,5,100,100,Poor,True
Tomato,4.0,30.8,67.6,5.67,861.0,143.9,81.0,78.1,20.83,601,83,2.67,52311,74,208300,298.2,74,68,100,88,94,Good,True
Tomato,3.5,33.5,83.3,6.21,989.0,154.8,33.8,35.1,15.49,686,86,1.79,39799,51,135538,240.6,47,100,37,73,77,Moderate,True
Tomato,1.0,39.6,68.2,7.1,557.0,134.9,72.5,95.2,13.45,597,88,0.48,13000,40,33625,158.7,5,92,100,100,100,Poor,True
Tomato,12.25,40.1,90.1,4.8,125.0,29.0,94.6,83.2,5.07,773,89,3.26,162411,7,155269,-4.4,5,5,5,5,12,Poor,True
Tomato,3.0,28.9,42.7,7.51,735.0,174.6,87.0,23.2,17.99,646,80,1.83,36886,62,134925,265.8,92,60,72,100,45,Moderate,True
Tomato,1.0,19.1,58.7,6.43,742.0,108.0,31.2,98.2,25.95,594,80,0.8,12137,99,64875,434.5,100,100,100,100,100,Good,True
Tomato,12.25,14.5,44.9,4.41,1761.0,158.8,52.5,56.8,9.3,607,83,4.55,153095,21,284812,86.0,58,5,81,5,70,Poor,True
Tomato,3.5,7.4,23.3,4.03,2622.0,24.9,36.5,35.9,5.28,771,92,0.94,43127,6,46200,7.1,5,5,5,5,5,Poor,True
Tomato,4.0,27.9,68.0,6.64,717.0,136.1,49.4,89.4,26.11,602,81,3.18,48928,99,261100,433.6,100,100,100,100,100,Good,True
Tomato,0.25,19.9,58.5,6.85,702.0,91.1,65.8,24.5,26.1,626,81,0.2,3054,99,16312,434.1,100,100,100,100,100,Good,True
Tomato,3.5,42.5,88.8,4.11,108.0,8.5,41.0,89.3,5.15,787,86,0.94,42095,5,45063,7.1,5,5,11,5,5,Poor,True
Tomato,4.0,42.0,96.4,6.05,2283.0,27.9,38.1,81.7,7.3,772,89,1.31,47740,14,73000,52.9,5,100,5,5,10,Poor,True
Tomato,3.0,16.8,78.0,7.5,1328.0,95.6,77.1,29.3,15.12,677,82,1.64,37555,51,113400,202.0,85,61,62,35,100,Moderate,True
Tomato,6.25,20.8,54.9,5.79,90.0,131.6,32.9,69.4,12.61,594,83,2.88,72327,43,197031,172.4,100,80,100,5,100,Poor,True
Tomato,4.0,34.5,66.5,6.98,1399.0,189.3,32.2,30.9,12.83,598,84,1.86,44642,39,128300,187.4,38,100,100,27,22,Poor,True
Tomato,3.5,22.7,78.1,6.0,1253.0,114.7,54.0,79.4,17.75,668,80,2.08,44309,60,155312,250.5,100,100,61,44,100,Moderate,True
Tomato,2.25,30.6,43.5,6.58,1038.0,139.0,67.0,55.0,20.9,664,81,1.47,28649,76,117562,310.4,75,100,75,68,100,Good,True
Tomato,1.0,28.2,82.6,5.47,643.0,86.2,47.4,94.0,17.53,702,80,0.59,12139,57,43825,261.0,98,50,40,100,100,Moderate,True
Tomato,10.0,17.2,94.6,6.46,695.0,129.5,56.6,36.7,12.92,755,80,4.7,121256,42,323000,166.4,91,100,5,100,100,Poor,True
Tomato,16.0,27.3,59.1,6.4,471.0,124.0,30.9,34.3,25.51,588,82,12.84,180694,99,1020400,464.7,100,100,100,100,100,Good,True
Tomato,9.0,41.0,89.0,4.21,135.0,32.7,90.2,66.1,5.45,730,88,2.54,116201,7,122625,5.5,5,5,10,5,18,Poor,True
Tomato,0.5,22.9,69.8,6.2,611.0,120.3,52.9,30.8,26.74,613,81,0.41,5885,95,33425,468.0,100,100,100,100,100,Good,True
Tomato,0.25,24.7,82.3,7.57,1012.0,41.0,71.7,50.0,13.92,694,82,0.12,2983,47,8700,191.7,100,55,42,71,33,Moderate,True
Tomato,1.0,41.5,74.9,6.27,588.0,130.4,99.6,48.0,12.65,643,88,0.49,12550,40,31625,152.0,5,100,77,100,100,Poor,True
Tomato,16.0,20.2,81.2,8.05,2234.0,0.2,95.1,77.3,8.27,667,82,5.61,208491,20,330800,58.7,100,17,47,5,5,Poor,True
Tomato,2.25,24.0,62.8,6.45,666.0,132.1,69.8,47.6,25.63,588,78,1.78,27344,99,144169,427.2,100,100,100,100,100,Good,True
Tomato,7.5,36.2,62.5,8.12,2351.0,45.8,61.8,31.4,8.23,595,86,2.7,93656,20,154312,64.8,22,12,100,5,41,Poor,True
Tomato,5.0,19.4,65.0,6.89,534.0,87.1,43.4,94.8,26.44,604,80,4.0,61545,98,330500,437.0,100,100,100,100,100,Good,True
Tomato,3.5,18.7,56.1,6.43,533.0,119.1,68.5,63.2,26.32,595,80,2.82,44203,99,230300,421.0,100,100,100,100,100,Good,True
Tomato,0.25,7.5,14.8,5.07,90.0,17.7,55.3,33.0,4.9,770,87,0.1,2939,5,3062,4.2,5,11,5,5,5,Poor,True
Tomato,5.0,16.1,39.5,7.48,404.0,94.6,46.2,59.6,19.38,674,82,3.16,60669,68,242250,299.3,78,62,60,86,100,Moderate,True
Tomato,3.0,27.4,64.7,7.29,1140.0,36.8,34.2,67.9,14.87,589,80,1.51,34805,48,111525,220.4,100,77,100,56,25,Moderate,True
Tomato,3.5,7.2,53.4,6.98,687.0,116.4,60.2,89.0,13.2,605,90,1.71,44643,43,115500,158.7,5,100,100,100,100,Poor,True
Tomato,1.5,37.2,12.3,4.1,92.0,14.8,93.1,47.4,5.09,776,89,0.4,19862,5,19088,-3.9,13,5,5,5,5,Poor,True
Tomato,3.5,24.5,57.5,6.2,719.0,124.8,48.3,89.1,25.34,609,81,2.85,44689,99,221725,396.2,100,100,100,100,100,Good,True
Tomato,0.25,9.3,95.1,4.04,2871.0,33.7,69.5,81.5,5.47,783,88,0.1,3163,7,3419,8.1,5,5,5,5,20,Poor,True
Tomato,12.25,22.4,62.4,6.92,455.0,92.8,61.6,53.9,25.62,608,78,9.86,153531,98,784613,411.0,100,100,100,100,100,Good,True
Tomato,10.0,36.5,66.1,5.85,1811.0,155.7,54.4,42.8,10.36,583,89,4.03,115056,32,259000,125.1,20,86,100,5,75,Poor,True
Tomato,3.5,19.7,24.2,5.91,497.0,82.6,39.6,84.8,13.58,799,81,1.68,41368,45,118825,187.2,100,91,5,100,100,Poor,True
Tomato,0.25,17.6,72.8,6.47,93.0,98.7,83.8,83.8,12.86,638,81,0.12,3367,41,8038,138.7,95,100,87,5,100,Poor,True
Tomato,9.0,8.1,95.4,8.09,2920.0,9.9,66.1,63.5,5.02,774,90,2.52,114379,5,112950,-1.2,5,14,5,5,5,Poor,True
Tomato,0.5,24.6,51.3,6.96,644.0,137.6,66.2,85.0,26.63,600,78,0.38,6567,99,33288,406.9,100,100,100,100,100,Good,True
Tomato,12.25,16.4,75.3,6.62,946.0,171.9,76.9,55.8,18.28,639,81,7.38,161048,65,559825,247.6,81,100,75,78,49,Moderate,True
Tomato,10.0,19.5,54.9,6.61,560.0,126.1,40.4,22.4,25.24,629,79,8.02,114707,99,631000,450.1,100,100,100,100,100,Good,True
Tomato,0.25,42.2,72.4,5.72,443.0,116.6,35.9,60.7,12.61,622,88,0.11,2960,40,7881,166.2,5,73,88,98,100,Poor,True
Tomato,5.0,21.3,19.1,4.27,2167.0,66.4,97.8,85.0,8.84,759,78,1.88,69134,19,110500,59.8,100,5,5,5,77,Poor,True
Tomato,5.0,29.0,51.2,8.62,796.0,123.2,64.4,36.0,13.12,585,80,2.34,62404,40,164000,162.8,90,5,100,95,100,Poor,True
Tomato,7.5,24.0,67.9,6.67,652.0,128.4,58.0,29.1,26.6,597,80,5.97,90282,99,498750,452.4,100,100,100,100,100,Good,True
Tomato,1.5,19.1,67.1,6.21,643.0,111.0,43.8,21.4,25.28,595,80,1.2,17142,99,94800,453.0,100,100,100,100,100,Good,True
Tomato,1.0,39.1,95.0,4.6,103.0,23.2,41.0,84.8,4.88,803,90,0.26,12347,7,12200,-1.2,5,5,5,5,5,Poor,True
Tomato,5.0,42.5,23.6,4.09,2579.0,5.6,34.0,41.3,5.07,765,90,1.36,57564,5,63375,10.1,5,5,5,5,5,Poor,True
Tomato,7.5,37.6,20.1,8.05,1774.0,6.1,82.4,41.0,5.41,751,90,2.15,94941,8,101438,6.8,9,17,5,5,5,Poor,True
Tomato,1.5,6.9,93.6,4.69,1841.0,23.3,65.1,84.6,5.08,751,88,0.4,19473,7,19050,-2.2,5,5,5,5,5,Poor,True
Tomato,0.5,16.9,84.7,8.11,2795.0,79.0,72.4,99.2,9.86,728,80,0.19,6304,27,12325,95.5,87,12,30,5,98,Poor,True
Tomato,2.0,26.6,72.1,7.66,1394.0,180.7,74.7,71.8,13.47,614,82,0.97,25865,43,67350,160.4,100,48,90,28,36,Poor,True
Tomato,12.25,38.4,15.9,4.55,172.0,10.7,69.0,43.4,5.11,765,89,3.41,147571,6,156494,6.0,5,5,5,12,5,Poor,True
Tomato,1.5,22.9,62.9,6.04,1209.0,50.3,58.8,50.6,18.79,606,79,0.93,18780,66,70462,275.2,100,100,100,49,49,Moderate,True
Tomato,1.5,18.1,51.3,7.78,432.0,119.1,37.0,37.3,17.68,614,80,0.92,17424,64,66300,280.5,100,39,100,94,100,Moderate,True
Tomato,5.0,23.9,68.4,6.95,704.0,131.4,50.1,23.9,25.39,580,80,4.14,59242,99,317375,435.7,100,100,100,100,100,Good,True
Tomato,1.0,24.2,34.0,5.17,605.0,64.5,42.8,79.0,13.76,734,80,0.46,11857,42,34400,190.1,100,21,39,100,73,Poor,True
Tomato,1.0,19.5,49.4,6.58,1469.0,153.4,97.7,73.6,14.84,587,80,0.51,13868,51,37100,167.5,100,100,98,20,79,Moderate,True
Tomato,6.25,28.7,54.5,6.97,797.0,10.8,69.8,29.1,13.15,596,80,2.91,77062,42,205469,166.6,94,100,100,95,5,Poor,True
Tomato,0.25,41.3,18.1,4.05,173.0,9.0,91.8,87.8,5.15,776,90,0.1,3311,5,3219,-2.8,5,5,5,12,5,Poor,True
Tomato,5.0,9.8,18.1,4.13,2523.0,7.9,95.2,94.9,5.18,760,90,1.33,67358,5,64750,-3.9,5,5,5,5,5,Poor,True
Tomato,2.0,43.6,18.0,4.19,153.0,16.3,70.0,67.6,5.12,772,92,0.54,26051,8,25600,-1.7,5,5,5,6,5,Poor,True
Tomato,4.0,24.4,52.6,6.15,548.0,104.1,91.9,82.4,27.4,593,80,3.17,53386,99,274000,413.2,100,100,100,100,100,Good,True
Tomato,6.25,22.9,23.2,4.56,2930.0,192.5,81.2,63.0,7.54,791,79,2.04,80514,15,117812,46.3,100,5,5,5,17,Poor,True
Tomato,4.0,30.0,96.8,8.64,1574.0,163.1,89.6,97.6,8.15,774,85,1.43,54815,20,81500,48.7,81,5,5,8,63,Poor,True
Tomato,1.0,33.4,46.9,6.36,745.0,119.6,95.0,91.5,18.35,621,87,0.61,13787,69,45875,232.7,49,100,88,100,100,Moderate,True
Tomato,6.25,39.1,11.4,4.61,118.0,18.2,54.9,61.1,5.09,761,89,1.64,74825,5,79531,6.3,5,5,5,5,5,Poor,True
Tomato,7.5,43.5,15.7,4.35,126.0,11.6,30.8,33.8,5.01,769,88,2.01,85237,5,93937,10.2,5,5,5,5,5,Poor,True
Tomato,12.25,38.3,50.2,5.98,776.0,141.2,52.4,73.3,13.57,609,89,5.86,150117,39,415581,176.8,5,98,100,97,98,Poor,True
Tomato,5.0,19.5,62.8,6.27,1132.0,114.4,88.0,34.4,20.79,598,81,3.22,62947,76,259875,312.8,100,100,100,57,100,Moderate,True
Tomato,9.0,40.4,19.7,8.46,127.0,23.0,59.6,92.3,4.99,771,89,2.4,113279,5,112275,-0.9,5,5,5,5,5,Poor,True
Tomato,16.0,38.1,17.3,4.31,191.0,15.1,89.4,73.2,5.18,783,89,4.39,211595,5,207200,-2.1,5,5,5,18,5,Poor,True
Tomato,2.25,7.0,13.9,5.77,2169.0,51.7,85.3,83.2,7.74,772,89,0.76,29973,16,43538,45.3,5,78,5,5,51,Poor,True
Tomato,3.5,30.8,39.2,5.41,671.0,111.1,59.6,48.4,17.45,690,84,1.96,43498,61,152688,251.0,74,44,59,100,100,Moderate,True
Tomato,10.0,24.2,51.1,6.51,564.0,108.5,33.1,92.0,25.57,608,81,8.07,119810,99,639250,433.6,100,100,100,100,100,Good,True
Tomato,9.0,17.1,12.7,6.19,553.0,133.3,53.3,50.2,12.99,794,82,4.21,110004,45,292275,165.7,89,100,5,100,100,Poor,True
Tomato,3.5,28.0,34.6,7.14,954.0,73.7,37.5,94.5,16.95,691,78,2.0,43705,61,148312,239.3,100,89,42,77,89,Moderate,True
Tomato,2.0,21.0,58.0,6.38,653.0,21.0,86.3,73.6,13.33,611,80,0.95,26053,43,66650,155.8,100,100,100,100,5,Poor,True
Tomato,9.0,20.9,36.4,4.23,1854.0,84.3,74.8,86.8,10.11,718,79,3.66,116989,28,227475,94.4,100,5,48,5,100,Poor,True
Tomato,12.25,19.3,66.1,6.71,489.0,93.2,56.3,63.7,25.56,600,80,9.87,149938,99,782775,422.1,100,100,100,100,100,Good,True
Tomato,1.0,33.8,94.2,6.15,870.0,102.3,40.6,55.5,11.87,781,83,0.46,11807,36,29675,151.3,45,100,5,87,100,Poor,True
Tomato,3.5,25.9,18.4,6.26,725.0,107.2,41.2,94.7,14.0,772,81,1.68,41554,45,122500,194.8,100,100,5,100,100,Poor,True
Tomato,4.0,30.8,48.0,5.85,745.0,54.2,70.6,39.5,19.77,600,82,2.57,49198,68,197700,301.8,73,85,93,100,55,Moderate,True
Tomato,7.5,20.7,68.1,5.7,1459.0,155.7,74.1,42.0,14.6,611,79,3.81,92244,48,273750,196.8,100,72,100,21,75,Moderate,True
Tomato,7.5,13.1,40.4,5.7,1450.0,45.1,68.3,20.0,11.75,664,89,3.2,92929,35,220312,137.1,41,72,63,22,40,Poor,True
Tomato,5.0,24.5,66.5,6.91,674.0,96.9,97.7,96.8,25.46,604,79,4.01,67251,99,318250,373.2,100,100,100,100,100,Good,True
Tomato,12.25,21.9,65.6,6.94,618.0,111.2,84.5,41.3,26.7,585,79,9.88,154803,99,817688,428.2,100,100,100,100,100,Good,True
Tomato,0.25,17.1,72.9,6.13,103.0,88.7,91.6,31.0,13.19,633,81,0.12,3162,41,8244,160.7,89,100,86,5,100,Poor,True
Tomato,4.0,17.4,62.1,8.32,414.0,104.8,72.1,25.5,12.92,588,79,1.83,47556,41,129200,171.7,93,5,100,89,100,Poor,True
Tomato,2.0,5.9,85.0,4.45,314.0,199.7,37.9,91.7,6.76,719,90,0.63,25034,12,33800,35.0,5,5,29,57,5,Poor,True
Tomato,0.25,27.7,67.9,6.66,708.0,85.7,99.6,39.9,25.52,619,80,0.19,3141,99,15950,407.8,100,100,100,100,100,Good,True
Tomato,3.5,21.8,57.7,6.17,1471.0,147.5,76.3,99.0,15.55,596,80,1.91,46963,50,136062,189.7,100,100,100,19,88,Moderate,True
Tomato,1.0,22.1,38.7,6.45,738.0,94.5,74.8,33.1,20.23,689,79,0.65,12226,74,50575,313.7,100,100,57,100,100,Moderate,True
Tomato,12.25,18.1,62.2,6.97,707.0,95.1,87.5,36.4,26.26,594,81,9.61,155488,98,804212,417.2,100,100,100,100,100,Good,True
Tomato,5.0,25.9,63.0,6.82,743.0,95.1,58.5,38.6,25.71,582,79,4.04,61447,98,321375,423.0,100,100,100,100,100,Good,True
Tomato,5.0,26.3,64.7,6.28,676.0,94.7,63.3,52.6,25.6,587,81,3.9,62089,99,320000,415.4,100,100,100,100,100,Good,True
Tomato,0.25,16.4,58.3,7.73,451.0,73.8,30.0,34.9,18.47,606,85,0.15,2862,62,11544,303.4,82,42,100,100,89,Moderate,True
Tomato,4.0,42.5,88.9,4.94,2939.0,19.9,48.4,69.3,5.01,756,88,1.1,48447,5,50100,3.4,5,5,10,5,5,Poor,True
Tomato,3.0,24.7,68.0,6.24,487.0,130.1,60.0,72.0,26.34,608,79,2.49,37304,99,197550,429.6,100,100,100,100,100,Good,True
Tomato,4.0,32.9,78.8,7.78,939.0,88.4,91.1,75.8,15.09,686,85,2.16,52662,53,150900,186.5,53,38,58,79,100,Moderate,True
Tomato,1.0,41.7,88.6,5.08,1777.0,22.8,70.1,63.7,5.13,733,90,0.27,12330,7,12825,4.0,5,12,11,5,5,Poor,True
Tomato,16.0,34.2,64.0,7.51,380.0,74.0,32.9,63.3,16.16,602,85,9.05,187665,56,646400,244.4,41,60,100,78,90,Moderate,True
Tomato,2.25,25.4,76.5,6.34,1215.0,74.7,93.5,20.2,18.25,654,80,1.41,28338,68,102656,262.3,100,100,69,48,91,Moderate,True
Tomato,10.0,21.0,85.0,4.73,887.0,88.6,59.0,87.8,11.1,700,80,4.32,125242,34,277500,121.6,100,5,29,85,100,Poor,True
Tomato,16.0,24.7,75.9,6.7,789.0,184.0,37.3,38.1,15.76,664,82,9.0,179561,57,630400,251.1,100,100,72,96,30,Moderate,True
Tomato,3.0,19.5,62.9,5.93,945.0,59.1,52.9,34.8,21.35,578,78,1.96,34828,78,160125,359.8,100,93,100,78,64,Good,True
Tomato,12.25,13.3,34.9,5.79,1032.0,68.9,57.6,50.1,16.2,706,87,6.55,147060,51,496125,237.4,45,80,43,69,81,Moderate,True
Tomato,9.0,18.1,69.1,6.3,588.0,103.7,48.6,53.8,25.53,602,80,7.47,103731,99,574425,453.8,100,100,100,100,100,Good,True
Tomato,4.0,8.7,93.8,8.46,2813.0,15.2,48.3,45.1,4.94,760,87,1.08,47759,5,49400,3.4,5,5,5,5,5,Poor,True
Tomato,2.0,5.6,66.9,6.8,656.0,91.4,34.1,75.0,13.36,594,91,0.97,23556,44,66800,183.6,5,100,100,100,100,Poor,True
Tomato,16.0,24.1,42.5,7.48,1206.0,139.0,54.6,25.6,17.47,624,80,9.13,181952,64,698800,284.1,100,62,72,49,100,Moderate,True
Tomato,0.5,22.1,66.6,6.44,501.0,137.3,35.5,74.6,26.43,596,78,0.4,5500,99,33038,500.7,100,100,100,100,100,Good,True
Tomato,1.5,26.3,54.0,6.37,658.0,136.7,34.3,86.6,25.66,619,80,1.19,17746,99,96225,442.2,100,100,100,100,100,Good,True
Tomato,0.5,26.3,44.1,6.87,1370.0,121.3,67.6,81.7,16.2,665,80,0.28,6537,59,20250,209.8,100,100,77,31,100,Moderate,True
Tomato,1.0,17.4,73.6,7.08,2103.0,101.3,98.3,71.8,12.46,642,79,0.46,13078,40,31150,138.2,92,94,83,5,100,Poor,True
Tomato,1.5,40.5,88.6,8.02,2018.0,10.4,50.5,50.1,5.53,766,89,0.41,17723,7,20738,17.0,5,19,12,5,5,Poor,True
Tomato,1.0,42.2,92.1,4.95,2904.0,17.7,55.5,80.5,4.96,749,88,0.28,12588,5,12400,-1.5,5,5,5,5,5,Poor,True
Tomato,0.25,24.4,69.6,8.22,650.0,72.8,84.8,44.7,13.4,608,80,0.12,3200,42,8375,161.7,100,5,100,100,88,Poor,True
Tomato,2.25,25.8,55.2,6.38,614.0,139.7,52.3,37.7,25.8,613,80,1.75,27483,99,145125,428.1,100,100,100,100,100,Good,True
Tomato,6.25,25.6,64.8,6.58,524.0,21.1,32.0,30.5,13.55,604,81,3.05,72986,43,211719,190.1,100,100,100,100,5,Poor,True
Tomato,7.5,39.3,43.3,7.99,2640.0,156.7,89.8,34.7,8.48,622,90,2.69,95727,20,159000,66.1,5,21,74,5,74,Poor,True
Tomato,9.0,26.5,70.6,6.08,84.0,136.3,57.8,46.7,13.23,603,80,4.31,110786,44,297675,168.7,100,100,97,5,100,Poor,True
Tomato,0.5,23.6,66.7,6.38,473.0,117.4,72.6,38.3,25.6,594,80,0.4,5927,99,32000,439.9,100,100,100,100,100,Good,True
Tomato,1.0,33.8,48.5,6.98,986.0,58.2,33.8,75.6,17.19,618,84,0.56,11799,60,42975,264.2,45,100,94,74,62,Moderate,True
Tomato,4.0,27.2,38.2,5.9,1409.0,177.9,77.3,32.8,13.44,699,81,2.02,49896,46,134400,169.4,100,90,55,26,40,Poor,True
Tomato,1.0,12.5,25.7,5.47,2894.0,159.6,60.0,90.5,8.14,760,88,0.33,12628,19,20350,61.1,34,50,8,5,69,Poor,True
Tomato,4.0,32.8,52.7,6.01,2315.0,122.7,57.3,28.3,12.0,599,84,1.88,47777,37,120000,151.2,55,100,100,5,100,Poor,True
Tomato,5.0,21.8,32.2,6.81,403.0,68.1,42.4,76.7,15.94,726,79,2.73,59631,58,199250,234.1,100,100,32,85,80,Moderate,True
Tomato,1.0,43.5,58.2,5.83,493.0,77.8,67.3,61.4,13.17,578,90,0.48,12687,40,32925,159.5,5,84,100,100,96,Poor,True
Tomato,2.0,17.5,50.4,5.76,149.0,149.1,37.6,67.1,12.52,603,82,0.89,23605,40,62600,165.2,94,77,100,5,86,Poor,True
Tomato,3.5,28.5,71.2,5.48,726.0,148.0,98.7,58.5,19.22,612,81,2.16,44680,67,168175,276.4,95,50,94,100,87,Moderate,True
Tomato,5.0,8.0,89.7,4.53,145.0,34.8,58.6,41.0,5.4,770,87,1.38,62845,10,67500,7.4,5,5,6,5,22,Poor,True
Tomato,9.0,6.7,13.9,4.06,2838.0,11.8,54.2,67.1,4.94,760,89,2.42,113474,5,111150,-2.0,5,5,5,5,5,Poor,True
Tomato,3.5,20.7,58.4,6.36,555.0,87.9,57.0,80.2,26.19,585,82,2.74,45438,99,229163,404.3,100,100,100,100,100,Good,True
Tomato,2.0,6.9,59.9,8.87,1943.0,73.7,48.5,61.1,9.21,597,91,0.73,23910,22,46050,92.6,5,5,100,5,89,Poor,True
Tomato,16.0,26.6,65.0,6.57,597.0,95.4,51.7,29.9,27.14,612,81,12.43,189914,99,1085600,471.6,100,100,100,100,100,Good,True
Tomato,12.25,15.0,48.2,7.51,1140.0,156.8,69.0,80.1,17.65,607,82,7.2,156447,63,540531,245.5,65,59,93,56,73,Moderate,True
Tomato,6.25,19.7,75.7,6.9,617.0,145.6,65.2,90.3,22.63,646,81,4.21,83664,80,353594,322.6,100,100,73,100,91,Good,True
Tomato,1.5,21.2,66.6,6.04,522.0,105.5,55.3,80.2,25.48,576,79,1.21,18581,99,95550,414.2,100,100,100,100,100,Good,True
Tomato,16.0,27.4,83.2,7.35,490.0,124.5,96.5,23.8,16.91,713,82,8.92,200165,58,676400,237.9,100,72,37,100,100,Moderate,True
Tomato,10.0,39.6,90.9,4.41,139.0,33.3,40.8,77.0,5.39,787,89,2.75,122307,11,134750,10.2,5,5,5,5,19,Poor,True
Tomato,10.0,18.4,63.7,5.72,340.0,163.3,61.3,81.6,20.0,601,77,6.42,130531,68,500000,283.1,100,73,100,65,63,Moderate,True
Tomato,2.0,22.2,68.8,6.68,648.0,103.1,73.0,78.9,25.02,620,80,1.53,26565,99,125100,370.9,100,100,100,100,100,Good,True
Tomato,12.25,9.9,97.0,8.22,125.0,19.7,32.1,89.4,5.02,755,88,3.21,147044,5,153738,4.6,5,5,5,5,5,Poor,True
Tomato,12.25,29.1,32.4,7.62,959.0,141.0,68.9,50.4,15.28,734,83,6.34,150788,52,467950,210.3,89,51,33,77,98,Moderate,True
Tomato,4.0,22.7,56.3,6.36,572.0,137.1,41.9,25.8,25.97,600,81,3.08,45568,97,259700,469.9,100,100,100,100,100,Good,True
Tomato,2.25,22.0,67.9,6.76,587.0,126.4,63.2,77.1,26.23,630,81,1.83,27985,98,147544,427.2,100,100,100,100,100,Good,True
Tomato,1.0,23.8,68.6,6.11,478.0,123.0,75.9,24.9,26.57,604,80,0.81,12497,98,66425,431.5,100,100,100,100,100,Good,True
Tomato,1.0,40.6,96.3,4.39,107.0,14.7,68.2,86.4,4.76,773,90,0.26,13185,5,11900,-9.7,5,5,5,5,5,Poor,True
Tomato,16.0,25.8,64.0,6.09,636.0,132.4,48.7,91.5,26.06,608,80,13.08,198513,99,1042400,425.1,100,100,100,100,100,Good,True
Tomato,10.0,30.9,48.8,7.37,314.0,36.1,53.2,38.4,14.3,627,81,4.83,119171,45,357500,200.0,73,71,95,57,24,Poor,True
Tomato,9.0,23.9,60.5,5.49,542.0,144.2,51.4,22.9,19.53,592,78,5.72,102863,72,439425,327.2,100,51,100,100,93,Moderate,True
Tomato,4.0,29.0,34.3,7.67,934.0,112.9,94.5,76.0,16.24,695,81,2.21,53941,56,162400,201.1,90,47,40,79,100,Moderate,True
Tomato,12.25,8.5,92.0,4.61,139.0,13.4,47.8,73.6,5.1,763,88,3.34,153494,5,156188,1.8,5,5,5,5,5,Poor,True
Tomato,10.0,21.8,62.9,4.26,699.0,102.1,87.4,90.3,13.21,591,80,4.85,129805,44,330250,154.4,100,5,100,100,100,Poor,True
Tomato,10.0,20.1,57.3,6.76,673.0,104.9,78.2,58.0,25.81,613,80,8.01,128492,99,645250,402.2,100,100,100,100,100,Good,True
Tomato,16.0,29.8,50.5,7.92,411.0,128.4,75.6,92.8,15.59,604,83,8.65,213889,55,623600,191.6,83,27,100,88,100,Moderate,True
Tomato,10.0,42.1,13.2,4.51,68.0,13.0,97.2,61.0,5.34,761,90,2.67,131420,5,133500,1.6,5,5,5,5,5,Poor,True
Tomato,3.0,40.2,93.7,5.19,142.0,14.2,99.0,58.5,5.36,783,89,0.82,40327,9,40200,-0.3,5,23,5,5,5,Poor,True
Tomato,6.25,21.6,56.2,6.88,527.0,101.2,79.2,87.0,26.2,576,79,4.98,81817,99,409375,400.4,100,100,100,100,100,Good,True
Tomato,3.5,26.4,69.5,6.33,506.0,138.7,37.3,87.2,25.95,608,82,2.86,43359,99,227062,423.7,100,100,100,100,100,Good,True
Tomato,10.0,41.8,12.5,4.19,172.0,17.9,99.1,63.2,5.25,772,88,2.66,134350,5,131250,-2.3,5,5,5,12,5,Poor,True
Tomato,3.0,43.5,73.9,4.88,483.0,40.7,69.0,38.1,9.42,641,89,1.14,37130,26,70650,90.3,5,5,81,100,32,Poor,True
Tomato,2.25,28.3,57.8,6.53,66.0,72.7,40.6,29.0,13.12,583,80,1.08,27100,41,73800,172.3,97,100,100,5,87,Poor,True
Tomato,5.0,20.7,45.9,6.58,433.0,15.0,57.4,85.4,12.9,650,78,2.36,61392,40,161250,162.7,100,100,84,95,5,Poor,True
Tomato,5.0,25.2,63.3,6.07,648.0,135.8,96.1,65.3,25.92,611,81,3.95,65820,99,324000,392.3,100,100,100,100,100,Good,True
Tomato,2.25,18.4,51.3,6.2,533.0,90.2,98.8,61.4,25.62,594,79,1.85,29574,99,144112,387.3,100,100,100,100,100,Good,True
Tomato,3.5,14.0,83.0,7.0,1377.0,189.9,66.0,24.0,11.23,712,83,1.5,44267,34,98262,122.0,52,100,38,30,21,Poor,True
Tomato,1.0,18.1,69.1,6.0,724.0,16.1,44.8,31.7,12.97,604,81,0.49,11236,44,32425,188.6,100,100,100,100,5,Poor,True
Tomato,1.5,6.8,20.5,4.93,610.0,0.4,34.4,61.8,7.22,747,89,0.5,17006,13,27075,59.2,5,5,5,100,5,Poor,True
Tomato,16.0,40.2,13.8,4.04,54.0,17.6,71.8,89.4,4.96,748,89,4.26,199768,5,198400,-0.7,5,5,5,5,5,Poor,True
Tomato,5.0,17.2,57.2,6.72,121.0,132.8,87.2,35.1,12.81,601,81,2.39,63125,43,160125,153.7,91,100,100,5,100,Poor,True
Tomato,2.0,19.0,65.7,6.85,672.0,112.4,56.9,27.4,25.71,595,82,1.57,24142,99,128550,432.5,100,100,100,100,100,Good,True
Tomato,1.0,13.3,82.4,6.68,1217.0,75.0,34.3,78.0,15.76,712,85,0.56,11939,55,39400,230.0,44,100,41,48,91,Moderate,True
Tomato,2.0,27.1,68.1,6.83,519.0,123.6,92.8,43.1,25.7,588,81,1.57,25958,99,128500,395.0,100,100,100,100,100,Good,True
Tomato,2.0,21.2,58.0,6.09,615.0,115.0,52.4,39.5,25.55,601,80,1.57,24076,99,127750,430.6,100,100,100,100,100,Good,True
Tomato,0.25,43.6,15.9,4.6,168.0,9.1,84.8,81.3,5.21,785,88,0.1,3133,5,3256,3.9,5,5,5,11,5,Poor,True
Tomato,6.25,37.8,96.7,5.0,80.0,18.7,82.6,93.3,4.88,772,90,1.68,83164,5,76250,-8.3,7,5,5,5,5,Poor,True
Tomato,0.5,19.8,60.5,6.62,898.0,158.4,30.2,85.4,22.18,597,80,0.34,5983,81,27725,363.4,100,100,100,84,71,Good,True
Tomato,4.0,39.0,13.3,4.59,107.0,17.5,53.2,92.2,4.95,770,89,1.09,48879,5,49500,1.3,5,5,5,5,5,Poor,True
Tomato,0.25,6.8,49.0,8.48,1231.0,53.7,35.2,92.4,9.21,617,89,0.1,2930,23,5756,96.5,5,5,96,46,55,Poor,True
Tomato,2.0,18.1,47.4,6.46,518.0,129.2,57.5,49.7,24.82,635,80,1.51,25004,96,124100,396.3,100,100,90,100,100,Good,True
Tomato,9.0,23.1,66.0,6.88,710.0,136.7,90.7,76.7,26.12,623,81,7.01,115853,99,587700,407.3,100,100,100,100,100,Good,True
Tomato,2.0,27.3,66.6,6.94,688.0,132.7,79.3,91.3,25.67,592,80,1.58,26616,98,128350,382.2,100,100,100,100,100,Good,True
Tomato,0.25,42.7,98.8,4.01,1396.0,64.8,57.9,85.4,7.0,787,90,0.1,3018,14,4375,45.0,5,5,5,28,74,Poor,True
Tomato,1.0,41.7,34.2,7.09,222.0,123.0,55.7,64.9,10.53,719,90,0.4,12375,32,26325,112.7,5,93,40,28,100,Poor,True
Tomato,12.25,38.4,14.2,4.16,133.0,10.7,80.8,65.2,4.98,782,89,3.3,155305,5,152512,-1.8,5,5,5,5,5,Poor,True
Tomato,0.25,17.6,68.3,6.91,66.0,96.3,67.0,63.2,13.45,608,82,0.12,3109,42,8406,170.4,95,100,100,5,100,Poor,True
Tomato,1.0,27.3,56.8,7.18,443.0,105.8,77.7,71.3,24.48,598,79,0.76,12895,87,61200,374.6,100,86,100,98,100,Good,True
Tomato,3.5,9.1,16.8,8.76,143.0,8.8,96.0,30.6,4.88,762,90,0.93,44722,6,42700,-4.5,5,5,5,5,5,Poor,True
Tomato,10.0,24.3,59.5,6.69,657.0,108.4,91.7,81.1,25.67,580,80,7.98,132676,99,641750,383.7,100,100,100,100,100,Good,True
Tomato,6.25,19.3,86.4,7.16,1774.0,166.2,43.1,21.2,10.55,725,80,2.67,73554,27,164844,124.1,100,88,22,5,59,Poor,True
Tomato,7.5,9.9,97.8,8.85,105.0,18.8,62.0,76.5,4.76,746,91,2.05,92578,7,89250,-3.6,5,5,5,5,5,Poor,True
Tomato,3.0,34.3,77.4,6.8,692.0,93.3,77.0,31.0,17.47,686,84,1.73,36158,63,131025,262.4,40,100,65,100,100,Moderate,True
Tomato,5.0,26.9,46.4,4.39,695.0,74.9,36.8,73.8,12.49,626,79,2.34,61165,41,156125,155.3,100,5,86,100,91,Poor,True
Tomato,0.25,14.1,61.4,7.7,268.0,72.2,88.4,64.1,16.18,586,83,0.13,3281,53,10112,208.2,54,44,100,42,87,Moderate,True
Tomato,4.0,16.2,64.8,6.96,2826.0,87.1,42.4,31.3,12.54,615,82,1.96,46532,41,125400,169.5,79,100,100,5,100,Poor,True
Tomato,4.0,26.8,56.6,6.35,713.0,122.5,96.0,46.7,26.41,598,80,3.18,53609,99,264100,392.6,100,100,100,100,100,Good,True
Tomato,7.5,28.5,50.4,8.06,2657.0,182.7,48.5,78.5,10.09,598,78,2.98,94232,27,189188,100.8,95,16,100,5,32,Poor,True
Tomato,2.0,38.9,11.3,4.66,102.0,9.4,64.0,86.8,5.11,788,89,0.54,26636,5,25550,-4.1,5,5,5,5,5,Poor,True
Tomato,3.5,21.8,69.5,6.94,709.0,126.7,52.3,82.4,25.94,589,81,2.8,43158,98,226975,425.9,100,100,100,100,100,Good,True
Tomato,5.0,27.2,62.5,7.61,1208.0,118.8,38.8,87.6,18.21,603,80,2.95,63901,66,227625,256.2,100,52,100,49,100,Moderate,True
Tomato,12.25,21.0,56.6,6.01,692.0,137.4,39.9,87.6,25.68,597,81,9.95,149472,99,786450,426.2,100,100,100,100,100,Good,True
Tomato,0.5,20.7,80.6,5.46,975.0,127.6,55.7,86.4,17.25,693,80,0.29,6380,59,21562,238.0,100,49,49,75,100,Moderate,True
Tomato,0.5,15.9,54.2,5.46,1003.0,101.3,79.7,21.4,18.09,587,83,0.3,6301,62,22612,258.9,75,49,100,72,100,Moderate,True
Tomato,12.25,25.3,38.8,6.35,718.0,149.1,81.4,25.1,20.25,657,81,7.95,157172,73,620156,294.6,100,100,57,100,86,Moderate,True
Tomato,7.5,19.6,66.4,6.36,696.0,84.2,58.0,94.0,26.41,583,81,6.06,96966,99,495188,410.7,100,100,100,100,100,Good,True
Tomato,2.25,9.6,18.0,4.33,2887.0,31.6,92.0,42.4,5.37,803,91,0.61,28889,5,30206,4.6,5,5,5,5,16,Poor,True
Tomato,5.0,6.2,90.6,8.12,2918.0,5.2,34.6,82.9,5.05,759,90,1.41,59974,7,63125,5.3,5,11,5,5,5,Poor,True
Tomato,12.25,42.7,67.7,7.77,271.0,23.2,56.0,20.1,8.74,597,86,4.45,144890,23,267662,84.7,5,39,100,43,5,Poor,True
Tomato,0.25,38.2,14.6,4.65,197.0,14.9,52.0,54.2,5.55,738,90,0.1,3001,5,3469,15.6,5,5,5,20,5,Poor,True
Tomato,9.0,42.2,10.4,4.29,192.0,17.9,60.8,85.7,5.2,782,90,2.57,112846,6,117000,3.7,5,5,5,18,5,Poor,True
Tomato,4.0,24.9,50.9,6.04,459.0,121.9,39.5,23.5,24.85,607,82,3.13,44186,99,248500,462.4,100,100,100,100,100,Good,True
Tomato,3.0,17.8,60.4,7.2,265.0,77.8,62.4,84.8,17.77,608,80,1.78,37560,65,133275,254.8,97,84,100,42,96,Moderate,True
Tomato,3.0,24.1,56.4,6.19,695.0,104.7,71.6,74.4,25.75,592,81,2.45,39036,99,193125,394.7,100,100,100,100,100,Good,True
Tomato,5.0,5.2,53.5,8.53,2507.0,130.7,91.4,65.9,9.0,573,89,1.91,65767,24,112500,71.1,5,5,100,5,100,Poor,True
Tomato,3.5,19.9,58.2,6.38,510.0,84.8,51.9,76.9,26.59,608,80,2.78,42922,99,232662,442.1,100,100,100,100,100,Good,True
Tomato,3.0,22.3,58.7,8.72,611.0,80.6,58.9,64.4,13.3,603,82,1.48,36921,43,99750,170.2,100,5,100,100,100,Poor,True
Tomato,9.0,23.8,54.4,6.84,590.0,130.3,44.9,88.6,26.73,606,80,7.34,114836,99,601425,423.7,100,100,100,100,100,Good,True
Tomato,1.5,21.1,71.0,8.41,461.0,121.2,83.6,53.1,13.27,601,81,0.75,19695,42,49762,152.7,100,5,95,100,100,Poor,True
Tomato,7.5,25.8,55.0,6.29,553.0,89.2,81.3,96.7,25.59,578,79,6.15,97326,99,479812,393.0,100,100,100,100,100,Good,True
Tomato,2.25,36.7,56.3,4.71,1475.0,161.0,86.8,26.6,9.14,601,88,0.83,27981,25,51412,83.7,17,5,100,19,67,Poor,True
Tomato,3.5,41.1,75.3,4.35,848.0,9.1,54.6,64.9,8.27,645,87,1.23,42449,17,72362,70.5,5,5,75,89,5,Poor,True
Tomato,10.0,20.6,65.1,6.34,465.0,100.6,72.8,37.7,26.58,579,79,8.05,121680,99,664500,446.1,100,100,100,100,100,Good,True
Tomato,4.0,12.3,52.1,5.48,2915.0,156.7,81.0,55.0,10.24,601,85,1.63,52766,31,102400,94.1,33,51,100,5,74,Poor,True
Tomato,1.5,21.5,56.9,6.83,518.0,85.2,66.7,90.5,26.84,609,78,1.18,19790,99,100650,408.6,100,100,100,100,100,Good,True
Tomato,1.0,7.0,88.6,8.39,111.0,34.7,99.8,91.3,5.54,782,92,0.28,13552,8,13850,2.2,5,5,12,5,22,Poor,True
Tomato,9.0,22.1,55.9,6.07,574.0,117.0,95.2,60.3,25.71,613,82,7.24,119805,99,578475,382.8,100,100,100,100,100,Good,True
Tomato,1.5,19.6,45.1,7.28,593.0,11.1,42.4,84.0,12.59,646,80,0.67,17696,40,47212,166.8,100,78,81,100,5,Poor,True
Tomato,5.0,31.4,78.3,6.08,1108.0,47.1,56.8,98.5,15.85,676,83,2.75,61081,51,198125,224.4,67,100,60,60,43,Moderate,True
Tomato,10.0,15.0,75.0,6.52,579.0,46.0,93.5,97.5,16.77,651,84,5.66,130690,59,419250,220.8,65,100,76,100,41,Moderate,True
Tomato,5.0,26.3,65.8,6.13,551.0,133.1,50.9,93.2,24.7,626,80,3.88,63549,99,308750,385.8,100,100,100,100,100,Good,True
Tomato,3.0,19.5,60.2,6.87,627.0,132.4,67.8,46.5,25.94,573,80,2.39,36121,99,194550,438.6,100,100,100,100,100,Good,True
Tomato,16.0,19.6,67.5,6.36,580.0,93.3,33.7,85.3,25.23,600,83,12.63,196473,99,1009200,413.7,100,100,100,100,100,Good,True
Tomato,2.25,30.0,73.0,6.58,436.0,43.6,94.9,76.4,17.15,645,83,1.32,30029,57,96469,221.3,81,100,86,96,37,Moderate,True
Tomato,2.25,17.9,82.4,7.33,1038.0,143.1,57.5,55.9,17.19,699,80,1.28,27928,60,96694,246.2,99,74,41,68,95,Moderate,True
Tomato,3.5,25.1,64.8,6.73,470.0,127.2,53.5,26.4,25.5,613,80,2.8,42973,96,223125,419.2,100,100,100,100,100,Good,True
Tomato,12.25,25.8,51.3,7.04,66.0,120.8,71.6,63.3,13.51,619,80,5.95,157916,42,413744,162.0,100,97,100,5,100,Poor,True
Tomato,1.5,20.4,66.4,4.9,787.0,84.9,64.5,76.0,13.23,604,81,0.71,18562,39,49612,167.3,100,5,100,96,100,Poor,True
Tomato,2.25,22.8,58.5,6.43,513.0,136.8,81.1,73.3,25.61,603,80,1.77,29508,99,144056,388.2,100,100,100,100,100,Good,True
Tomato,16.0,28.1,68.9,6.21,435.0,7.0,46.3,96.1,12.94,599,79,7.61,198218,41,517600,161.1,99,100,100,95,5,Poor,True
Tomato,6.25,44.9,51.6,6.54,1225.0,120.2,78.1,31.4,12.57,610,88,2.8,77689,37,196406,152.8,5,100,100,47,100,Poor,True
Tomato,16.0,15.4,31.9,5.71,1028.0,84.7,86.4,76.3,14.92,708,82,8.32,216586,53,596800,175.5,69,72,31,69,100,Moderate,True
Tomato,0.5,26.3,59.8,6.01,529.0,104.5,61.2,51.1,25.46,597,81,0.41,6084,98,31825,423.1,100,100,100,100,100,Good,True
Tomato,10.0,16.2,90.2,6.05,574.0,107.6,94.4,45.2,13.11,757,81,4.68,128649,42,327750,154.8,78,100,5,100,100,Poor,True
Tomato,2.0,20.5,60.0,6.36,490.0,97.3,94.4,41.4,25.99,592,82,1.62,26390,99,129950,392.4,100,100,100,100,100,Good,True
Tomato,1.0,16.3,45.3,6.56,276.0,153.7,95.8,74.6,17.51,632,81,0.57,13597,61,43775,221.9,80,100,82,45,78,Moderate,True
Tomato,1.0,24.1,63.2,6.03,612.0,127.1,99.9,91.4,25.93,607,80,0.79,13426,99,64825,382.8,100,100,100,100,100,Good,True
Tomato,16.0,23.9,44.5,7.58,606.0,167.0,76.7,34.6,19.18,639,79,9.79,200367,66,767200,282.9,100,54,79,100,57,Moderate,True
Tomato,3.0,43.3,17.8,4.72,104.0,19.4,30.7,88.8,5.06,770,91,0.8,36101,5,37950,5.1,5,5,5,5,5,Poor,True
Tomato,4.0,5.4,54.1,7.27,739.0,102.2,90.4,94.4,13.03,591,89,1.87,53820,40,130300,142.1,5,78,100,100,100,Poor,True
Tomato,7.5,14.9,32.1,6.43,852.0,162.5,93.5,47.8,14.66,699,83,3.99,96354,50,274875,185.3,63,100,32,89,64,Moderate,True
Tomato,1.0,21.5,58.5,6.92,622.0,10.2,74.4,69.4,13.42,582,82,0.48,12511,43,33550,168.2,100,100,100,100,5,Poor,True
Tomato,0.25,15.9,52.3,7.61,311.0,188.6,32.2,42.6,13.1,601,82,0.12,2859,40,8188,186.4,76,51,100,56,23,Poor,True
Tomato,9.0,26.1,73.2,7.62,1455.0,89.4,96.9,59.4,14.21,638,81,4.32,120517,48,319725,165.3,100,51,85,21,100,Moderate,True
Tomato,4.0,27.2,68.3,6.47,689.0,106.7,83.5,76.3,25.04,606,79,3.18,52966,99,250400,372.8,100,100,100,100,100,Good,True
Tomato,1.0,9.4,95.1,4.77,2976.0,33.7,73.5,97.6,5.51,751,89,0.28,13059,5,13775,5.5,5,5,5,5,20,Poor,True
Tomato,3.5,18.5,59.4,6.59,463.0,85.4,84.1,21.0,26.74,590,80,2.86,42291,99,233975,453.3,100,100,100,100,100,Good,True
Tomato,0.5,29.3,51.5,6.46,490.0,7.4,49.4,30.1,13.17,620,81,0.25,5959,43,16462,176.3,88,100,100,100,5,Poor,True
Tomato,1.0,40.6,49.4,5.87,770.0,72.0,34.5,63.4,12.69,597,87,0.47,11960,39,31725,165.3,5,88,98,98,86,Poor,True
Tomato,3.5,8.5,24.9,5.15,2560.0,9.4,55.3,25.7,5.3,749,90,0.96,41821,5,46375,10.9,5,19,5,5,5,Poor,True
Tomato,2.0,31.3,77.7,6.44,718.0,130.0,34.2,97.1,20.5,660,85,1.28,24764,74,102500,313.9,69,100,63,100,100,Moderate,True
Tomato,1.5,20.0,82.6,7.0,782.0,171.1,69.9,66.2,17.24,721,81,0.81,18919,61,64650,241.7,100,100,40,96,51,Moderate,True
Tomato,7.5,7.0,71.8,7.03,417.0,135.7,35.2,50.9,13.21,616,87,3.52,88665,37,247688,179.4,5,98,92,90,100,Poor,True
Tomato,4.0,21.6,70.4,6.3,98.0,86.3,99.7,60.1,13.05,615,81,1.94,52879,42,130500,146.8,100,100,98,5,100,Poor,True
Tomato,4.0,41.9,11.3,4.71,83.0,7.9,89.4,44.5,5.1,747,89,1.06,51551,5,51000,-1.1,5,5,5,5,5,Poor,True
Tomato,7.5,8.8,91.9,4.45,103.0,24.0,88.0,25.8,4.95,768,90,2.03,92280,5,92812,0.6,5,5,5,5,5,Poor,True
Tomato,12.25,13.5,44.2,5.28,2707.0,36.7,37.4,63.0,8.6,659,86,4.4,147845,21,263375,78.1,47,31,78,5,25,Poor,True
Tomato,1.5,23.0,63.7,6.19,611.0,105.2,42.9,24.9,26.39,607,80,1.2,17801,99,98962,455.9,100,100,100,100,100,Good,True
Tomato,7.5,38.3,19.5,4.56,72.0,16.8,51.5,88.5,4.96,752,88,1.94,93082,5,93000,-0.1,5,5,5,5,5,Poor,True
Tomato,0.25,37.5,17.4,4.03,56.0,18.4,59.5,74.1,4.91,738,89,0.1,3049,6,3069,0.7,10,5,5,5,5,Poor,True
Tomato,4.0,18.7,65.1,6.45,572.0,88.7,54.9,20.4,26.21,603,81,3.22,46882,99,262100,459.1,100,100,100,100,100,Good,True
Tomato,6.25,19.6,36.4,7.09,962.0,160.5,83.5,63.3,18.02,684,80,3.67,80274,62,281562,250.8,100,93,48,76,68,Moderate,True
Tomato,9.0,41.5,55.9,5.21,539.0,180.6,36.2,51.4,10.37,614,90,3.63,107055,31,233325,117.9,5,25,100,100,36,Poor,True
Tomato,7.5,24.2,67.4,6.93,748.0,125.8,45.4,30.9,26.08,600,79,5.97,84962,99,489000,475.6,100,100,100,100,100,Good,True
Tomato,12.25,42.1,62.1,6.64,762.0,120.1,53.4,90.1,13.18,581,90,5.94,151568,45,403637,166.3,5,100,100,99,100,Poor,True
Tomato,0.25,22.9,69.7,6.2,586.0,96.3,69.4,83.2,26.05,599,80,0.19,3283,99,16281,395.9,100,100,100,100,100,Good,True
Tomato,1.0,23.4,59.0,6.92,453.0,139.4,68.0,45.9,27.2,612,80,0.83,12564,99,68000,441.2,100,100,100,100,100,Good,True
Tomato,4.0,27.9,69.2,6.59,575.0,22.2,36.1,67.5,13.55,606,78,1.9,47373,45,135500,186.0,100,100,100,100,5,Poor,True
Tomato,16.0,28.7,48.1,4.84,235.0,190.7,46.8,73.7,10.02,591,82,6.28,189839,26,400800,111.1,93,5,93,32,20,Poor,True
Tomato,2.0,16.4,38.4,7.35,1067.0,147.8,91.8,83.8,16.97,672,81,1.21,27426,63,84850,209.4,80,72,56,65,88,Moderate,True
Tomato,10.0,29.9,16.9,6.15,781.0,148.5,35.4,57.0,12.72,752,83,4.67,117935,39,318000,169.6,82,100,5,97,87,Poor,True
Tomato,3.0,26.3,57.5,5.57,894.0,55.2,62.4,22.0,18.43,595,79,1.86,35497,69,138225,289.4,100,59,100,84,57,Moderate,True
Tomato,9.0,28.8,10.1,6.22,363.0,68.9,41.3,77.1,12.3,755,80,4.06,107691,39,276750,157.0,92,100,5,73,81,Poor,True
Tomato,3.5,26.6,36.3,6.74,1300.0,180.2,68.6,34.5,14.77,684,79,1.88,42614,49,129238,203.3,100,100,48,39,36,Moderate,True
Tomato,9.0,30.8,60.9,7.53,893.0,69.8,60.2,96.6,19.04,595,83,5.35,116066,68,428400,269.1,74,58,100,84,82,Moderate,True
Tomato,0.25,6.4,12.9,4.63,2392.0,8.2,37.8,54.9,5.0,778,90,0.1,2995,5,3125,4.3,5,5,5,5,5,Poor,True
Tomato,1.0,40.7,13.3,4.44,160.0,18.2,69.8,57.1,4.97,770,87,0.26,12670,7,12425,-1.9,5,5,5,8,5,Poor,True
Tomato,2.25,20.0,62.1,5.9,2705.0,134.7,68.9,23.6,13.64,574,80,1.1,27296,41,76725,181.1,100,91,100,5,100,Poor,True
Tomato,0.5,14.6,40.0,5.63,473.0,99.6,33.5,99.4,18.65,679,84,0.32,6018,70,23312,287.4,59,65,62,100,100,Moderate,True
Tomato,3.0,24.4,56.0,6.18,565.0,92.3,53.8,38.9,26.29,600,80,2.39,35350,99,197175,457.8,100,100,100,100,100,Good,True
Tomato,3.5,23.7,44.8,5.88,251.0,184.4,67.4,84.7,14.53,644,80,1.83,44639,48,127137,184.8,100,89,80,37,30,Moderate,True
Tomato,1.5,38.3,89.5,8.72,103.0,24.7,99.7,31.0,4.89,755,89,0.39,19087,5,18337,-3.9,5,5,7,5,5,Poor,True
Tomato,16.0,27.2,54.3,5.41,846.0,135.9,80.6,58.1,18.01,606,80,9.66,209202,66,720400,244.4,100,44,100,89,100,Moderate,True
Tomato,3.0,18.9,69.5,6.15,606.0,108.1,30.1,34.2,25.83,593,80,2.43,33686,99,193725,475.1,100,100,100,100,100,Good,True
Tomato,3.0,6.9,20.1,4.16,1988.0,34.6,75.8,78.5,5.37,754,90,0.82,38690,9,40275,4.1,5,5,5,5,22,Poor,True
Tomato,4.0,18.7,61.7,7.19,627.0,20.0,34.6,97.9,13.08,600,78,1.88,49749,42,130800,162.9,100,85,100,100,5,Poor,True
Tomato,7.5,9.8,21.1,4.15,99.0,11.6,39.2,77.4,4.85,780,89,2.02,89870,5,90938,1.2,5,5,5,5,5,Poor,True
Tomato,16.0,20.1,56.8,6.78,721.0,107.1,64.9,88.0,25.52,588,81,13.37,209929,98,1020800,386.3,100,100,100,100,100,Good,True
Tomato,2.0,18.7,90.8,6.91,692.0,137.1,80.2,23.3,13.35,777,81,0.98,24292,44,66750,174.8,100,100,5,100,100,Poor,True
Tomato,10.0,9.1,96.9,4.3,104.0,33.0,60.8,56.8,5.5,785,89,2.75,120136,5,137500,14.5,5,5,5,5,19,Poor,True
Tomato,5.0,24.6,59.6,6.96,632.0,116.5,57.9,66.8,26.46,587,78,4.01,63100,98,330750,424.2,100,100,100,100,100,Good,True
Tomato,9.0,41.3,12.2,4.61,153.0,14.8,99.3,27.2,5.02,777,88,2.41,116151,6,112950,-2.8,5,5,5,6,5,Poor,True
Tomato,0.5,32.3,83.2,8.89,315.0,59.7,90.6,23.3,9.15,705,85,0.19,6138,23,11438,86.3,59,5,37,57,65,Poor,True
Tomato,2.25,22.5,80.1,6.46,623.0,44.2,96.1,66.6,17.41,699,79,1.3,29896,57,97931,227.6,100,100,52,100,38,Moderate,True
Tomato,0.25,21.2,51.7,6.54,454.0,106.6,96.9,37.5,25.76,586,82,0.2,3361,98,16100,379.0,100,100,100,100,100,Good,True
Tomato,7.5,43.1,51.3,7.27,712.0,82.9,34.7,51.0,12.9,600,90,3.56,87250,41,241875,177.2,5,79,100,100,100,Poor,True
Tomato,1.0,6.6,24.2,8.33,2185.0,18.8,82.7,91.3,4.96,757,88,0.27,13273,5,12400,-6.6,5,5,5,5,5,Poor,True
Tomato,5.0,27.9,69.9,6.64,73.0,92.3,35.9,61.0,13.85,600,81,2.31,59364,41,173125,191.6,100,100,100,5,100,Poor,True
Tomato,3.0,24.8,72.5,6.57,1697.0,74.8,84.5,82.7,12.93,596,80,1.35,39789,42,96975,143.7,100,100,88,5,91,Poor,True
Tomato,12.25,37.2,90.0,4.73,2081.0,24.4,56.4,56.3,5.28,775,85,3.38,149823,5,161700,7.9,12,5,5,5,5,Poor,True
Tomato,3.5,13.9,49.8,7.15,546.0,53.2,39.1,33.5,19.36,615,86,2.14,40774,66,169400,315.5,51,88,99,100,54,Moderate,True
Tomato,7.5,19.7,64.7,6.64,545.0,118.1,39.4,90.6,25.63,615,80,6.18,88277,99,480562,444.4,100,100,100,100,100,Good,True
Tomato,9.0,6.5,15.3,8.66,99.0,21.0,64.5,98.9,4.97,774,88,2.46,115672,7,111825,-3.3,5,5,5,5,5,Poor,True
Tomato,7.5,13.7,44.5,6.43,444.0,186.9,96.5,69.4,14.74,665,83,3.83,101621,46,276375,172.0,49,100,79,98,26,Moderate,True
Tomato,6.25,34.6,93.7,4.74,796.0,62.2,87.4,26.8,8.95,749,86,2.34,77478,26,139844,80.5,37,5,5,95,69,Poor,True
Tomato,6.25,29.0,71.4,5.32,683.0,67.8,46.8,30.7,16.89,636,80,3.62,72014,56,263906,266.5,90,35,93,100,79,Moderate,True
Tomato,9.0,24.6,62.8,6.38,590.0,131.3,97.6,99.1,25.75,569,80,7.31,123925,99,579375,367.5,100,100,100,100,100,Good,True
Tomato,2.0,27.5,59.3,6.18,665.0,116.5,96.3,97.9,26.01,594,82,1.64,26824,99,130050,384.8,100,100,100,100,100,Good,True
Tomato,10.0,38.3,13.7,4.05,130.0,8.4,48.3,36.2,5.07,774,88,2.68,118506,8,126750,7.0,5,5,5,5,5,Poor,True
Tomato,16.0,9.0,59.7,6.01,540.0,149.7,79.4,49.3,12.75,599,89,7.57,209641,39,510000,143.3,5,100,100,100,85,Poor,True
Tomato,3.0,31.7,55.0,4.14,2942.0,53.4,90.4,82.3,9.05,605,84,1.14,40396,28,67875,68.0,64,5,100,5,54,Poor,True
Tomato,4.0,26.3,57.5,6.66,564.0,135.6,57.3,75.2,26.58,613,80,3.17,49830,99,265800,433.4,100,100,100,100,100,Good,True
Tomato,3.5,32.0,54.9,7.98,1264.0,142.4,80.4,99.2,13.52,589,84,1.66,44963,42,118300,163.1,62,22,100,43,96,Poor,True
Tomato,6.25,42.7,24.3,8.51,2904.0,33.9,34.5,36.7,5.29,757,87,1.71,71971,6,82656,14.8,5,5,5,5,20,Poor,True
Tomato,4.0,16.2,17.1,5.72,1173.0,107.1,93.6,65.8,11.19,789,80,1.76,52920,32,111900,111.5,79,73,5,53,100,Poor,True
Tomato,3.5,33.9,77.0,6.23,1158.0,77.5,94.8,94.9,16.3,655,85,1.87,47750,57,142625,198.7,44,100,67,54,96,Moderate,True
Tomato,2.25,9.7,89.9,8.29,2156.0,10.5,89.7,39.2,4.85,776,90,0.6,29254,5,27281,-6.7,5,5,6,5,5,Poor,True
Tomato,4.0,22.6,60.6,6.13,468.0,93.0,61.7,98.5,26.7,615,81,3.06,50567,99,267000,428.0,100,100,100,100,100,Good,True
Tomato,0.5,20.1,56.9,7.05,683.0,99.2,39.6,49.4,24.55,595,80,0.39,5855,98,30688,424.1,100,96,100,100,100,Good,True
Tomato,0.25,22.4,61.7,6.61,461.0,121.8,80.2,99.0,25.37,604,80,0.19,3280,99,15856,383.4,100,100,100,100,100,Good,True
Tomato,10.0,27.4,67.1,6.97,463.0,131.1,48.6,50.8,26.77,604,80,8.02,119779,99,669250,458.7,100,100,100,100,100,Good,True
Tomato,16.0,19.4,68.5,6.58,1021.0,36.4,95.3,42.9,15.61,595,80,8.68,215628,52,624400,189.6,100,100,100,70,25,Moderate,True
Tomato,4.0,23.4,50.2,4.65,677.0,104.0,85.5,32.6,13.79,572,80,1.88,50073,42,137900,175.4,100,5,100,100,100,Poor,True
Tomato,6.25,18.2,51.6,6.26,664.0,89.3,59.1,29.3,25.15,620,80,4.92,72897,99,392969,439.1,100,100,100,100,100,Good,True
Tomato,6.25,29.4,67.4,4.89,496.0,92.3,61.7,53.0,13.32,587,81,2.85,77439,43,208125,168.8,86,5,100,100,100,Poor,True
Tomato,7.5,13.3,69.0,5.59,612.0,184.1,76.0,56.6,14.5,598,86,3.93,92706,47,271875,193.3,44,61,100,100,30,Moderate,True
Tomato,6.25,21.5,61.1,7.67,1000.0,57.8,37.3,92.6,16.97,591,81,3.75,75396,60,265156,251.7,100,47,100,72,62,Moderate,True
Tomato,16.0,29.8,67.6,6.22,433.0,115.3,93.3,22.4,23.87,608,82,11.94,208187,91,954800,358.6,83,100,100,95,100,Good,True
Tomato,10.0,27.1,65.1,6.37,692.0,88.0,75.2,78.5,25.56,568,79,7.76,130030,99,639000,391.4,100,100,100,100,100,Good,True
Tomato,4.0,24.8,57.8,5.78,584.0,186.4,35.6,78.4,16.08,595,80,2.17,49405,54,160800,225.5,100,79,100,100,27,Moderate,True
Tomato,2.0,40.1,19.2,4.45,98.0,8.1,87.1,72.6,5.02,750,90,0.54,25532,5,25100,-1.7,5,5,5,5,5,Poor,True
Tomato,10.0,25.1,50.5,6.37,493.0,133.0,81.7,34.1,25.06,593,79,8.11,126311,99,626500,396.0,100,100,100,100,100,Good,True
Tomato,6.25,40.6,55.5,6.3,874.0,136.1,92.3,59.8,12.55,621,89,2.96,83719,41,196094,134.2,5,100,100,86,100,Poor,True
Tomato,1.0,9.5,27.5,8.82,2622.0,186.8,77.4,75.3,5.86,739,89,0.28,12844,7,14650,14.1,5,5,14,5,26,Poor,True
Tomato,9.0,7.6,92.4,8.39,108.0,8.3,93.8,71.7,5.0,795,91,2.41,118435,5,112500,-5.0,5,5,5,5,5,Poor,True
Tomato,0.5,18.5,62.2,6.53,754.0,142.6,33.3,81.1,25.2,594,81,0.4,6010,97,31500,424.1,100,100,100,100,96,Good,True
Tomato,7.5,33.0,83.4,8.07,2804.0,12.6,94.9,49.4,7.0,707,83,2.39,100100,14,131250,31.1,52,15,36,5,5,Poor,True
Tomato,5.0,19.1,69.4,6.87,595.0,137.7,75.4,72.7,25.15,615,79,4.03,63737,99,314375,393.2,100,100,100,100,100,Good,True
Tomato,4.0,6.2,18.3,8.17,126.0,17.8,72.3,38.1,5.01,795,89,1.09,51136,5,50100,-2.0,5,8,5,5,5,Poor,True
Tomato,7.5,8.3,21.9,4.59,1877.0,15.5,40.8,82.0,4.82,756,88,1.98,92659,5,90375,-2.5,5,5,5,5,5,Poor,True
Tomato,16.0,23.7,23.6,6.69,600.0,109.5,70.3,70.5,13.42,749,81,7.37,207918,44,536800,158.2,100,100,5,100,100,Poor,True
Tomato,3.0,20.1,68.5,6.08,537.0,123.6,63.9,39.7,25.78,583,79,2.36,35969,98,193350,437.5,100,100,100,100,100,Good,True
Tomato,9.0,37.9,13.7,4.49,174.0,17.9,77.8,92.8,5.26,785,89,2.45,119740,5,118350,-1.2,6,5,5,13,5,Poor,True
Tomato,3.5,10.9,23.6,7.47,2463.0,45.4,73.1,91.5,7.18,763,88,1.12,46617,14,62825,34.8,16,63,5,5,40,Poor,True
Tomato,9.0,20.9,68.6,6.93,543.0,130.2,72.2,33.9,27.02,602,77,7.15,110726,99,607950,449.1,100,100,100,100,100,Good,True
Tomato,2.0,18.2,75.3,7.8,721.0,178.3,50.1,88.2,15.7,654,82,1.06,25160,54,78500,212.0,100,37,75,100,39,Moderate,True
Tomato,1.0,8.8,22.2,8.08,148.0,32.2,68.6,56.7,5.64,759,88,0.29,12368,5,14100,14.0,5,15,5,5,17,Poor,True
Tomato,5.0,40.6,13.9,4.4,194.0,16.5,86.5,86.4,5.41,755,89,1.34,66569,8,67625,1.6,5,5,5,19,5,Poor,True
Tomato,4.0,18.1,63.6,6.11,524.0,98.3,44.0,23.1,26.36,605,79,3.15,47544,99,263600,454.4,100,100,100,100,100,Good,True
Tomato,12.25,15.9,80.7,7.54,1020.0,40.0,31.0,30.0,13.37,690,83,5.76,140637,44,409456,191.1,75,57,49,70,31,Poor,True
Tomato,3.5,25.9,49.6,6.87,60.0,72.7,92.5,64.7,12.58,603,82,1.63,46938,41,110075,134.5,100,100,98,5,87,Poor,True
Tomato,7.5,8.2,92.9,8.69,2270.0,18.3,48.4,31.6,4.92,769,89,1.99,89681,5,92250,2.9,5,5,5,5,5,Poor,True
Tomato,12.25,22.7,64.8,6.29,726.0,133.3,98.6,97.1,25.69,582,81,9.54,171294,99,786756,359.3,100,100,100,100,100,Good,True
Tomato,4.0,30.0,41.3,5.85,638.0,58.3,98.8,98.6,19.15,664,80,2.55,56243,72,191500,240.5,81,86,67,100,62,Moderate,True
Tomato,0.5,19.6,57.4,6.35,572.0,91.0,39.9,32.9,25.13,600,77,0.41,5982,99,31412,425.1,100,100,100,100,100,Good,True
Tomato,2.25,42.0,10.2,4.08,141.0,8.8,40.8,64.8,4.99,784,91,0.61,25875,5,28069,8.5,5,5,5,5,5,Poor,True
Tomato,4.0,8.7,21.3,8.86,1856.0,11.3,75.9,92.0,5.04,753,90,1.1,51602,6,50400,-2.3,5,5,5,5,5,Poor,True
Tomato,2.25,20.3,80.1,7.08,1411.0,189.2,47.0,91.8,12.67,688,81,1.04,27865,42,71269,155.8,100,94,52,26,22,Poor,True
Tomato,4.0,23.6,50.3,6.22,1492.0,87.1,85.3,58.3,14.77,610,80,2.11,52233,48,147700,182.8,100,100,100,17,100,Moderate,True
Tomato,1.0,27.3,66.0,6.28,642.0,115.5,85.9,25.3,26.32,617,79,0.81,12804,99,65800,413.9,100,100,100,100,100,Good,True
Tomato,5.0,39.6,70.0,6.48,497.0,123.9,49.3,86.2,13.33,604,87,2.33,63193,46,166625,163.7,5,100,100,100,100,Poor,True
Tomato,2.0,37.0,16.7,4.18,134.0,9.6,38.5,64.9,5.29,757,92,0.55,22929,6,26450,15.4,14,5,5,5,5,Poor,True
Tomato,1.0,15.9,50.3,6.86,278.0,169.9,40.4,91.1,16.66,596,80,0.58,12213,61,41650,241.0,75,100,100,46,53,Moderate,True
Tomato,6.25,24.0,53.3,6.4,514.0,119.8,35.0,82.0,25.22,596,80,5.05,75108,99,394062,424.7,100,100,100,100,100,Good,True
Tomato,3.5,20.0,31.2,7.71,896.0,123.7,42.2,72.9,15.24,749,81,1.74,41597,51,133350,220.6,100,43,29,84,100,Moderate,True
Tomato,0.5,25.3,35.8,6.0,1756.0,144.0,76.0,50.9,11.82,714,79,0.23,6311,37,14775,134.1,100,100,46,5,94,Poor,True
Tomato,12.25,18.5,52.9,4.73,506.0,109.4,55.3,40.1,13.44,585,82,5.81,148836,45,411600,176.5,100,5,100,100,100,Poor,True
Tomato,0.5,26.9,52.8,6.34,576.0,128.6,35.1,33.9,26.25,579,79,0.4,5579,97,32812,488.1,100,100,100,100,100,Good,True
Tomato,3.5,31.6,68.4,6.85,1435.0,70.7,73.8,25.4,15.08,581,84,1.83,42305,49,131950,211.9,66,100,100,23,84,Moderate,True
Tomato,6.25,25.9,58.5,6.04,747.0,119.4,36.1,98.2,26.51,614,79,5.06,76887,99,414219,438.7,100,100,100,100,100,Good,True
Tomato,16.0,29.5,41.2,6.28,1361.0,180.0,48.7,26.2,14.64,648,82,8.21,185455,48,585600,215.8,85,100,66,32,37,Moderate,True
Tomato,4.0,41.0,17.6,4.69,2231.0,15.7,42.9,58.2,5.0,786,90,1.09,47888,7,50000,4.4,5,5,5,5,5,Poor,True
Tomato,4.0,18.9,50.7,6.86,544.0,102.0,30.0,31.0,26.61,601,80,3.12,45878,99,266100,480.0,100,100,100,100,100,Good,True
Tomato,3.5,19.1,46.4,6.49,1284.0,100.6,47.8,54.8,17.68,644,80,2.07,42438,65,154700,264.5,100,100,86,40,100,Moderate,True
Tomato,3.0,11.3,11.3,7.11,1991.0,19.2,81.0,27.2,7.33,770,85,0.96,37996,16,54975,44.7,21,91,5,5,5,Poor,True
Tomato,12.25,7.2,92.3,8.51,2393.0,11.5,41.5,59.2,4.97,778,89,3.22,149995,5,152206,1.5,5,5,5,5,5,Poor,True
Tomato,3.5,29.7,65.5,7.14,73.0,116.6,39.2,72.2,12.74,615,81,1.62,41380,42,111475,169.4,84,89,100,5,100,Poor,True
Tomato,9.0,37.2,97.6,4.78,2910.0,11.1,72.2,70.4,5.16,762,86,2.5,116294,7,116100,-0.2,13,5,5,5,5,Poor,True
Tomato,9.0,39.7,13.1,4.02,127.0,15.9,70.5,46.8,4.87,752,90,2.45,111034,6,109575,-1.3,5,5,5,5,5,Poor,True
Tomato,4.0,26.7,11.9,6.7,549.0,120.4,71.0,48.2,13.35,774,78,1.92,48210,42,133500,176.9,100,100,5,100,100,Poor,True
Tomato,4.0,39.1,90.8,4.96,1602.0,34.0,62.5,44.5,5.21,756,87,1.15,48494,6,52100,7.4,5,5,5,5,21,Poor,True
Tomato,7.5,16.7,53.9,6.94,523.0,18.3,60.5,52.1,12.94,610,81,3.55,92579,42,242625,162.1,84,100,100,100,5,Poor,True
Tomato,7.5,24.6,68.3,6.25,730.0,103.3,70.1,67.4,26.23,593,79,5.9,99176,99,491812,395.9,100,100,100,100,100,Good,True
Tomato,0.25,17.2,68.5,5.68,1262.0,96.3,94.6,90.8,17.08,609,81,0.15,3472,64,10675,207.5,90,70,100,43,100,Moderate,True
Tomato,7.5,25.7,69.6,7.08,579.0,125.7,36.2,85.3,25.48,593,81,5.79,92299,98,477750,417.6,100,93,100,100,100,Good,True
Tomato,1.0,20.7,42.5,7.42,1241.0,94.6,57.0,47.8,17.74,670,80,0.59,12133,60,44350,265.5,100,67,72,45,100,Moderate,True
Tomato,3.5,37.2,92.1,4.38,2635.0,22.0,73.2,97.0,5.09,768,89,0.95,45134,5,44537,-1.3,13,5,5,5,5,Poor,True
Tomato,6.25,28.5,63.8,6.43,3012.0,83.5,39.6,75.7,12.51,614,84,3.06,73797,41,195469,164.9,95,100,100,5,100,Poor,True
Tomato,7.5,13.9,28.5,7.47,1821.0,143.8,42.5,48.0,9.55,726,83,2.92,92745,27,179062,93.1,51,63,18,5,94,Poor,True
Tomato,10.0,38.1,11.6,4.33,81.0,9.5,99.1,88.3,5.03,751,91,2.63,132337,5,125750,-5.0,5,5,5,5,5,Poor,True
Tomato,3.5,22.8,66.4,6.29,704.0,122.3,73.0,93.3,26.18,605,79,2.78,44802,99,229075,411.3,100,100,100,100,100,Good,True
Tomato,12.25,27.7,66.9,6.55,608.0,22.0,88.8,81.1,13.65,618,80,5.94,161371,39,418031,159.0,100,100,100,100,5,Poor,True
Tomato,5.0,17.2,63.8,6.61,535.0,12.9,94.6,53.1,13.09,604,79,2.41,66119,40,163625,147.5,91,100,100,100,5,Poor,True
Tomato,1.0,20.5,65.4,6.63,567.0,89.5,60.4,43.9,26.6,591,77,0.81,12226,99,66500,443.9,100,100,100,100,100,Good,True
Tomato,0.5,38.6,91.1,8.71,123.0,27.6,47.0,76.5,5.21,753,90,0.13,6090,5,6512,6.9,5,5,5,5,9,Poor,True
Tomato,6.25,39.3,34.8,6.25,757.0,176.2,91.4,41.1,10.95,679,91,2.6,80586,32,171094,112.3,5,100,42,99,43,Poor,True
Tomato,2.0,33.9,34.2,6.06,1366.0,109.4,66.8,74.1,14.78,706,86,1.04,24877,49,73900,197.1,44,100,40,31,100,Moderate,True
Tomato,16.0,29.8,60.9,7.44,610.0,72.7,76.0,64.9,20.62,615,81,10.83,204911,78,824800,302.5,82,66,100,100,87,Good,True
Tomato,3.0,38.0,10.5,4.26,113.0,14.1,63.4,94.8,4.88,750,88,0.8,38161,5,36600,-4.1,5,5,5,5,5,Poor,True
Tomato,5.0,25.0,76.6,5.63,957.0,129.5,99.2,73.5,19.62,676,80,3.24,67149,74,245250,265.2,100,65,69,77,100,Moderate,True
Tomato,2.25,19.2,67.5,6.01,658.0,126.1,67.3,81.6,26.85,593,82,1.82,28698,99,151031,426.3,100,100,100,100,100,Good,True
Tomato,0.5,19.1,50.6,6.96,686.0,100.0,66.6,88.7,25.7,594,79,0.41,6246,99,32125,414.3,100,100,100,100,100,Good,True
Tomato,0.25,19.1,50.7,6.91,631.0,101.7,48.9,39.9,26.28,597,83,0.2,2918,99,16425,462.9,100,100,100,100,100,Good,True
Tomato,1.0,37.7,10.1,4.72,136.0,6.9,78.4,29.2,5.1,758,88,0.27,11984,7,12750,6.4,8,5,5,5,5,Poor,True
Tomato,0.5,30.0,39.0,5.72,1363.0,174.2,63.5,23.5,14.07,661,83,0.24,5955,45,17588,195.3,81,73,58,31,46,Poor,True
Tomato,1.0,18.1,90.9,6.59,659.0,126.1,84.9,49.6,13.55,737,81,0.48,12549,45,33875,169.9,100,100,5,100,100,Poor,True
Tomato,5.0,23.4,70.8,5.61,891.0,57.4,63.1,66.8,20.17,614,79,3.12,61877,71,252125,307.5,100,63,96,84,61,Moderate,True
Tomato,1.0,43.0,11.3,4.2,56.0,9.2,60.3,44.4,5.01,782,91,0.27,11782,6,12525,6.3,5,5,5,5,5,Poor,True
Tomato,1.0,23.7,52.1,6.68,452.0,80.9,95.0,31.9,26.06,622,82,0.81,12840,99,65150,407.4,100,100,100,100,100,Good,True
Tomato,1.5,21.0,63.4,6.05,565.0,82.5,72.8,65.3,25.64,612,79,1.24,19467,99,96150,393.9,100,100,100,100,100,Good,True
Tomato,2.0,42.4,72.2,6.59,715.0,143.9,37.5,82.3,12.97,595,88,0.95,24872,40,64850,160.7,5,100,89,100,94,Poor,True
Tomato,5.0,24.5,69.2,6.97,498.0,125.6,44.3,89.1,25.39,599,79,4.02,61196,99,317375,418.6,100,100,100,100,100,Good,True
Tomato,1.0,24.0,69.3,7.0,529.0,44.9,53.3,51.5,18.34,611,78,0.6,11935,64,45850,284.2,100,100,100,100,39,Moderate,True
Tomato,3.0,21.6,57.1,6.74,726.0,102.3,54.9,76.6,26.53,592,80,2.3,37016,99,198975,437.5,100,100,100,100,100,Good,True
Tomato,3.0,34.3,77.7,6.51,1429.0,162.6,57.4,46.5,13.09,657,83,1.43,37208,42,98175,163.9,40,100,63,24,64,Poor,True
Tomato,0.5,29.0,42.5,6.33,1181.0,144.2,53.6,74.2,18.43,651,80,0.31,6172,65,23038,273.3,91,100,72,52,93,Moderate,True
Tomato,1.0,26.2,69.8,6.97,1164.0,153.2,63.0,20.2,18.72,604,80,0.63,12016,72,46800,289.5,100,100,100,54,79,Moderate,True
Tomato,3.5,43.6,19.7,4.06,136.0,8.3,34.8,76.5,4.8,778,89,0.93,41708,5,42000,0.7,5,5,5,5,5,Poor,True
Tomato,9.0,22.2,64.0,6.96,499.0,87.7,68.7,35.1,26.26,607,80,7.17,111043,99,590850,432.1,100,100,100,100,100,Good,True
Tomato,0.25,32.8,45.7,5.11,310.0,186.9,68.6,23.8,10.73,629,85,0.1,3023,30,6706,121.8,54,15,84,56,26,Poor,True
Tomato,1.0,38.4,18.9,4.15,111.0,19.0,81.9,22.7,5.02,782,88,0.27,12566,6,12550,-0.1,5,5,5,5,5,Poor,True
Tomato,12.25,25.6,12.9,5.98,522.0,85.9,48.6,36.6,13.71,742,80,5.92,143825,46,419869,191.9,100,98,5,100,100,Poor,True
Tomato,1.0,18.8,68.3,6.1,595.0,121.9,37.5,44.1,25.86,581,80,0.79,11381,99,64650,468.1,100,100,100,100,100,Good,True
Tomato,2.0,25.9,43.3,6.05,1399.0,158.1,76.4,77.1,14.39,650,82,1.06,24566,52,71950,192.9,100,100,75,27,71,Moderate,True
Tomato,1.5,21.6,76.7,7.37,2008.0,156.3,67.8,22.2,11.36,651,78,0.65,18001,35,42600,136.7,100,70,68,5,74,Poor,True
Tomato,6.25,21.7,55.0,6.99,675.0,82.9,68.7,92.1,26.61,614,81,5.06,83904,98,415781,395.5,100,100,100,100,100,Good,True
Tomato,12.25,19.8,59.9,8.92,432.0,129.4,56.7,66.6,13.46,592,80,5.72,151050,43,412213,172.9,100,5,100,94,100,Poor,True
Tomato,0.25,14.9,80.0,6.88,416.0,66.9,33.5,90.9,17.93,698,82,0.14,3036,64,11206,269.1,63,100,53,89,77,Moderate,True
Tomato,1.0,41.6,16.5,4.78,116.0,9.3,62.6,35.1,4.99,789,87,0.27,12322,7,12475,1.2,5,5,5,5,5,Poor,True
Tomato,0.25,38.2,90.3,8.15,2074.0,27.5,81.1,80.3,5.09,774,89,0.1,3357,5,3181,-5.2,5,9,5,5,9,Poor,True
Tomato,9.0,17.7,13.0,7.05,520.0,82.8,73.7,38.7,13.27,775,80,4.38,115396,41,298575,158.7,97,96,5,100,100,Poor,True
Tomato,9.0,19.2,58.5,6.11,670.0,84.2,39.5,30.8,25.06,626,81,7.17,103816,98,563850,443.1,100,100,100,100,100,Good,True
Tomato,1.0,23.5,65.3,5.88,361.0,83.2,58.1,99.3,21.69,596,79,0.71,13185,83,54225,311.3,100,89,100,72,100,Good,True
Tomato,12.25,25.4,62.2,6.94,747.0,130.8,45.1,90.2,25.69,599,79,9.96,146306,99,786756,437.7,100,100,100,100,100,Good,True
Tomato,7.5,13.2,82.4,7.38,1019.0,163.7,46.1,37.6,15.04,703,82,3.73,87219,46,282000,223.3,43,70,41,70,62,Moderate,True
Tomato,4.0,30.6,77.9,7.08,1416.0,175.3,47.8,57.5,13.61,655,83,1.91,48283,43,136100,181.9,75,94,62,26,44,Poor,True
Tomato,3.0,17.9,70.0,7.03,852.0,181.1,34.7,75.4,17.27,593,79,1.71,35358,60,129525,266.3,98,98,100,89,35,Moderate,True
Tomato,1.0,29.3,79.2,5.42,1078.0,45.8,76.9,54.2,15.39,686,80,0.53,12298,50,38475,212.9,88,45,56,63,41,Moderate,True
Tomato,1.5,25.2,58.5,6.35,692.0,110.4,61.9,94.6,26.47,612,80,1.16,19239,99,99262,415.9,100,100,100,100,100,Good,True
Tomato,1.5,37.1,18.6,4.11,122.0,14.1,82.6,45.2,5.22,750,89,0.42,19402,5,19575,0.9,14,5,5,5,5,Poor,True
Tomato,4.0,27.5,43.2,6.89,1359.0,41.3,92.9,24.5,15.16,638,81,2.01,52014,51,151600,191.5,100,100,74,32,33,Moderate,True
Tomato,2.25,38.9,13.7,4.04,191.0,7.6,46.2,66.5,5.23,785,88,0.62,27347,8,29419,7.6,5,5,5,18,5,Poor,True
Tomato,2.25,9.1,15.1,8.49,85.0,7.7,80.2,96.6,5.15,757,89,0.6,29585,5,28969,-2.1,5,5,5,5,5,Poor,True
Tomato,4.0,16.7,65.4,5.97,726.0,111.1,76.3,30.6,24.32,632,81,2.94,49753,88,243200,388.8,84,97,100,100,100,Good,True
Tomato,10.0,23.8,64.8,5.57,1432.0,102.1,33.6,49.9,15.22,588,82,5.07,114670,50,380500,231.8,100,59,100,24,100,Moderate,True
Tomato,2.25,15.0,51.2,6.42,1378.0,169.1,60.8,90.3,14.95,589,85,1.17,28650,48,84094,193.5,64,100,100,30,54,Moderate,True
Tomato,1.5,25.5,66.3,6.88,727.0,110.5,59.0,86.5,25.51,619,79,1.2,18754,99,95662,410.1,100,100,100,100,100,Good,True
Tomato,2.0,20.1,78.7,7.04,717.0,160.4,76.2,63.7,19.96,666,79,1.24,25042,72,99800,298.5,100,97,59,100,68,Moderate,True
Tomato,3.5,42.8,94.9,4.99,1670.0,24.2,45.9,89.8,4.79,738,87,0.94,43367,5,41912,-3.4,5,5,5,5,5,Poor,True
Tomato,1.5,29.6,63.1,7.15,1261.0,173.8,60.8,83.1,16.55,612,82,0.85,20000,55,62063,210.3,84,88,100,43,47,Moderate,True
Tomato,4.0,17.3,38.2,6.27,1009.0,57.7,62.8,31.9,18.05,651,83,2.47,47881,64,180500,277.0,91,100,55,71,61,Moderate,True
Tomato,10.0,23.8,62.5,6.88,540.0,98.6,65.4,94.5,26.41,619,77,7.83,128044,99,660250,415.6,100,100,100,100,100,Good,True
Tomato,0.25,29.1,94.8,6.83,575.0,93.5,57.0,80.7,13.14,749,84,0.12,3086,44,8212,166.1,90,100,5,100,100,Poor,True
Tomato,0.25,23.6,56.2,6.07,676.0,119.2,49.7,40.4,26.71,595,78,0.21,3075,99,16694,442.9,100,100,100,100,100,Good,True
Tomato,5.0,18.9,64.9,6.24,704.0,124.6,65.5,79.2,26.38,592,78,4.02,61928,98,329750,432.5,100,100,100,100,100,Good,True
Tomato,2.0,9.8,17.9,4.95,1666.0,34.0,32.9,75.8,5.55,769,87,0.55,22893,5,27750,21.2,5,5,5,5,21,Poor,True
Tomato,2.25,26.1,59.4,5.8,407.0,13.3,94.3,69.1,12.54,609,80,1.05,30049,40,70537,134.7,100,81,100,86,5,Poor,True
Tomato,7.5,25.3,52.4,6.8,479.0,99.5,76.9,91.3,25.89,597,81,6.06,99046,99,485438,390.1,100,100,100,100,100,Good,True
Tomato,1.0,38.3,72.9,6.22,683.0,146.4,50.4,22.9,13.54,621,88,0.47,11826,45,33850,186.2,5,100,86,100,90,Poor,True
Tomato,10.0,17.3,92.8,6.47,544.0,118.9,78.6,34.3,13.16,762,82,4.78,126908,41,329000,159.2,91,100,5,100,100,Poor,True
Tomato,0.5,17.7,89.7,7.82,1533.0,34.5,39.9,59.4,8.46,770,81,0.18,6078,22,10575,74.0,97,35,6,13,21,Poor,True
Tomato,1.0,34.6,52.8,5.49,697.0,58.2,57.1,40.4,15.62,598,86,0.54,12051,53,39050,224.0,37,52,100,100,62,Moderate,True
Tomato,6.25,28.2,18.4,6.25,468.0,142.5,55.3,43.1,13.16,773,81,3.12,73616,40,205625,179.3,98,100,5,100,96,Poor,True
Tomato,0.5,17.4,91.4,6.11,475.0,84.9,78.0,40.9,13.29,763,80,0.24,6234,42,16612,166.5,93,100,5,100,100,Poor,True
Tomato,1.5,27.0,62.2,7.26,135.0,135.7,81.8,20.1,13.83,576,80,0.72,18067,42,51862,187.1,100,79,100,5,100,Poor,True
Tomato,7.5,20.8,68.6,6.54,624.0,116.6,67.8,35.6,25.47,572,80,5.94,91872,99,477562,419.8,100,100,100,100,100,Good,True
Tomato,10.0,22.9,53.0,6.5,570.0,99.5,98.3,43.6,26.21,601,81,8.14,131359,99,655250,398.8,100,100,100,100,100,Good,True
Tomato,1.5,40.1,19.0,4.01,125.0,12.8,65.6,66.4,5.06,755,89,0.41,19123,5,18975,-0.8,5,5,5,5,5,Poor,True
Tomato,6.25,18.2,34.4,4.1,582.0,172.0,73.0,50.2,11.01,704,81,2.65,79341,31,172031,116.8,100,5,41,100,49,Poor,True
Tomato,12.25,23.5,74.1,6.36,788.0,88.9,65.5,47.9,23.11,610,82,9.07,154272,85,707744,358.8,100,100,81,96,100,Good,True
Tomato,1.0,29.5,88.7,4.95,2077.0,99.4,73.7,92.3,8.83,766,83,0.36,12752,23,22075,73.1,86,5,11,5,100,Poor,True
Tomato,2.0,21.2,68.6,6.45,531.0,108.6,57.8,70.8,26.5,605,81,1.59,24418,99,132500,442.6,100,100,100,100,100,Good,True
Tomato,3.0,22.9,51.9,6.79,591.0,106.8,44.6,95.8,24.5,613,78,2.34,37138,99,183750,394.8,100,100,100,100,100,Good,True
Tomato,12.25,28.9,38.5,5.17,636.0,184.3,63.2,83.6,12.66,672,80,5.75,156314,42,387712,148.0,91,21,56,100,30,Poor,True
Tomato,3.5,24.3,23.7,5.76,728.0,85.6,59.3,90.9,12.67,778,82,1.66,45597,40,110862,143.1,100,77,5,100,100,Poor,True
Tomato,3.0,33.0,42.3,6.08,319.0,77.7,54.5,26.7,18.26,636,85,1.81,36127,62,136950,279.1,53,100,71,58,96,Moderate,True
Tomato,3.0,42.7,11.3,4.52,136.0,18.9,40.6,42.9,4.95,771,90,0.8,35622,5,37125,4.2,5,5,5,5,5,Poor,True
Tomato,16.0,37.5,19.2,4.76,165.0,8.3,40.6,45.4,5.23,786,88,4.57,188555,7,209200,10.9,10,5,5,10,5,Poor,True
Tomato,6.25,30.2,66.0,6.45,399.0,183.4,83.0,76.1,15.78,615,83,3.42,83270,54,246562,196.1,79,100,100,84,31,Moderate,True
Tomato,1.5,27.9,69.4,6.29,717.0,80.5,58.2,54.9,24.83,599,81,1.24,17988,98,93112,417.6,100,100,100,100,100,Good,True
Tomato,4.0,15.7,66.6,7.42,480.0,171.2,62.4,77.6,17.69,604,85,2.4,50142,64,176900,252.8,73,67,100,100,51,Moderate,True
Tomato,3.0,18.8,40.0,6.86,565.0,133.3,40.8,52.7,20.49,662,78,2.0,34789,75,153675,341.7,100,100,62,100,100,Good,True
Tomato,10.0,9.3,91.8,4.8,125.0,10.8,80.7,37.8,4.92,789,88,2.64,124245,6,123000,-1.0,5,5,5,5,5,Poor,True
Tomato,5.0,21.3,64.1,6.12,621.0,121.6,67.7,88.1,26.25,618,82,4.04,63170,99,328125,419.4,100,100,100,100,100,Good,True
Tomato,5.0,6.4,65.0,6.58,771.0,73.0,79.3,32.6,12.72,614,89,2.35,63459,41,159000,150.6,5,100,100,98,88,Poor,True
Tomato,1.0,23.5,61.2,5.87,1339.0,184.6,87.3,26.7,14.42,590,81,0.51,12499,50,36050,188.4,100,88,100,34,29,Moderate,True
Tomato,3.5,39.0,18.5,8.14,2368.0,74.4,50.7,73.0,6.98,774,89,1.15,43363,15,61075,40.8,5,9,5,5,90,Poor,True
Tomato,7.5,20.9,68.2,6.85,489.0,135.8,91.8,76.9,25.56,611,80,6.09,106028,99,479250,352.0,100,100,100,100,100,Good,True
Tomato,10.0,22.6,57.4,7.78,336.0,143.0,67.7,89.6,16.71,602,81,5.61,131041,59,417750,218.8,100,38,100,64,95,Moderate,True
Tomato,3.0,18.8,76.0,6.09,930.0,149.7,68.0,62.9,20.29,653,80,2.05,38747,79,152175,292.7,100,100,71,80,85,Good,True
Tomato,16.0,44.7,36.8,4.04,2314.0,21.9,52.9,64.5,5.84,702,90,4.55,191039,10,233600,22.3,5,5,50,5,5,Poor,True
Tomato,1.0,27.0,60.3,6.55,454.0,86.0,34.1,44.7,25.82,595,79,0.81,11219,99,64550,475.4,100,100,100,100,100,Good,True
Tomato,12.25,24.2,61.8,6.04,588.0,106.1,51.4,30.7,26.87,594,78,9.79,147423,99,822894,458.2,100,100,100,100,100,Good,True
Tomato,0.25,42.9,10.0,4.64,77.0,18.9,94.1,59.8,4.98,758,88,0.1,3191,5,3113,-2.4,5,5,5,5,5,Poor,True
Tomato,1.5,30.5,53.2,8.16,1610.0,155.2,97.2,71.0,10.15,595,80,0.58,20452,28,38062,86.1,76,8,100,5,76,Poor,True
Tomato,2.0,17.4,65.0,8.52,683.0,136.8,84.3,29.5,13.27,597,80,0.96,24528,42,66350,170.5,93,5,100,100,100,Poor,True
Tomato,1.5,22.4,21.6,5.48,623.0,122.1,80.0,54.9,12.34,786,80,0.66,19761,35,46275,134.2,100,51,5,100,100,Poor,True
Tomato,10.0,27.4,63.9,6.41,721.0,115.4,40.1,26.0,25.77,591,80,7.92,115375,99,644250,458.4,100,100,100,100,100,Good,True
Tomato,7.5,33.4,57.6,6.72,906.0,84.0,42.8,44.5,18.48,609,85,4.56,88467,69,346500,291.7,49,100,100,83,100,Moderate,True
Tomato,1.0,18.8,59.0,6.88,542.0,95.5,34.5,42.7,25.74,594,80,0.79,11448,99,64350,462.1,100,100,100,100,100,Good,True
Tomato,0.5,8.4,15.7,8.78,2664.0,22.3,66.9,72.1,4.96,787,89,0.13,6260,5,6200,-1.0,5,5,5,5,5,Poor,True
Tomato,6.25,29.1,60.5,7.18,252.0,48.5,66.0,35.9,16.06,604,81,3.45,75838,55,250937,230.9,90,86,100,37,46,Moderate,True
Tomato,6.25,28.5,56.2,6.87,317.0,172.9,81.5,21.6,18.33,602,82,3.72,75910,62,286406,277.3,95,100,100,58,48,Moderate,True
Tomato,0.25,18.9,23.1,7.09,453.0,138.7,81.6,79.6,13.21,776,81,0.12,3275,39,8256,152.1,100,93,5,100,100,Poor,True
Tomato,4.0,21.7,51.0,6.59,588.0,125.6,79.4,25.0,25.84,605,79,3.23,50198,98,258400,414.8,100,100,100,100,100,Good,True
Tomato,3.0,7.4,89.9,8.09,124.0,13.1,92.0,91.9,5.32,743,91,0.83,40069,8,39900,-0.4,5,14,5,5,5,Poor,True
Tomato,7.5,28.2,72.8,7.42,1277.0,164.6,68.5,20.2,15.94,636,81,4.04,88874,58,298875,236.3,98,66,87,41,61,Moderate,True
Tomato,3.0,41.1,23.0,8.36,2240.0,33.0,90.0,34.2,5.34,733,89,0.84,39522,7,40050,1.3,5,5,5,5,19,Poor,True
Tomato,12.25,21.1,80.4,7.43,1315.0,124.5,68.9,91.2,15.89,691,81,6.69,150000,54,486631,224.4,100,66,51,37,100,Moderate,True
Tomato,0.5,40.3,55.1,8.46,2052.0,176.6,44.3,85.2,8.09,592,90,0.16,6109,20,10112,65.5,5,5,100,5,42,Poor,True
Tomato,2.25,21.3,77.2,6.53,1941.0,176.7,97.4,93.0,11.11,665,80,1.01,30386,35,62494,105.7,100,100,66,5,42,Poor,True
Tomato,5.0,42.3,17.7,4.14,118.0,8.7,68.7,97.2,5.14,771,91,1.34,66572,7,64250,-3.5,5,5,5,5,5,Poor,True
Tomato,4.0,37.8,19.7,4.15,150.0,16.9,44.1,38.0,5.06,760,89,1.06,47031,5,50600,7.6,7,5,5,5,5,Poor,True
Tomato,1.0,8.4,16.5,4.63,2854.0,16.6,75.5,53.8,4.92,756,89,0.27,12506,5,12300,-1.6,5,5,5,5,5,Poor,True
Tomato,0.25,41.4,13.7,4.47,51.0,18.5,67.7,28.0,4.92,756,88,0.1,3059,7,3075,0.5,5,5,5,5,5,Poor,True
Tomato,0.25,31.2,34.0,7.85,1901.0,93.4,61.1,52.8,9.94,712,81,0.1,3014,27,6212,106.1,70,33,39,5,100,Poor,True
Tomato,6.25,23.4,55.3,4.55,2913.0,83.8,89.7,71.5,10.97,609,79,2.62,80840,32,171406,112.0,100,5,100,5,100,Poor,True
Tomato,0.25,38.8,14.3,8.34,2669.0,22.2,36.6,45.9,4.91,772,90,0.1,2900,5,3069,5.8,5,5,5,5,5,Poor,True
Tomato,12.25,19.4,47.2,6.73,628.0,132.8,44.3,69.3,24.37,613,80,9.5,148040,93,746331,404.1,100,100,89,100,100,Good,True
Tomato,2.0,8.4,90.2,4.81,133.0,22.4,72.5,55.6,4.85,767,88,0.55,25768,7,24250,-5.9,5,5,5,5,5,Poor,True
Tomato,1.0,37.9,97.9,8.39,2387.0,14.2,77.6,40.4,5.0,776,89,0.26,12706,5,12500,-1.6,6,5,5,5,5,Poor,True
Tomato,3.5,31.1,75.3,7.47,296.0,189.0,54.6,69.4,12.87,646,84,1.62,42710,39,112612,163.7,70,63,75,51,22,Poor,True
Tomato,2.0,13.2,32.4,5.53,993.0,78.3,70.0,52.5,14.32,726,84,1.07,25676,46,71600,178.9,43,55,33,73,97,Moderate,True
Tomato,6.25,39.2,65.2,6.83,704.0,141.6,37.9,57.0,13.32,597,87,3.04,74390,46,208125,179.8,5,100,100,100,97,Poor,True
Tomato,3.5,16.6,51.3,8.72,1096.0,79.7,70.7,84.7,11.83,605,82,1.54,46073,35,103512,124.7,83,5,100,61,100,Poor,True
Tomato,7.5,29.8,36.1,6.02,1313.0,151.2,37.5,50.5,15.85,698,82,4.09,87483,51,297188,239.7,82,100,47,37,82,Moderate,True
Tomato,0.5,20.0,65.2,6.01,741.0,91.4,84.3,62.7,26.02,590,80,0.39,6436,99,32525,405.4,100,100,100,100,100,Good,True
Tomato,7.5,20.2,63.3,7.58,544.0,140.0,48.6,45.3,19.52,621,81,4.76,89714,73,366000,308.0,100,54,100,100,100,Moderate,True
Tomato,5.0,23.9,66.0,5.96,601.0,141.1,85.5,33.3,25.33,613,82,3.95,62928,98,316625,403.2,100,96,100,100,98,Good,True
Tomato,0.5,19.7,71.1,7.12,529.0,21.1,91.3,46.1,13.07,620,81,0.24,6613,43,16338,147.1,100,90,95,100,5,Poor,True
Tomato,9.0,6.7,89.4,4.05,2362.0,21.0,47.7,61.6,5.12,751,88,2.44,104349,5,115200,10.4,5,5,8,5,5,Poor,True
Tomato,10.0,42.4,10.0,4.7,136.0,7.8,76.6,23.3,4.95,770,90,2.7,123843,5,123750,-0.1,5,5,5,5,5,Poor,True
Tomato,3.5,16.6,71.7,6.26,81.0,121.5,73.3,79.0,12.55,617,80,1.67,45484,43,109813,141.4,84,100,92,5,100,Poor,True
Tomato,3.5,30.1,44.4,6.14,268.0,174.9,48.3,88.4,15.85,651,79,2.02,43537,57,138688,218.6,80,100,79,42,45,Moderate,True
Tomato,0.5,19.6,53.9,6.99,436.0,37.7,99.6,64.3,15.69,609,80,0.27,6842,54,19612,186.6,100,100,100,96,27,Moderate,True
Tomato,12.25,22.7,59.3,6.84,683.0,93.9,59.1,89.2,26.4,591,81,10.04,154413,99,808500,423.6,100,100,100,100,100,Good,True
Tomato,1.5,42.6,22.2,8.04,2664.0,8.1,92.2,82.3,5.33,771,90,0.42,20322,7,19988,-1.6,5,18,5,5,5,Poor,True
Tomato,0.5,23.6,54.4,6.44,579.0,126.4,54.9,36.3,26.53,620,79,0.38,5907,99,33162,461.4,100,100,100,100,100,Good,True
Tomato,10.0,21.5,64.2,8.28,473.0,134.8,83.7,35.3,13.08,605,79,4.81,131118,43,327000,149.4,100,5,100,100,100,Poor,True
Tomato,16.0,40.1,15.4,4.68,199.0,11.5,69.9,60.2,5.16,768,90,4.28,202166,6,206400,2.1,5,5,5,20,5,Poor,True
Tomato,9.0,7.9,20.5,4.5,82.0,17.8,92.2,29.8,5.0,755,91,2.45,119039,5,112500,-5.5,5,5,5,5,5,Poor,True
Tomato,7.5,42.5,24.3,8.25,2382.0,29.6,56.2,44.1,5.25,732,90,2.02,89885,6,98438,9.5,5,5,5,5,13,Poor,True
Tomato,3.5,20.7,65.7,5.71,1275.0,92.4,32.7,31.3,17.62,621,80,2.0,40309,66,154175,282.5,100,73,100,41,100,Moderate,True
Tomato,5.0,42.4,11.2,4.73,142.0,11.5,63.4,45.2,4.85,769,90,1.34,61026,5,60625,-0.7,5,5,5,5,5,Poor,True
Tomato,3.5,16.0,62.0,5.9,330.0,172.4,59.8,34.3,16.98,592,83,2.03,41447,62,148575,258.5,76,91,100,62,49,Moderate,True
Tomato,2.25,18.1,56.1,6.82,682.0,132.3,95.7,34.5,25.99,610,78,1.81,28652,99,146194,410.2,100,100,100,100,100,Good,True
Tomato,7.5,22.2,52.6,7.48,1197.0,43.9,72.6,46.5,15.82,580,79,4.03,94302,53,296625,214.5,100,62,100,50,38,Moderate,True
Tomato,9.0,40.8,88.3,8.81,2559.0,16.2,45.6,55.0,5.08,760,88,2.46,109044,7,114300,4.8,5,5,13,5,5,Poor,True
Tomato,7.5,11.8,86.3,8.09,1650.0,62.5,64.2,26.5,7.68,734,86,2.49,90286,17,144000,59.5,27,14,22,5,70,Poor,True
Tomato,10.0,10.5,40.0,5.74,395.0,140.3,90.3,67.7,12.37,646,90,4.64,132789,38,309250,132.9,11,75,62,82,100,Poor,True
Tomato,9.0,6.0,20.6,5.12,2496.0,19.8,59.8,41.7,5.2,781,89,2.4,111747,8,117000,4.7,5,16,5,5,5,Poor,True
Tomato,7.5,26.9,71.1,6.1,696.0,19.6,73.2,64.5,12.93,607,80,3.63,97393,43,242438,148.9,100,100,95,100,5,Poor,True
Tomato,3.0,28.2,45.1,8.34,439.0,77.8,41.9,87.3,12.98,629,79,1.39,37692,42,97350,158.3,98,5,81,96,96,Poor,True
Tomato,6.25,17.1,92.5,6.89,773.0,73.6,38.1,60.2,12.74,775,81,2.94,75323,41,199062,164.3,89,100,5,97,89,Poor,True
Tomato,9.0,24.6,65.3,6.24,259.0,183.2,67.0,70.9,15.11,593,82,4.84,114449,53,339975,197.1,100,100,100,39,32,Moderate,True
Tomato,6.25,21.2,54.4,8.27,718.0,98.6,61.8,41.5,13.46,599,80,2.99,75416,44,210312,178.9,100,5,100,100,100,Poor,True
Tomato,12.25,14.2,43.0,5.07,2340.0,59.5,91.2,78.5,9.22,656,85,4.46,158261,26,282362,78.4,55,12,73,5,65,Poor,True
Tomato,7.5,25.1,57.4,6.54,631.0,130.2,89.7,43.7,25.98,596,81,5.9,96363,99,487125,405.5,100,100,100,100,100,Good,True
Tomato,10.0,26.0,51.1,6.93,514.0,109.3,88.3,87.5,26.06,569,80,8.08,136841,99,651500,376.1,100,100,100,100,100,Good,True
Tomato,7.5,19.0,65.8,6.77,572.0,129.3,38.3,66.4,25.7,593,80,5.93,92405,99,481875,421.5,100,100,100,100,100,Good,True
Tomato,5.0,41.9,19.8,4.37,89.0,17.7,72.2,22.9,5.01,745,88,1.35,60323,5,62625,3.8,5,5,5,5,5,Poor,True
Tomato,6.25,21.0,17.3,6.17,488.0,133.6,43.7,62.4,13.54,785,80,2.99,76970,43,211562,174.9,100,100,5,100,100,Poor,True
Tomato,3.5,25.6,59.3,6.6,578.0,84.0,59.5,89.9,26.39,599,79,2.92,45491,99,230913,407.6,100,100,100,100,100,Good,True
Tomato,2.0,20.1,51.6,6.45,602.0,100.4,34.8,36.1,26.65,602,79,1.62,23112,97,133250,476.5,100,100,100,100,100,Good,True
Tomato,2.0,42.8,15.2,4.48,77.0,19.0,65.9,60.5,5.04,758,90,0.53,24964,6,25200,0.9,5,5,5,5,5,Poor,True
Tomato,6.25,40.6,83.1,6.78,1123.0,34.8,68.0,35.7,9.36,684,88,2.39,76031,23,146250,92.4,5,100,38,58,22,Poor,True
Tomato,7.5,19.8,68.7,6.16,667.0,91.1,50.0,64.4,25.97,579,78,5.94,92406,99,486937,427.0,100,100,100,100,100,Good,True
Tomato,6.25,12.4,71.6,5.57,454.0,138.3,58.6,86.5,16.57,610,86,3.48,79103,57,258906,227.3,33,59,92,100,100,Moderate,True
Tomato,2.25,25.7,95.8,6.21,750.0,131.6,86.9,82.7,14.07,781,80,1.08,30093,43,79144,163.0,100,100,5,100,100,Poor,True
Tomato,2.25,17.7,81.4,6.9,322.0,44.2,33.5,61.0,15.68,701,79,1.24,26203,54,88200,236.6,97,100,46,59,38,Moderate,True
Tomato,6.25,6.8,46.7,5.84,553.0,80.7,50.5,89.5,13.41,628,92,2.85,77555,40,209531,170.2,5,85,88,100,100,Poor,True
Tomato,7.5,23.6,57.5,6.7,617.0,81.9,64.8,78.8,25.47,613,79,5.92,97531,99,477562,389.7,100,100,100,100,100,Good,True
Tomato,1.5,40.1,13.8,4.13,171.0,13.8,34.6,44.8,5.07,784,89,0.41,17705,6,19012,7.4,5,5,5,12,5,Poor,True
Tomato,1.5,34.7,64.9,6.58,892.0,128.6,44.7,51.7,16.62,608,90,0.87,17688,61,62325,252.4,36,100,100,84,100,Moderate,True
Tomato,2.0,25.1,68.5,5.54,689.0,148.1,71.1,66.0,19.78,609,79,1.31,25097,73,98900,294.1,100,56,100,100,87,Moderate,True
Tomato,3.5,26.0,50.8,6.37,476.0,124.2,92.2,70.3,25.85,608,81,2.79,46163,99,226188,390.0,100,100,100,100,100,Good,True
Tomato,12.25,42.8,12.7,8.1,114.0,30.0,77.9,47.2,5.44,782,90,3.38,158230,5,166600,5.3,5,13,5,5,14,Poor,True
Tomato,10.0,8.8,17.6,6.97,2024.0,58.1,50.1,72.0,8.61,777,92,3.48,122203,22,215250,76.1,5,100,5,5,62,Poor,True
Tomato,3.5,25.6,55.3,6.67,487.0,139.9,57.3,78.9,26.09,590,80,2.8,43623,99,228288,423.3,100,100,100,100,100,Good,True
Tomato,3.0,29.6,50.9,6.96,670.0,20.5,50.8,80.1,13.27,593,80,1.44,38637,41,99525,157.6,84,100,100,100,5,Poor,True
Tomato,9.0,41.0,70.3,7.62,1790.0,87.6,69.3,90.1,9.87,600,90,3.54,116206,27,222075,91.1,5,51,99,5,100,Poor,True
Tomato,4.0,38.0,90.1,5.64,2159.0,69.7,66.4,95.6,8.11,783,89,1.37,50908,18,81100,59.3,5,66,5,5,82,Poor,True
Tomato,2.0,9.2,56.0,7.28,427.0,76.4,35.0,79.6,12.67,614,88,0.91,23972,40,63350,164.3,5,78,100,93,94,Poor,True
Tomato,2.0,26.5,56.2,6.73,742.0,136.0,62.4,63.1,26.59,618,79,1.59,24781,99,132950,436.5,100,100,100,100,100,Good,True
Tomato,0.25,18.2,62.9,6.15,747.0,132.2,76.2,73.0,26.59,618,80,0.2,3231,99,16619,414.4,100,100,100,100,100,Good,True
Tomato,16.0,9.1,69.7,5.82,681.0,101.9,74.8,92.6,13.13,628,89,7.62,205024,43,525200,156.2,5,83,100,100,100,Poor,True
Tomato,2.0,22.8,65.4,6.54,735.0,83.3,61.6,26.6,25.5,602,82,1.59,23651,99,127500,439.1,100,100,100,100,100,Good,True
Tomato,1.0,37.1,13.3,4.46,95.0,19.5,94.8,84.9,5.25,796,88,0.27,13662,9,13125,-3.9,14,5,5,5,5,Poor,True
Tomato,16.0,9.2,17.5,4.63,86.0,11.3,65.2,80.2,4.92,780,90,4.26,197776,5,196800,-0.5,5,5,5,5,5,Poor,True
Tomato,12.25,9.4,94.1,8.07,120.0,27.1,73.2,93.4,5.14,766,88,3.3,159619,8,157412,-1.4,5,15,5,5,9,Poor,True
Tomato,7.5,29.7,66.1,7.41,1211.0,134.0,97.6,77.6,18.22,587,81,4.52,101613,64,341625,236.2,84,67,100,49,100,Moderate,True
Tomato,3.0,26.2,59.4,6.5,532.0,98.0,74.1,33.4,25.43,597,79,2.46,37583,99,190725,407.5,100,100,100,100,100,Good,True
Tomato,0.25,23.8,65.8,6.55,694.0,117.3,37.4,57.4,25.91,603,79,0.2,3039,99,16194,432.9,100,100,100,100,100,Good,True
Tomato,7.5,38.9,53.3,6.3,479.0,149.9,94.7,66.8,13.2,606,89,3.48,101954,42,247500,142.8,5,100,100,100,84,Poor,True
Tomato,6.25,27.8,59.9,6.11,651.0,124.3,45.5,83.1,27.15,595,79,4.96,75112,99,424219,464.8,100,100,100,100,100,Good,True
Tomato,7.5,30.2,38.4,6.01,405.0,101.1,36.3,86.3,19.98,684,83,4.67,88157,68,374625,325.0,79,100,56,86,100,Moderate,True
Tomato,10.0,27.1,51.6,6.5,604.0,130.2,51.9,60.4,26.95,600,79,7.98,123985,99,673750,443.4,100,100,100,100,100,Good,True
Tomato,3.5,42.3,17.5,4.37,162.0,16.5,76.8,35.6,4.99,779,86,0.97,43437,5,43662,0.5,5,5,5,9,5,Poor,True
Tomato,2.25,41.7,10.2,4.6,68.0,8.6,70.9,20.8,5.1,747,91,0.59,27749,7,28688,3.4,5,5,5,5,5,Poor,True
Tomato,0.5,19.3,60.3,6.63,468.0,7.5,70.1,57.9,13.76,600,81,0.23,6035,39,17200,185.0,100,100,100,100,5,Poor,True
Tomato,12.25,17.0,19.7,6.19,599.0,110.4,47.0,54.1,13.04,768,80,5.92,147159,42,399350,171.4,88,100,5,100,100,Poor,True
Tomato,4.0,28.0,72.1,5.64,1652.0,20.2,65.2,29.8,10.31,632,78,1.6,48520,31,103100,112.5,100,66,90,5,5,Poor,True
Tomato,0.25,25.9,58.7,6.47,749.0,96.9,49.8,24.9,26.84,604,80,0.19,2888,99,16775,480.9,100,100,100,100,100,Good,True
Tomato,10.0,21.9,63.5,6.28,742.0,136.1,39.5,37.0,25.14,601,80,7.99,113916,99,628500,451.7,100,100,100,100,100,Good,True
Tomato,0.5,23.4,46.0,8.53,2805.0,159.0,67.2,36.5,10.29,616,79,0.2,5909,29,12862,117.7,100,5,85,5,70,Poor,True
Tomato,1.5,23.3,40.6,6.22,380.0,101.7,83.0,31.2,20.91,660,80,0.99,18811,78,78412,316.8,100,100,64,78,100,Good,True
Tomato,2.25,27.5,50.9,6.24,589.0,125.4,60.8,37.4,25.95,610,81,1.86,27604,99,145969,428.8,100,100,100,100,100,Good,True
Tomato,7.5,41.3,19.4,4.96,2362.0,7.7,74.3,43.4,5.11,791,91,1.99,96527,5,95812,-0.7,5,5,5,5,5,Poor,True
Tomato,2.25,18.3,69.7,6.24,560.0,96.5,76.6,26.9,25.89,595,82,1.79,28042,99,145631,419.3,100,100,100,100,100,Good,True
Tomato,0.25,18.4,44.7,5.88,1796.0,113.6,55.0,83.2,12.5,646,81,0.12,3059,37,7812,155.4,100,88,80,5,100,Poor,True
Tomato,0.25,23.8,57.6,6.54,591.0,82.9,38.1,50.4,25.6,611,80,0.2,2985,99,16000,436.0,100,100,100,100,100,Good,True
Tomato,5.0,19.8,83.3,6.75,905.0,124.7,47.2,96.5,17.13,688,80,2.93,63320,61,214125,238.2,100,100,37,83,100,Moderate,True
Tomato,6.25,25.7,67.4,6.03,774.0,5.9,39.4,60.6,13.29,580,81,3.04,74734,42,207656,177.9,100,100,100,97,5,Poor,True
Tomato,5.0,21.4,60.7,6.92,638.0,116.4,46.8,58.9,25.28,572,78,3.89,61772,99,316000,411.6,100,100,100,100,100,Good,True
Tomato,3.5,42.1,94.5,8.82,1715.0,12.7,87.2,74.6,5.02,803,89,0.92,46653,6,43925,-5.8,5,5,5,5,5,Poor,True
Tomato,10.0,8.1,90.4,7.12,2120.0,191.8,52.6,91.3,7.25,779,88,3.23,123462,16,181250,46.8,5,91,5,5,18,Poor,True
Tomato,0.25,39.3,18.7,4.51,95.0,17.4,33.0,49.9,4.97,763,90,0.1,2976,5,3106,4.4,5,5,5,5,5,Poor,True
Tomato,9.0,6.5,13.8,4.32,110.0,12.9,48.1,41.6,4.9,750,90,2.44,104343,5,110250,5.7,5,5,5,5,5,Poor,True
Tomato,2.0,41.5,73.1,6.26,795.0,94.4,85.6,94.1,12.95,650,88,0.9,26937,41,64750,140.4,5,100,85,95,100,Poor,True
Tomato,2.0,28.0,61.8,4.22,1536.0,52.0,82.9,93.4,10.32,621,80,0.83,25988,33,51600,98.6,100,5,100,12,52,Poor,True
Tomato,6.25,39.4,66.4,7.46,110.0,34.7,65.4,81.1,8.69,625,89,2.28,79608,23,135781,70.6,5,64,100,5,22,Poor,True
Tomato,3.5,38.9,16.1,4.36,90.0,9.8,97.3,29.0,4.93,769,89,0.95,44522,7,43138,-3.1,5,5,5,5,5,Poor,True
Tomato,9.0,20.7,55.9,7.4,376.0,132.9,79.5,86.5,21.5,602,81,6.27,122290,81,483750,295.6,100,68,100,77,100,Good,True
Tomato,2.0,17.7,55.4,4.54,619.0,97.8,89.2,29.9,13.24,605,80,0.96,26537,44,66200,149.5,96,5,100,100,100,Poor,True
Tomato,10.0,32.6,43.5,7.79,571.0,149.6,48.6,35.7,15.53,655,83,5.55,114073,54,388250,240.4,57,37,75,100,85,Moderate,True
Tomato,4.0,28.7,69.2,6.09,131.0,103.8,85.2,80.6,13.03,570,80,1.88,53804,43,130300,142.2,93,100,100,5,100,Poor,True
Tomato,0.5,19.7,51.4,6.5,703.0,83.5,88.7,85.7,27.08,612,80,0.41,6526,99,33850,418.7,100,100,100,100,100,Good,True
Tomato,2.0,9.1,14.6,8.18,111.0,27.0,45.0,42.7,5.1,762,90,0.54,23682,7,25500,7.7,5,6,5,5,8,Poor,True
Tomato,9.0,40.3,10.1,4.2,85.0,5.1,30.9,93.1,5.23,755,90,2.4,109973,5,117675,7.0,5,5,5,5,5,Poor,True
Tomato,9.0,26.2,67.9,6.35,556.0,103.4,95.9,47.9,26.28,604,79,7.3,119025,99,591300,396.8,100,100,100,100,100,Good,True
Tomato,10.0,18.8,60.1,6.54,551.0,138.6,65.9,71.0,26.5,584,80,7.74,125880,99,662500,426.3,100,100,100,100,100,Good,True
Tomato,1.5,21.8,12.1,6.72,1248.0,69.7,85.1,97.6,11.83,771,80,0.66,20579,36,44362,115.6,100,100,5,44,82,Poor,True
Tomato,2.25,23.6,75.1,6.66,1023.0,99.0,94.7,25.4,20.54,655,82,1.55,28563,80,115537,304.5,100,100,76,70,100,Good,True
Tomato,3.5,20.1,61.3,6.15,534.0,131.0,89.3,89.0,25.83,602,81,2.84,46197,99,226012,389.2,100,100,100,100,100,Good,True
Tomato,0.25,27.9,69.4,6.77,595.0,110.4,46.3,26.8,25.77,594,80,0.2,2747,98,16106,486.3,100,100,100,100,100,Good,True
Tomato,4.0,6.4,68.7,6.25,488.0,53.7,49.6,21.6,12.21,599,93,1.79,46247,41,122100,164.0,5,100,100,100,55,Poor,True
Tomato,1.5,22.9,65.3,6.64,716.0,125.0,79.5,59.6,25.36,616,80,1.16,19864,99,95100,378.8,100,100,100,100,100,Good,True
Tomato,3.0,41.1,17.0,4.08,82.0,9.1,99.8,39.2,4.96,765,91,0.82,39547,5,37200,-5.9,5,5,5,5,5,Poor,True
Tomato,3.0,37.5,21.3,8.25,2622.0,9.5,57.3,40.5,4.97,803,89,0.8,35730,9,37275,4.3,10,5,5,5,5,Poor,True
Tomato,9.0,9.7,88.8,5.01,100.0,10.2,37.0,62.7,5.09,767,92,2.42,108713,5,114525,5.3,5,6,11,5,5,Poor,True
Tomato,12.25,20.4,57.9,6.88,650.0,6.0,43.5,50.6,13.64,622,80,5.97,150536,44,417725,177.5,100,100,100,100,5,Poor,True
Tomato,1.5,26.1,52.1,6.49,1399.0,152.6,60.2,75.0,15.64,605,82,0.81,18858,54,58650,211.0,100,100,100,27,80,Moderate,True
Tomato,1.5,21.3,53.7,6.79,666.0,109.9,45.1,58.0,26.93,598,79,1.15,18340,99,100987,450.6,100,100,100,100,100,Good,True
Tomato,0.25,17.6,44.3,7.77,1019.0,103.3,40.5,51.9,16.91,619,79,0.14,2916,57,10569,262.4,95,39,78,70,100,Moderate,True
Tomato,10.0,25.5,10.8,6.2,402.0,95.3,32.2,46.8,13.37,785,79,4.58,111269,39,334250,200.4,100,100,5,85,100,Poor,True
Tomato,16.0,42.5,13.9,4.64,158.0,6.1,55.2,52.7,5.04,756,90,4.4,198079,7,201600,1.8,5,5,5,8,5,Poor,True
Tomato,3.0,26.4,49.8,7.1,739.0,186.8,68.1,22.5,15.73,592,82,1.66,35769,56,117975,229.8,100,92,99,100,26,Moderate,True
Tomato,9.0,39.4,14.8,4.25,59.0,12.4,39.6,96.4,4.88,785,89,2.46,111689,8,109800,-1.7,5,5,5,5,5,Poor,True
Tomato,5.0,25.4,40.7,6.75,1068.0,55.5,69.4,21.0,18.54,673,79,3.08,59251,69,231750,291.1,100,100,65,64,58,Moderate,True
Tomato,7.5,33.2,61.3,5.95,1064.0,150.5,85.9,37.3,18.6,590,85,4.48,95944,65,348750,263.5,50,95,100,65,83,Moderate,True
Tomato,6.25,25.9,51.2,6.52,697.0,98.7,62.3,35.2,25.73,606,80,5.05,75908,99,402031,429.6,100,100,100,100,100,Good,True
Tomato,16.0,42.5,16.5,4.14,64.0,8.1,86.9,65.3,5.0,779,85,4.28,201651,6,200000,-0.8,5,5,5,5,5,Poor,True
Tomato,16.0,18.7,57.5,6.05,637.0,91.4,82.0,57.8,25.5,606,81,13.0,204908,99,1020000,397.8,100,100,100,100,100,Good,True
Tomato,9.0,37.5,13.9,4.11,68.0,17.1,47.8,89.6,5.0,769,87,2.42,111029,5,112500,1.3,9,5,5,5,5,Poor,True
Tomato,0.5,19.0,68.2,6.46,558.0,136.9,79.7,42.3,25.13,606,78,0.4,6315,98,31412,397.4,100,100,100,100,100,Good,True
Tomato,0.25,21.3,58.3,6.53,738.0,95.7,58.5,28.9,25.05,596,81,0.2,2888,99,15656,442.1,100,100,100,100,100,Good,True
Tomato,3.0,18.9,67.5,6.9,61.0,92.1,63.2,20.5,13.59,610,78,1.41,36311,43,101925,180.7,100,100,100,5,100,Poor,True
Tomato,16.0,24.2,69.9,6.28,533.0,121.9,48.0,39.6,26.51,607,79,12.52,188662,99,1060400,462.1,100,100,100,100,100,Good,True
Tomato,16.0,37.4,19.8,4.66,164.0,9.4,85.1,92.2,5.25,769,88,4.38,217176,7,210000,-3.3,11,5,5,9,5,Poor,True
Tomato,2.0,19.3,70.4,5.79,673.0,128.9,42.9,31.5,23.43,591,81,1.43,23490,89,117150,398.7,100,80,98,100,100,Good,True
Tomato,5.0,19.7,57.1,6.26,582.0,116.2,75.4,21.2,25.66,599,80,3.96,61866,99,320750,418.5,100,100,100,100,100,Good,True
Tomato,1.0,39.4,12.1,4.47,163.0,7.1,81.3,94.9,5.14,735,88,0.28,13461,5,12850,-4.5,5,5,5,9,5,Poor,True
Tomato,1.0,16.2,46.7,6.32,597.0,104.8,81.1,66.7,23.52,635,81,0.7,13251,85,58800,343.7,79,100,88,100,100,Good,True
Tomato,7.5,21.3,53.2,8.56,548.0,81.7,91.8,50.1,13.64,590,80,3.49,95639,41,255750,167.4,100,5,100,100,100,Poor,True
Tomato,9.0,22.0,52.6,6.47,683.0,89.3,31.6,74.0,26.09,603,79,7.06,107956,99,587025,443.8,100,100,100,100,100,Good,True
Tomato,4.0,23.9,40.2,6.91,1260.0,164.7,59.4,70.0,17.27,674,80,2.3,46322,58,172700,272.8,100,100,63,43,61,Moderate,True
Tomato,0.25,17.6,30.2,4.65,1286.0,130.3,72.2,44.0,10.18,719,82,0.1,3072,29,6362,107.1,96,5,25,40,100,Poor,True
Tomato,1.5,27.3,97.3,7.39,884.0,69.0,78.4,66.7,12.04,760,84,0.64,19359,37,45150,133.2,100,69,5,85,81,Poor,True
Tomato,1.0,39.5,13.8,4.11,66.0,15.0,52.4,94.4,5.22,749,88,0.27,12396,5,13050,5.3,5,5,5,5,5,Poor,True
Tomato,0.25,32.0,72.2,5.98,310.0,122.7,70.7,87.3,18.81,613,85,0.15,3204,69,11756,266.9,62,98,90,56,100,Moderate,True
Tomato,1.5,38.2,14.3,4.7,199.0,15.5,81.3,84.2,5.41,754,88,0.4,20448,6,20288,-0.8,5,5,5,21,5,Poor,True
Tomato,2.0,43.2,12.6,4.44,169.0,18.6,66.0,53.7,5.14,750,87,0.56,25320,5,25700,1.5,5,5,5,11,5,Poor,True
Tomato,1.0,20.3,56.3,6.02,721.0,165.5,45.0,50.3,20.78,581,82,0.68,12006,77,51950,332.7,100,100,100,100,60,Good,True
Tomato,9.0,37.1,16.1,4.53,148.0,19.7,73.4,65.4,5.06,768,89,2.44,112200,7,113850,1.5,14,5,5,5,5,Poor,True
Tomato,16.0,19.6,59.1,6.52,707.0,123.0,36.0,44.1,25.11,590,80,12.78,181980,99,1004400,451.9,100,100,100,100,100,Good,True
Tomato,1.0,7.0,61.4,7.63,1634.0,164.8,92.6,98.0,9.29,598,88,0.37,13968,23,23225,66.3,5,50,100,5,61,Poor,True
Tomato,0.5,25.0,71.7,6.87,111.0,130.9,88.4,82.8,13.34,643,78,0.25,6740,39,16675,147.4,100,100,92,5,100,Poor,True
Tomato,12.25,23.9,53.7,6.92,717.0,112.7,98.6,42.3,25.51,595,81,9.69,160852,99,781244,385.7,100,100,100,100,100,Good,True
Tomato,7.5,38.9,14.4,4.36,193.0,12.6,38.2,65.9,5.36,748,91,2.06,90549,7,100500,11.0,5,5,5,18,5,Poor,True
Tomato,12.25,26.1,38.7,6.16,529.0,171.1,41.8,99.8,19.05,676,80,7.66,153990,66,583406,278.9,100,100,57,100,51,Moderate,True
Tomato,2.25,6.8,91.6,4.0,1629.0,12.5,50.4,77.1,4.74,776,88,0.6,27582,7,26663,-3.3,5,5,5,5,5,Poor,True
Tomato,1.0,19.3,63.9,6.33,581.0,117.5,58.2,39.1,26.64,575,81,0.77,11890,99,66600,460.1,100,100,100,100,100,Good,True
Tomato,10.0,6.4,13.6,4.03,107.0,29.6,39.7,59.6,5.01,792,90,2.64,112937,5,125250,10.9,5,5,5,5,13,Poor,True
Tomato,6.25,41.5,94.2,8.72,101.0,33.3,90.7,63.8,5.3,755,91,1.73,79882,5,82812,3.7,5,5,5,5,19,Poor,True
Tomato,9.0,14.2,82.2,7.41,1242.0,82.3,63.6,40.6,15.6,714,82,4.7,111562,50,351000,214.6,55,68,42,45,100,Moderate,True
Tomato,0.25,37.3,20.9,5.07,147.0,20.7,36.0,27.4,5.32,741,89,0.1,2772,5,3325,19.9,12,11,5,5,5,Poor,True
Tomato,16.0,33.2,75.3,7.52,1379.0,96.0,72.3,71.7,14.18,646,84,7.7,203786,48,567200,178.3,50,59,75,30,100,Moderate,True
Tomato,6.25,23.5,49.4,5.46,1386.0,79.4,78.6,46.4,15.2,612,82,3.39,79192,52,237500,199.9,100,48,98,29,99,Moderate,True
Tomato,6.25,10.7,61.6,8.02,535.0,3.6,74.5,84.4,9.19,606,89,2.37,80043,26,143594,79.4,13,19,100,100,5,Poor,True
Tomato,9.0,23.8,60.7,6.84,606.0,129.6,76.5,25.5,24.88,587,79,7.37,116145,99,559800,382.0,100,100,100,100,100,Good,True
Tomato,2.25,20.5,63.4,6.97,563.0,93.8,44.2,81.0,25.85,600,80,1.77,27744,99,145406,424.1,100,100,100,100,100,Good,True
Tomato,3.5,17.0,51.6,5.72,1113.0,145.1,49.4,52.9,19.97,588,82,2.25,41706,69,174738,319.0,88,73,100,59,92,Moderate,True
Tomato,1.0,28.2,57.9,6.4,3110.0,72.3,49.8,91.2,13.01,580,80,0.48,12646,44,32525,157.2,98,100,100,5,87,Poor,True
Tomato,16.0,38.9,14.0,4.35,157.0,6.4,68.5,41.4,5.04,756,89,4.25,205670,8,201600,-2.0,5,5,5,7,5,Poor,True
Tomato,4.0,30.8,11.4,4.7,2333.0,182.0,78.2,32.2,7.28,766,83,1.28,49932,12,72800,45.8,74,5,5,5,33,Poor,True
Tomato,12.25,24.3,61.5,6.75,676.0,117.2,39.6,37.8,26.14,596,80,9.77,136714,99,800538,485.6,100,100,100,100,100,Good,True
Tomato,3.0,20.6,52.7,6.38,746.0,89.7,61.3,93.8,26.24,582,80,2.47,37253,99,196800,428.3,100,100,100,100,100,Good,True
Tomato,16.0,13.3,56.2,5.68,1377.0,59.0,50.2,20.1,14.27,604,85,8.17,186641,45,570800,205.8,44,69,100,30,64,Moderate,True
Tomato,0.5,26.6,61.7,6.17,710.0,95.2,97.3,51.3,26.17,602,80,0.4,6704,99,32713,388.0,100,100,100,100,100,Good,True
Tomato,3.5,21.5,55.0,6.76,451.0,86.9,32.4,47.7,25.85,591,79,2.73,39970,99,226188,465.9,100,100,100,100,100,Good,True
Tomato,3.0,23.5,56.9,6.03,588.0,114.2,92.1,59.8,26.42,616,79,2.45,39559,99,198150,400.9,100,100,100,100,100,Good,True
Tomato,7.5,41.8,19.0,4.37,168.0,10.4,98.0,52.9,5.11,760,88,1.96,100285,5,95812,-4.5,5,5,5,11,5,Poor,True
Tomato,10.0,42.6,88.2,4.1,119.0,25.6,95.7,70.3,5.22,739,91,2.68,130065,7,130500,0.3,5,5,14,5,6,Poor,True
Tomato,2.0,42.8,90.9,8.03,1907.0,17.8,31.6,26.8,5.24,778,89,0.56,22257,6,26200,17.7,5,19,5,5,5,Poor,True
Tomato,1.0,26.5,51.8,6.98,593.0,91.2,69.3,61.8,25.75,587,80,0.81,12721,99,64375,406.1,100,100,100,100,100,Good,True
Tomato,1.0,24.9,52.5,6.86,594.0,134.6,62.1,22.4,25.29,625,77,0.8,12023,99,63225,425.9,100,100,100,100,100,Good,True
Tomato,0.5,42.1,17.5,4.14,198.0,6.9,81.5,94.0,5.25,790,88,0.13,6688,5,6562,-1.9,5,5,5,20,5,Poor,True
Tomato,3.0,7.7,97.0,8.66,1914.0,14.4,80.8,97.7,4.96,773,89,0.78,40500,7,37200,-8.1,5,5,5,5,5,Poor,True
Tomato,16.0,24.9,51.7,8.92,421.0,87.7,59.3,37.5,13.51,602,78,7.61,199855,43,540400,170.4,100,5,100,91,100,Poor,True
Tomato,3.0,26.7,69.8,4.38,697.0,142.8,73.5,46.6,13.31,619,81,1.44,38576,44,99825,158.8,100,5,100,100,96,Poor,True
Tomato,1.0,29.5,73.4,5.76,1077.0,168.7,30.5,59.9,17.78,621,81,0.59,11748,63,44450,278.4,86,78,84,63,55,Moderate,True
Tomato,0.5,27.2,64.7,5.53,1411.0,73.3,82.0,70.1,14.9,576,82,0.26,6855,50,18625,171.7,100,55,100,26,88,Moderate,True
Tomato,1.0,15.6,43.6,7.02,1287.0,186.8,44.3,78.6,13.52,617,85,0.5,11831,45,33800,185.7,72,99,76,40,26,Poor,True
Tomato,5.0,23.6,64.6,6.51,616.0,115.2,64.4,31.9,25.05,594,80,4.11,60586,99,313125,416.8,100,100,100,100,100,Good,True
Tomato,9.0,14.4,60.3,6.11,1524.0,82.0,41.8,95.2,13.07,578,83,4.33,106769,45,294075,175.4,57,100,100,13,100,Poor,True
Tomato,2.0,38.8,69.9,7.15,434.0,144.4,76.8,34.7,12.78,617,89,0.97,25066,41,63900,154.9,5,88,100,95,93,Poor,True
Tomato,3.5,40.2,10.0,4.31,113.0,17.1,95.4,94.6,5.26,769,90,0.9,48605,6,46025,-5.3,5,5,5,5,5,Poor,True
Tomato,16.0,9.1,88.8,8.37,2782.0,19.2,88.1,73.0,5.12,760,89,4.47,214972,5,204800,-4.7,5,5,11,5,5,Poor,True
Tomato,5.0,40.8,12.2,8.27,150.0,12.1,90.5,84.9,5.0,784,89,1.32,67465,5,62500,-7.4,5,5,5,5,5,Poor,True
Tomato,9.0,39.2,13.1,4.34,161.0,10.7,40.7,28.8,5.04,785,90,2.48,105467,5,113400,7.5,5,5,5,8,5,Poor,True
Tomato,4.0,27.7,54.8,6.45,457.0,113.0,36.1,83.3,25.28,600,80,3.13,45967,99,252800,450.0,100,100,100,100,100,Good,True
Tomato,3.5,29.4,49.4,5.62,1213.0,135.6,60.3,40.2,18.74,608,82,2.07,43086,64,163975,280.6,87,64,98,48,100,Moderate,True
Tomato,6.25,34.5,42.1,5.78,1767.0,34.4,97.9,72.8,8.93,658,85,2.33,84164,25,139531,65.8,38,80,70,5,21,Poor,True
Tomato,4.0,7.1,89.0,4.93,117.0,30.7,60.0,44.5,5.36,778,87,1.11,49596,6,53600,8.1,5,5,10,5,15,Poor,True
Tomato,7.5,40.5,18.5,8.48,121.0,34.8,58.4,89.3,5.17,777,90,2.1,93220,7,96938,4.0,5,5,5,5,22,Poor,True
Tomato,3.0,27.8,53.0,6.4,459.0,98.6,31.3,87.7,26.38,600,80,2.34,35831,99,197850,452.2,100,100,100,100,100,Good,True
Tomato,3.0,42.7,19.9,4.15,74.0,18.2,51.8,72.5,5.0,773,89,0.81,38136,5,37500,-1.7,5,5,5,5,5,Poor,True
Tomato,10.0,26.6,60.4,6.76,606.0,94.8,49.5,84.2,25.48,603,78,8.23,122384,99,637000,420.5,100,100,100,100,100,Good,True
Tomato,0.5,22.3,60.5,6.31,696.0,83.4,43.1,89.1,26.21,609,80,0.4,6175,99,32762,430.6,100,100,100,100,100,Good,True
Tomato,0.25,23.1,38.7,6.74,644.0,130.8,38.3,52.1,20.6,703,79,0.17,2986,74,12875,331.2,100,100,57,100,100,Moderate,True
Tomato,7.5,17.4,77.0,6.64,112.0,189.2,64.8,28.0,10.9,680,79,3.01,91060,32,204375,124.4,93,100,67,5,22,Poor,True
Tomato,1.5,34.2,88.5,5.93,2964.0,40.5,34.4,75.9,8.6,742,86,0.55,18441,20,32250,74.9,41,93,12,5,32,Poor,True
Tomato,1.0,24.9,60.2,6.33,520.0,87.2,37.4,55.7,25.81,631,79,0.81,11714,97,64525,450.8,100,100,100,100,100,Good,True
Tomato,16.0,42.8,16.2,4.73,57.0,6.3,49.3,95.1,4.95,784,89,4.31,203073,5,198000,-2.5,5,5,5,5,5,Poor,True
Tomato,10.0,38.5,19.2,4.38,68.0,6.6,78.3,79.8,4.99,788,87,2.76,129650,5,124750,-3.8,5,5,5,5,5,Poor,True
Tomato,16.0,23.3,56.9,6.07,593.0,114.3,71.3,57.3,25.64,626,80,12.69,202306,99,1025600,407.0,100,100,100,100,100,Good,True
Tomato,0.5,31.1,47.3,7.9,404.0,126.1,57.2,94.2,15.13,621,84,0.26,6263,50,18912,202.0,71,28,90,86,100,Moderate,True
Tomato,5.0,19.6,65.5,6.12,635.0,90.0,83.2,95.2,25.74,599,79,3.9,67091,99,321750,379.6,100,100,100,100,100,Good,True
Tomato,1.0,20.2,55.7,6.12,666.0,127.5,77.9,69.3,26.83,587,80,0.82,12358,99,67075,442.8,100,100,100,100,100,Good,True
Tomato,2.25,37.3,94.5,8.3,144.0,11.2,60.6,37.9,5.13,773,89,0.61,27987,7,28856,3.1,12,5,5,5,5,Poor,True
Tomato,0.5,23.4,54.0,7.05,732.0,8.3,38.4,57.8,13.63,576,78,0.24,6068,41,17038,180.8,100,96,100,100,5,Poor,True
Tomato,1.0,38.2,15.3,4.69,117.0,16.2,63.0,82.4,4.83,752,90,0.27,12930,5,12075,-6.6,5,5,5,5,5,Poor,True
Tomato,16.0,28.9,15.1,5.13,425.0,83.1,59.9,64.2,11.36,801,80,6.72,201413,32,454400,125.6,91,18,5,92,100,Poor,True
Tomato,3.0,26.3,63.2,6.56,711.0,138.2,65.8,82.3,26.43,584,81,2.4,38379,99,198225,416.5,100,100,100,100,100,Good,True
Tomato,3.5,26.1,69.8,6.94,701.0,117.8,62.9,86.8,26.47,587,81,2.77,43320,98,231612,434.7,100,100,100,100,100,Good,True
Tomato,2.25,33.8,38.0,5.42,422.0,61.5,39.1,36.2,15.79,696,85,1.22,25817,52,88819,244.0,45,45,54,91,68,Moderate,True
Tomato,9.0,41.2,17.6,4.51,108.0,12.2,84.2,62.8,4.86,780,87,2.34,120469,8,109350,-9.2,5,5,5,5,5,Poor,True
Tomato,1.5,28.2,74.6,6.63,1963.0,131.7,91.5,64.8,12.87,652,78,0.72,19158,41,48262,151.9,98,100,78,5,100,Poor,True
Tomato,2.0,38.0,71.8,6.59,455.0,101.1,68.3,73.9,13.09,610,92,0.94,24915,42,65450,162.7,5,100,91,100,100,Poor,True
Tomato,16.0,28.2,47.4,5.58,497.0,60.5,80.1,49.3,19.48,626,80,10.22,200952,72,779200,287.8,98,60,90,100,66,Moderate,True
Tomato,1.5,23.9,69.6,6.97,525.0,86.1,54.6,89.4,25.18,602,82,1.25,18935,99,94425,398.7,100,100,100,100,100,Good,True
Tomato,12.25,31.6,47.2,7.26,347.0,133.4,65.0,21.2,19.54,614,82,8.09,144673,72,598412,313.6,66,79,89,68,100,Moderate,True
Tomato,2.0,22.4,66.4,6.73,742.0,82.7,75.6,73.5,25.44,594,78,1.6,25202,99,127200,404.7,100,100,100,100,100,Good,True
Cotton,2.25,30.2,54.8,7.01,776.0,121.9,50.5,83.9,2.3,765,174,2.02,17340,99,342585,1875.7,100,100,100,100,100,Good,True
Cotton,1.0,25.4,12.1,6.86,939.0,146.0,41.4,85.9,1.16,943,171,0.53,7639,43,76792,905.3,100,100,5,96,100,Poor,True
Cotton,0.25,25.2,41.8,6.54,1187.0,134.3,57.3,23.0,1.99,744,176,0.2,1860,82,32934,1670.6,100,100,100,70,100,Good,True
Cotton,12.25,44.7,64.2,7.82,1699.0,169.4,48.2,73.3,0.9,795,192,5.7,93103,32,729855,683.9,5,100,80,16,63,Poor,True
Cotton,10.0,19.1,71.0,6.02,551.0,162.8,31.4,84.1,1.4,858,188,6.29,74174,54,926800,1149.5,42,83,48,100,76,Moderate,True
Cotton,7.5,25.5,43.6,7.63,646.0,146.9,77.8,48.5,2.33,760,175,6.76,58564,99,1156845,1875.4,100,100,100,100,100,Good,True
Cotton,0.25,25.3,53.6,7.2,745.0,95.9,60.6,75.2,2.31,753,174,0.22,1976,99,38230,1834.7,100,100,100,100,100,Good,True
Cotton,2.25,24.5,97.7,7.99,531.0,86.7,78.8,95.2,1.18,972,174,1.21,19198,40,175761,815.5,100,100,5,94,95,Poor,True
Cotton,12.25,23.9,10.9,7.81,923.0,129.2,88.7,91.6,1.15,995,170,6.76,105260,42,932592,786.0,99,100,5,98,100,Poor,True
Cotton,5.0,26.1,13.9,6.27,801.0,106.1,45.2,49.1,1.16,941,180,2.7,38554,44,383960,895.9,100,100,5,100,100,Poor,True
Cotton,7.5,19.4,48.3,7.45,1041.0,169.8,98.5,96.4,1.46,763,185,5.01,66545,61,724890,989.3,46,100,100,85,62,Moderate,True
Cotton,3.0,21.7,56.8,7.47,1247.0,121.3,75.4,81.3,1.84,772,183,2.31,24361,76,365424,1400.0,73,100,100,63,100,Good,True
Cotton,0.5,31.4,56.4,7.28,900.0,120.4,92.5,32.5,2.28,757,178,0.47,4044,99,75468,1766.2,100,100,100,100,100,Good,True
Cotton,10.0,14.5,17.0,4.4,117.0,30.9,72.0,84.8,0.43,962,198,3.01,78904,6,284660,260.8,5,5,5,5,6,Poor,True
Cotton,9.0,22.2,33.2,7.62,1243.0,78.9,87.0,45.3,1.67,814,177,6.42,71892,70,994986,1284.0,79,100,68,64,82,Moderate,True
Cotton,16.0,25.0,10.5,7.11,694.0,101.0,56.4,77.6,1.12,966,175,8.71,125970,41,1186304,841.7,100,100,5,100,100,Poor,True
Cotton,5.0,43.0,17.6,8.86,120.0,5.1,31.2,29.5,0.46,963,190,1.52,34739,6,152260,338.3,17,5,5,5,5,Poor,True
Cotton,12.25,28.1,50.2,7.43,581.0,142.4,83.3,93.0,2.32,738,175,10.95,101251,99,1881404,1758.2,100,100,100,100,100,Good,True
Cotton,3.5,32.4,51.0,6.36,658.0,98.5,59.4,81.5,2.29,746,174,3.28,28546,99,530593,1758.7,100,100,100,100,100,Good,True
Cotton,3.5,30.8,47.2,7.7,811.0,106.6,40.9,60.4,2.26,769,178,3.17,25434,99,523642,1958.8,100,100,100,100,100,Good,True
Cotton,6.25,34.0,50.2,6.76,690.0,93.3,86.6,83.0,2.31,749,177,5.58,52327,99,955762,1726.5,100,100,100,100,100,Good,True
Cotton,6.25,44.0,54.5,7.47,615.0,99.7,52.5,81.2,1.15,764,200,3.4,48324,42,475812,884.6,5,100,100,100,100,Poor,True
Cotton,5.0,44.0,46.3,6.0,765.0,108.3,93.5,46.4,1.17,747,196,2.69,40414,38,387270,858.3,5,81,100,100,100,Poor,True
Cotton,7.5,40.1,56.4,7.4,1257.0,46.0,36.9,38.7,1.29,764,184,4.33,52875,49,640485,1111.3,51,100,100,62,30,Moderate,True
Cotton,3.0,37.1,72.0,8.02,1271.0,94.0,56.0,65.0,1.5,905,178,1.95,22336,61,297900,1233.7,87,98,43,61,100,Moderate,True
Cotton,1.5,9.6,13.4,4.21,106.0,19.1,33.2,73.7,0.43,944,193,0.44,10754,5,42699,297.1,5,5,5,5,5,Poor,True
Cotton,3.5,34.7,55.6,6.04,756.0,16.5,45.9,50.7,1.14,751,176,1.88,26692,41,264138,889.6,100,85,100,100,5,Poor,True
Cotton,1.5,43.0,94.9,8.73,160.0,20.5,31.9,36.3,0.48,977,189,0.48,10980,7,47664,334.1,17,14,5,5,5,Poor,True
Cotton,7.5,43.0,83.3,4.74,162.0,8.4,52.3,98.3,0.46,981,189,2.29,58498,8,228390,290.4,17,5,5,5,5,Poor,True
Cotton,16.0,24.3,62.9,7.86,1092.0,174.4,67.1,82.1,1.69,782,171,11.6,130315,70,1790048,1273.6,100,100,86,80,54,Moderate,True
Cotton,10.0,14.9,88.1,8.8,2475.0,14.1,82.6,74.8,0.46,962,196,2.92,83441,5,304520,265.0,5,5,5,5,5,Poor,True
Cotton,4.0,8.6,11.5,4.36,133.0,17.5,99.8,55.9,0.43,964,192,1.21,32406,5,113864,251.4,5,5,5,5,5,Poor,True
Cotton,1.0,43.0,17.2,4.2,2050.0,21.7,78.4,48.7,0.47,980,193,0.31,8225,5,31114,278.3,17,5,5,5,5,Poor,True
Cotton,5.0,25.7,39.4,8.01,1271.0,172.1,38.8,91.4,1.72,767,176,3.46,37475,69,569320,1419.2,100,99,97,61,58,Moderate,True
Cotton,0.5,29.8,40.1,7.94,561.0,125.8,60.2,60.3,2.26,745,174,0.45,3976,99,74806,1781.4,100,100,100,100,100,Good,True
Cotton,0.5,10.8,88.3,4.83,198.0,14.1,54.3,22.0,0.45,985,197,0.15,3663,5,14895,306.6,5,5,5,5,5,Poor,True
Cotton,16.0,11.2,15.8,8.7,153.0,16.0,77.7,79.0,0.48,966,198,4.84,129782,5,508416,291.7,5,17,5,5,5,Poor,True
Cotton,7.5,43.0,95.6,4.99,154.0,13.4,84.7,40.8,0.48,964,190,2.35,57769,5,238320,312.5,17,5,5,5,5,Poor,True
Cotton,1.5,43.0,18.0,4.25,240.0,8.7,35.3,57.2,0.48,947,192,0.47,11316,5,47664,321.2,17,5,5,5,5,Poor,True
Cotton,3.0,26.0,57.9,7.29,615.0,132.2,56.0,91.0,2.28,723,176,2.69,23340,99,452808,1840.1,100,100,100,100,100,Good,True
Cotton,1.5,39.0,49.3,6.49,728.0,180.9,59.8,29.7,1.52,738,181,0.97,11176,63,150936,1250.5,64,100,100,100,41,Moderate,True
Cotton,5.0,9.4,14.2,4.05,94.0,14.3,68.0,29.1,0.45,959,194,1.49,37802,5,148950,294.0,5,5,5,5,5,Poor,True
Cotton,0.5,7.4,15.5,4.46,85.0,10.6,95.8,86.8,0.43,944,198,0.16,4155,5,14233,242.6,5,5,5,5,5,Poor,True
Cotton,6.25,25.0,59.8,7.55,831.0,126.2,96.9,20.6,2.39,753,174,5.69,49946,98,988862,1879.9,100,100,100,100,100,Good,True
Cotton,0.5,11.8,81.6,5.39,2975.0,11.5,57.8,59.6,0.47,950,201,0.15,3833,10,15557,305.9,5,23,5,5,5,Poor,True
Cotton,3.5,32.7,58.9,7.23,625.0,139.1,35.4,53.8,2.32,736,173,3.13,26775,99,537544,1907.6,100,100,100,100,100,Good,True
Cotton,7.5,43.0,19.1,5.13,2734.0,29.0,95.9,43.3,0.47,962,192,2.26,60230,7,233355,287.4,17,5,5,5,5,Poor,True
Cotton,3.5,28.3,30.1,6.88,1034.0,132.4,43.9,34.8,1.68,869,178,2.48,25470,70,389256,1428.3,100,100,53,86,100,Moderate,True
Cotton,6.25,43.0,15.0,8.73,213.0,37.1,30.4,37.8,0.5,964,196,2.03,43820,9,206875,372.1,17,13,5,5,16,Poor,True
Cotton,10.0,25.8,64.2,6.48,897.0,5.8,57.8,94.4,1.13,823,172,5.19,75831,44,748060,886.5,100,100,80,100,5,Poor,True
Cotton,0.25,7.3,11.6,4.28,159.0,17.3,68.5,28.7,0.44,939,193,0.1,1824,6,7282,299.2,5,5,5,5,5,Poor,True
Cotton,12.25,21.7,28.0,7.78,796.0,179.7,72.3,79.1,1.43,852,187,7.71,100416,60,1159658,1054.9,72,100,43,100,44,Moderate,True
Cotton,5.0,14.0,51.6,4.79,2299.0,36.0,90.3,32.8,0.65,740,195,1.8,40442,15,215150,432.0,5,5,100,5,15,Poor,True
Cotton,3.5,27.9,84.0,5.11,1991.0,59.7,84.1,85.4,0.72,949,171,1.32,28241,17,166824,490.7,100,5,5,5,52,Poor,True
Cotton,3.0,44.0,46.0,7.08,927.0,130.0,61.7,71.7,1.16,747,200,1.62,23258,42,230376,890.5,5,100,100,97,100,Poor,True
Cotton,5.0,38.0,50.8,4.83,1969.0,71.2,44.4,59.1,0.89,756,180,2.2,37510,27,294590,685.4,77,5,100,5,70,Poor,True
Cotton,1.5,10.6,16.3,4.3,118.0,5.0,90.1,54.8,0.43,967,193,0.46,12202,5,42699,249.9,5,5,5,5,5,Poor,True
Cotton,3.0,43.0,19.9,4.24,176.0,25.8,41.6,81.7,0.47,967,195,0.93,21917,7,93342,325.9,17,5,5,5,5,Poor,True
Cotton,5.0,13.1,17.8,4.76,182.0,8.6,32.3,40.7,0.44,962,194,1.48,36698,5,145640,296.9,5,5,5,5,5,Poor,True
Cotton,0.5,11.7,13.4,4.35,122.0,33.3,93.4,84.4,0.44,964,195,0.15,4179,5,14564,248.5,5,5,5,5,10,Poor,True
Cotton,3.0,28.1,49.4,7.41,642.0,143.8,54.1,97.9,2.18,732,176,2.68,23398,99,432948,1750.4,100,100,100,100,100,Good,True
Cotton,3.5,28.1,52.9,7.13,635.0,136.0,37.9,90.8,2.28,735,177,3.13,26855,99,528276,1867.1,100,100,100,100,100,Good,True
Cotton,3.5,33.7,19.9,6.07,916.0,80.4,45.8,52.4,1.13,960,174,1.85,25960,41,261821,908.6,100,87,5,98,85,Poor,True
Cotton,1.5,25.2,59.9,6.8,2116.0,41.6,43.6,82.1,1.03,754,180,0.73,11562,37,102279,784.6,100,100,100,5,23,Poor,True
Cotton,6.25,30.6,46.4,7.87,836.0,108.5,43.5,33.0,2.27,775,178,5.55,45990,99,939212,1942.2,100,100,100,100,100,Good,True
Cotton,2.25,35.7,58.0,7.91,587.0,119.3,89.5,51.5,2.32,761,173,2.06,18929,98,345564,1725.6,100,100,100,100,100,Good,True
Cotton,3.0,30.9,49.7,7.17,567.0,144.8,41.4,54.1,2.3,762,173,2.73,22924,99,456780,1892.6,100,100,100,100,100,Good,True
Cotton,10.0,22.8,36.7,6.19,782.0,60.2,30.5,63.0,1.67,781,178,7.06,73471,69,1105540,1404.7,85,99,84,100,53,Moderate,True
Cotton,3.5,27.2,50.8,7.63,557.0,134.0,54.3,79.7,2.31,744,180,3.19,27679,99,535227,1833.7,100,100,100,100,100,Good,True
Cotton,6.25,11.4,97.3,5.05,2200.0,16.0,91.2,68.1,0.45,949,196,1.9,52056,7,186188,257.7,5,5,5,5,5,Poor,True
Cotton,7.5,26.9,58.2,6.44,681.0,146.7,39.4,24.5,2.3,751,175,6.82,53968,99,1141950,2016.0,100,100,100,100,100,Good,True
Cotton,0.5,34.4,48.6,7.02,595.0,92.0,40.0,97.4,2.26,732,175,0.46,3909,99,74806,1813.7,100,100,100,100,100,Good,True
Cotton,12.25,21.1,16.8,6.3,1805.0,55.6,34.6,21.2,0.81,940,184,5.35,86897,26,656870,655.9,65,100,5,5,45,Poor,True
Cotton,12.25,27.2,54.6,7.12,702.0,108.8,42.8,82.0,2.32,719,174,11.57,93954,99,1881404,1902.5,100,100,100,100,100,Good,True
Cotton,2.0,7.4,10.9,4.16,117.0,14.3,85.8,66.9,0.43,971,198,0.61,16145,6,56932,252.6,5,5,5,5,5,Poor,True
Cotton,1.5,28.2,69.7,7.11,828.0,147.8,42.7,55.7,1.71,840,171,1.08,11036,74,169803,1438.6,100,100,54,100,100,Moderate,True
Cotton,3.0,43.0,86.0,8.68,2824.0,13.8,37.2,92.5,0.49,986,192,0.96,22758,6,97314,327.6,17,19,5,5,5,Poor,True
Cotton,6.25,34.3,50.8,7.82,621.0,146.2,79.1,91.2,2.34,758,175,5.62,48487,99,968175,1896.8,100,100,100,100,100,Good,True
Cotton,0.5,33.8,53.3,6.27,74.0,91.1,31.9,65.7,1.17,742,177,0.28,3830,41,38727,911.1,100,100,100,5,100,Poor,True
Cotton,1.0,25.3,95.8,8.02,527.0,141.8,52.1,31.0,1.15,982,184,0.52,7540,40,76130,909.7,100,98,5,93,100,Poor,True
Cotton,1.5,34.4,45.2,6.65,868.0,113.2,34.3,33.3,2.37,721,177,1.37,10595,99,235341,2121.2,100,100,100,100,100,Good,True
Cotton,1.0,34.8,42.4,7.05,633.0,149.8,37.4,48.3,2.25,736,181,0.89,7259,99,148950,1951.9,100,100,100,100,100,Good,True
Cotton,2.0,8.3,14.5,8.79,2810.0,22.0,71.4,71.0,0.45,978,195,0.6,15403,5,59580,286.8,5,6,5,5,5,Poor,True
Cotton,0.25,31.6,26.4,5.79,1060.0,66.0,48.3,68.4,1.3,898,176,0.15,1913,53,21515,1024.7,100,61,35,83,62,Moderate,True
Cotton,3.0,43.0,18.9,8.67,187.0,25.7,81.5,97.5,0.53,961,191,0.95,25299,7,105258,316.1,17,20,5,5,5,Poor,True
Cotton,12.25,43.0,87.9,5.16,2709.0,17.4,55.1,69.4,0.47,938,189,3.78,96355,5,381146,295.6,17,5,5,5,5,Poor,True
Cotton,6.25,39.3,73.1,6.17,555.0,93.0,34.0,47.2,1.53,887,186,3.99,47470,58,633038,1233.6,61,98,38,100,100,Moderate,True
Cotton,4.0,33.7,69.9,8.8,897.0,176.7,53.3,60.3,1.0,865,176,1.94,31330,34,264800,745.2,100,5,53,100,49,Poor,True
Cotton,6.25,12.1,17.4,4.42,174.0,13.1,98.1,45.7,0.46,918,197,1.94,51456,6,190325,269.9,5,5,5,5,5,Poor,True
Cotton,4.0,29.2,41.1,7.31,2469.0,122.0,85.2,21.4,1.15,733,178,2.07,31303,44,304520,872.8,100,100,100,5,100,Poor,True
Cotton,6.25,25.3,45.8,4.63,1795.0,33.7,51.4,37.3,0.84,755,172,2.69,47164,27,347550,636.9,100,5,100,6,11,Poor,True
Cotton,10.0,32.4,47.9,8.13,397.0,149.4,84.6,90.0,1.75,746,175,7.21,84058,71,1158500,1278.2,100,85,100,52,100,Moderate,True
Cotton,1.0,43.0,13.4,5.22,2223.0,10.9,91.8,44.0,0.48,957,192,0.3,8261,9,31776,284.7,17,7,5,5,5,Poor,True
Cotton,4.0,19.1,36.3,8.4,897.0,133.0,42.0,52.9,1.45,775,185,2.54,30273,60,383960,1168.3,42,53,83,100,100,Moderate,True
Cotton,9.0,27.0,31.2,6.71,1098.0,54.5,71.2,40.2,1.57,862,175,6.12,68137,60,935406,1272.8,100,100,58,79,44,Moderate,True
Cotton,0.25,25.8,41.2,6.65,645.0,119.9,42.6,21.0,2.25,730,177,0.22,1799,96,37238,1969.9,100,100,100,100,100,Good,True
Cotton,1.0,39.0,25.3,4.81,2774.0,17.4,69.9,34.0,0.6,867,186,0.35,7561,16,39720,425.3,64,5,30,5,5,Poor,True
Cotton,0.25,43.0,94.6,4.06,2797.0,34.0,33.7,66.5,0.47,961,195,0.1,1882,8,7778,313.3,17,5,5,5,11,Poor,True
Cotton,6.25,32.6,54.2,7.2,1893.0,85.8,75.3,21.5,1.17,725,175,3.35,48700,44,484088,894.0,100,100,100,5,93,Poor,True
Cotton,1.5,35.5,41.0,7.87,741.0,122.0,46.2,26.0,2.33,732,180,1.36,10832,99,231369,2036.0,100,100,100,100,100,Good,True
Cotton,0.5,31.0,55.5,6.56,570.0,94.8,81.6,26.8,2.25,747,171,0.46,3951,99,74475,1785.0,100,100,100,100,100,Good,True
Cotton,12.25,34.7,12.5,6.57,570.0,140.1,39.4,43.8,1.17,987,177,6.75,89723,42,948812,957.5,100,100,5,100,100,Poor,True
Cotton,3.5,27.0,52.1,6.95,695.0,100.9,62.5,26.9,2.33,733,174,3.18,26457,99,539861,1940.5,100,100,100,100,100,Good,True
Cotton,7.5,26.7,47.8,6.4,590.0,139.6,71.4,50.6,2.3,746,176,6.82,57348,99,1141950,1891.3,100,100,100,100,100,Good,True
Cotton,3.0,26.3,42.1,7.58,774.0,99.4,30.4,23.7,2.4,770,171,2.66,21571,99,476640,2109.6,100,100,100,100,100,Good,True
Cotton,2.25,43.6,93.9,4.72,1509.0,7.5,58.0,52.0,0.52,960,194,0.74,18019,9,77454,329.8,10,5,5,36,5,Poor,True
Cotton,10.0,13.3,17.5,4.66,58.0,19.6,90.9,51.3,0.44,970,197,3.07,80416,5,291280,262.2,5,5,5,5,5,Poor,True
Cotton,4.0,13.7,57.3,8.7,130.0,114.5,46.0,33.9,0.84,765,196,1.72,28687,26,222432,675.4,5,17,100,5,100,Poor,True
Cotton,9.0,37.3,49.6,8.89,846.0,119.9,76.1,88.6,1.09,759,177,4.78,73609,42,649422,782.3,85,5,100,100,100,Poor,True
Cotton,3.5,25.0,39.7,7.65,1195.0,127.7,77.1,36.4,1.98,747,176,2.66,26889,82,458766,1606.1,100,100,98,69,100,Good,True
Cotton,16.0,19.8,32.5,7.58,745.0,106.3,90.7,35.9,1.64,834,181,11.15,131356,69,1737088,1222.4,51,100,65,100,100,Moderate,True
Cotton,1.5,26.9,42.5,6.36,2700.0,143.6,49.8,27.5,1.18,772,172,0.8,11171,45,117174,948.9,100,100,100,5,100,Poor,True
Cotton,16.0,29.1,47.6,7.97,655.0,115.0,60.5,31.0,2.32,746,177,14.44,121290,99,2457344,1926.0,100,100,100,100,100,Good,True
Cotton,3.0,37.5,87.0,7.12,754.0,81.8,93.0,43.0,1.16,984,179,1.6,24606,39,230376,836.3,82,100,5,100,87,Poor,True
Cotton,4.0,41.6,27.7,4.89,1463.0,179.0,66.6,58.1,0.74,886,191,1.53,31207,21,195952,527.9,33,5,42,41,45,Poor,True
Cotton,3.5,30.8,38.0,7.55,1666.0,160.3,59.4,93.5,1.32,749,175,1.97,26921,52,305844,1036.1,100,100,90,19,80,Moderate,True
Cotton,0.25,32.9,51.9,6.37,757.0,99.6,32.2,88.7,2.35,740,180,0.23,1856,99,38892,1995.5,100,100,100,100,100,Good,True
Cotton,3.5,28.5,17.9,6.86,638.0,150.9,73.7,23.6,1.19,966,174,1.97,26425,41,275723,943.4,100,100,5,100,98,Poor,True
Cotton,6.25,28.5,50.1,7.18,880.0,92.5,49.4,54.3,2.31,722,177,5.78,48264,99,955762,1880.3,100,100,100,100,100,Good,True
Cotton,0.5,35.2,49.8,6.91,752.0,96.4,34.9,46.2,2.35,785,176,0.45,3518,98,77785,2111.1,100,100,100,100,100,Good,True
Cotton,0.25,8.1,15.1,4.35,200.0,17.5,64.6,69.2,0.43,943,193,0.1,2037,7,7116,249.3,5,5,5,5,5,Poor,True
Cotton,6.25,7.9,12.3,8.68,93.0,14.4,60.0,46.8,0.46,950,194,1.91,48734,9,190325,290.5,5,19,5,5,5,Poor,True
Cotton,7.5,32.4,58.7,7.68,649.0,92.0,43.7,85.9,2.26,761,172,6.43,57451,99,1122090,1853.1,100,100,100,100,100,Good,True
Cotton,7.5,31.6,42.4,6.04,825.0,11.4,69.9,99.8,1.18,743,170,4.04,60380,38,585870,870.3,100,85,100,100,5,Poor,True
Cotton,3.5,28.9,85.3,6.2,794.0,87.5,82.2,50.3,1.22,979,175,1.87,27780,43,282674,917.5,100,100,5,100,96,Poor,True
Cotton,7.5,30.9,90.2,7.85,688.0,130.9,78.2,33.8,1.21,989,178,4.04,57101,43,600765,952.1,100,100,5,100,100,Poor,True
Cotton,0.25,33.3,42.6,7.93,579.0,133.2,66.1,78.7,2.36,784,176,0.22,2007,99,39058,1846.1,100,100,100,100,100,Good,True
Cotton,3.0,34.1,29.0,5.73,828.0,69.1,48.6,72.2,1.54,889,178,1.96,22832,61,305844,1239.5,100,56,48,100,67,Moderate,True
Cotton,16.0,43.0,95.5,4.67,96.0,16.2,71.3,21.3,0.46,948,196,4.9,123002,6,487232,296.1,17,5,5,5,5,Poor,True
Cotton,9.0,29.6,47.9,7.55,725.0,111.0,85.9,66.5,2.29,757,174,8.07,73154,99,1364382,1765.1,100,100,100,100,100,Good,True
Cotton,7.5,43.0,79.0,5.19,2347.0,14.7,62.0,51.7,0.47,940,193,2.32,57102,7,233355,308.7,17,5,10,5,5,Poor,True
Cotton,3.5,25.0,40.5,6.39,810.0,110.6,56.3,63.4,2.3,714,178,3.17,26691,99,532910,1896.6,100,100,100,100,100,Good,True
Cotton,4.0,25.4,59.4,7.72,656.0,102.5,61.6,72.1,2.26,742,177,3.62,31466,97,598448,1801.9,100,100,100,100,100,Good,True
Cotton,16.0,32.7,60.6,8.85,673.0,141.4,89.4,30.5,1.18,743,171,8.54,130310,44,1249856,859.1,100,5,97,100,100,Poor,True
Cotton,10.0,33.4,55.0,6.35,593.0,107.7,91.4,80.4,2.35,753,174,8.9,81270,99,1555700,1814.2,100,100,100,100,100,Good,True
Cotton,2.25,20.1,38.1,6.14,1669.0,150.9,58.3,94.0,1.21,772,184,1.24,18170,45,180230,891.9,54,95,91,19,98,Moderate,True
Cotton,4.0,35.3,53.6,8.28,1355.0,85.5,93.1,82.6,1.67,737,178,2.82,33571,67,442216,1217.3,100,67,100,52,93,Moderate,True
Cotton,9.0,39.3,69.9,7.15,1203.0,138.0,55.7,43.8,1.59,821,185,6.03,69293,63,947322,1267.1,61,100,53,68,100,Moderate,True
Cotton,6.25,35.9,46.6,6.77,698.0,134.7,78.6,61.6,2.28,745,174,5.65,49390,99,943350,1810.0,100,100,100,100,100,Good,True
Cotton,7.5,37.1,53.5,7.61,539.0,23.7,70.0,95.1,1.14,757,180,3.87,58661,41,566010,864.9,87,100,100,97,5,Poor,True
Cotton,1.5,6.3,14.8,4.56,137.0,6.6,84.4,44.6,0.44,963,195,0.45,11891,5,43692,267.4,5,5,5,5,5,Poor,True
Cotton,0.25,43.0,97.5,4.58,137.0,20.5,94.0,67.4,0.48,972,192,0.1,2076,5,7944,282.7,17,5,5,5,5,Poor,True
Cotton,1.0,36.4,44.4,8.26,798.0,167.5,47.2,22.2,1.78,709,172,0.76,7278,76,117836,1519.1,96,69,100,100,67,Good,True
Cotton,10.0,10.8,12.2,4.77,2865.0,36.9,75.0,82.1,0.47,941,192,3.11,79012,5,311140,293.8,5,5,5,5,16,Poor,True
Cotton,12.25,43.0,88.1,4.31,2702.0,12.2,77.6,33.5,0.47,947,195,3.91,96335,7,381146,295.6,17,5,5,5,5,Poor,True
Cotton,3.0,24.1,42.6,6.5,619.0,136.4,66.1,69.4,2.23,770,177,2.7,23637,96,442878,1773.7,100,100,100,100,100,Good,True
Cotton,4.0,30.1,51.7,7.34,857.0,93.7,89.3,80.5,2.36,745,175,3.63,33033,97,624928,1791.8,100,100,100,100,100,Good,True
Cotton,7.5,25.3,73.4,6.76,442.0,101.7,99.1,21.9,1.52,888,174,4.88,59641,56,754680,1165.4,100,100,36,66,100,Moderate,True
Cotton,12.25,20.9,39.9,5.81,1247.0,123.6,89.1,83.9,1.75,766,183,8.41,104621,70,1419162,1256.5,63,63,99,63,100,Moderate,True
Cotton,12.25,30.5,86.3,8.22,1947.0,114.2,39.7,29.4,0.94,960,173,5.83,86554,33,762293,780.7,100,74,5,5,100,Poor,True
Cotton,0.5,34.7,35.8,6.39,950.0,144.3,61.9,41.0,2.03,813,178,0.4,3843,89,67193,1648.5,100,100,80,95,100,Good,True
Cotton,2.0,14.6,86.0,4.04,2715.0,31.7,70.5,97.0,0.44,950,192,0.59,16923,5,58256,244.2,5,5,5,5,8,Poor,True
Cotton,0.25,15.0,19.5,5.07,194.0,22.2,69.3,53.5,0.43,981,200,0.1,1906,5,7116,273.3,5,5,5,5,5,Poor,True
Cotton,3.5,31.2,48.4,8.4,1442.0,99.6,52.6,90.7,1.49,759,176,2.29,27727,61,345233,1145.1,100,53,100,43,100,Moderate,True
Cotton,10.0,43.0,12.7,8.85,2006.0,10.5,44.4,75.6,0.47,937,192,3.2,76296,7,311140,307.8,17,5,5,5,5,Poor,True
Cotton,9.0,26.4,95.8,5.17,2664.0,134.9,46.6,46.1,0.84,955,178,3.78,67704,25,500472,639.2,100,5,5,5,100,Poor,True
Cotton,3.5,32.5,67.6,7.46,428.0,71.8,69.6,98.3,1.74,874,176,2.5,27680,71,403158,1356.5,100,100,64,61,71,Moderate,True
Cotton,7.5,24.9,42.0,6.75,55.0,144.3,34.4,47.2,1.14,748,175,4.05,53244,43,566010,963.0,100,100,100,5,100,Poor,True
Cotton,9.0,43.0,14.1,8.68,192.0,29.4,84.8,75.5,0.48,954,195,2.85,74549,6,285984,283.6,17,19,5,5,5,Poor,True
Cotton,6.25,44.0,51.5,6.53,628.0,90.1,63.0,88.8,1.18,726,197,3.39,51368,40,488225,850.4,5,100,100,100,100,Poor,True
Cotton,2.25,24.6,72.3,6.73,1558.0,117.3,30.4,70.7,1.37,885,176,1.36,16406,54,204062,1143.8,100,100,42,31,100,Moderate,True
Cotton,5.0,31.7,41.3,8.94,919.0,157.9,91.8,62.2,1.18,740,172,2.65,42297,39,390580,823.4,100,5,100,98,85,Poor,True
Cotton,9.0,27.3,51.2,6.92,678.0,130.1,90.5,80.7,2.23,769,173,8.06,75876,99,1328634,1651.1,100,100,100,100,100,Good,True
Cotton,3.0,30.6,51.2,7.29,754.0,119.7,94.5,28.2,2.27,744,175,2.68,24231,99,450822,1760.5,100,100,100,100,100,Good,True
Cotton,2.0,22.8,37.2,5.06,929.0,159.9,93.1,72.3,1.08,762,176,0.98,16994,38,142992,741.4,85,5,87,97,81,Poor,True
Cotton,9.0,32.4,43.3,7.67,715.0,124.0,36.5,20.1,2.28,730,177,8.03,60629,99,1358424,2140.6,100,100,100,100,100,Good,True
Cotton,2.0,13.5,17.7,4.09,58.0,14.0,40.9,70.5,0.45,964,197,0.61,14818,6,59580,302.1,5,5,5,5,5,Poor,True
Cotton,0.25,30.6,42.4,6.48,932.0,143.6,33.0,90.4,2.27,759,175,0.22,1936,97,37568,1840.5,100,100,100,97,100,Good,True
Cotton,5.0,8.0,16.1,4.64,182.0,27.8,83.9,86.6,0.44,957,196,1.5,40684,5,145640,258.0,5,5,5,5,5,Poor,True
Cotton,2.0,36.1,52.0,7.11,830.0,13.2,96.3,72.8,1.19,759,175,1.08,16886,43,157556,833.1,99,100,100,100,5,Poor,True
Cotton,3.5,28.0,45.6,7.64,880.0,114.9,31.3,31.8,2.23,755,174,3.09,24791,98,516691,1984.2,100,100,100,100,100,Good,True
Cotton,7.5,33.6,52.9,6.62,815.0,133.7,65.5,66.4,2.3,739,177,6.61,58796,98,1141950,1842.2,100,100,100,100,100,Good,True
Cotton,2.25,28.4,31.2,6.72,1525.0,180.6,53.7,65.2,1.31,867,172,1.31,17185,49,195125,1035.4,100,100,58,34,42,Moderate,True
Cotton,1.0,32.3,50.1,7.82,683.0,121.1,74.9,57.4,2.36,749,176,0.91,7863,99,156232,1886.9,100,100,100,100,100,Good,True
Cotton,7.5,8.8,15.4,8.87,2006.0,19.2,39.3,64.6,0.44,948,195,2.19,56280,5,218460,288.2,5,5,5,5,5,Poor,True
Cotton,1.0,32.1,55.3,7.72,649.0,91.5,67.1,87.3,2.35,744,171,0.89,8230,99,155570,1790.3,100,100,100,100,100,Good,True
Cotton,1.0,14.6,20.8,4.28,2296.0,35.0,94.6,35.6,0.46,947,196,0.31,7597,6,30452,300.8,5,5,9,5,13,Poor,True
Cotton,3.0,41.1,33.8,5.35,1046.0,119.0,74.1,34.7,1.1,794,185,1.55,23336,44,218460,836.2,40,19,71,85,100,Poor,True
Cotton,12.25,20.0,38.7,7.16,907.0,156.1,47.7,99.9,1.74,772,180,8.46,96843,73,1411053,1357.1,52,100,94,99,88,Moderate,True
Cotton,1.0,36.4,43.2,6.72,738.0,58.2,77.6,90.0,1.69,776,175,0.71,7915,69,111878,1313.5,95,100,100,100,50,Moderate,True
Cotton,1.0,36.6,47.4,6.07,1086.0,79.6,93.0,26.5,2.0,750,176,0.8,8149,86,132400,1524.7,93,88,100,80,83,Good,True
Cotton,0.5,5.1,17.5,4.65,190.0,7.1,41.4,90.2,0.44,959,195,0.15,3807,6,14564,282.6,5,5,5,5,5,Poor,True
Cotton,2.25,21.3,44.6,7.03,1036.0,103.8,45.0,67.7,1.85,758,177,1.76,16710,77,275558,1549.1,68,100,100,86,100,Good,True
Cotton,1.5,28.4,94.5,4.78,746.0,72.8,30.6,64.1,0.94,953,172,0.68,11058,30,93342,744.1,100,5,5,100,73,Poor,True
Cotton,16.0,7.4,14.5,4.66,189.0,5.9,72.7,71.9,0.45,967,198,4.88,127786,5,476640,273.0,5,5,5,5,5,Poor,True
Cotton,0.25,23.0,21.9,7.77,803.0,63.6,89.1,91.3,1.15,900,182,0.13,2146,42,19032,786.9,88,100,14,100,58,Poor,True
Cotton,2.25,17.3,41.7,5.11,2316.0,51.2,82.8,76.0,0.71,751,189,0.87,18618,19,105754,468.0,21,5,100,5,39,Poor,True
Cotton,0.5,29.9,46.2,6.5,764.0,124.5,87.1,83.2,2.32,760,173,0.46,4034,99,76792,1803.6,100,100,100,100,100,Good,True
Cotton,3.5,13.8,95.5,5.18,2849.0,39.9,47.4,49.6,0.46,963,194,1.09,27252,6,106582,291.1,5,5,5,5,21,Poor,True
Cotton,10.0,27.3,41.9,5.63,579.0,48.8,95.7,52.0,1.44,749,171,6.22,82511,56,953280,1055.3,100,46,100,100,35,Moderate,True
Cotton,2.0,26.3,20.0,6.05,864.0,111.4,60.0,50.5,1.17,945,177,1.07,14716,42,154908,952.7,100,86,5,100,100,Poor,True
Cotton,1.0,33.5,37.4,6.0,2675.0,137.0,49.9,25.9,1.14,767,179,0.53,7373,41,75468,923.6,100,81,88,5,100,Poor,True
Cotton,2.0,22.3,42.0,7.03,1168.0,50.7,56.1,44.8,1.44,778,180,1.29,15688,56,190656,1115.3,79,100,100,72,38,Moderate,True
Cotton,10.0,28.0,44.8,7.64,812.0,94.9,87.2,97.4,2.31,756,173,8.87,86940,99,1529220,1658.9,100,100,100,100,100,Good,True
Cotton,16.0,27.4,49.4,7.69,644.0,110.6,89.9,73.3,2.23,743,175,14.31,130161,98,2362016,1714.7,100,100,100,100,100,Good,True
Cotton,10.0,6.6,17.5,4.76,78.0,12.9,42.9,96.9,0.45,962,192,2.9,78828,5,297900,277.9,5,5,5,5,5,Poor,True
Cotton,4.0,19.3,31.9,5.72,678.0,49.7,69.5,30.3,1.26,858,188,2.33,30929,47,333648,978.8,44,55,61,100,36,Moderate,True
Cotton,9.0,26.7,41.7,7.14,594.0,134.6,56.9,51.9,2.36,748,174,8.14,69830,98,1406088,1913.6,100,100,100,100,100,Good,True
Cotton,0.5,27.0,45.9,7.84,2597.0,99.1,42.4,91.4,1.18,759,173,0.27,4025,40,39058,870.4,100,100,100,5,100,Poor,True
Cotton,10.0,8.4,19.9,4.73,192.0,14.9,40.8,93.2,0.45,936,197,2.97,75613,5,297900,294.0,5,5,5,5,5,Poor,True
Cotton,1.5,25.9,54.4,6.47,788.0,97.7,72.2,96.1,2.32,729,173,1.35,11945,99,230376,1828.6,100,100,100,100,100,Good,True
Cotton,10.0,28.3,55.2,6.38,785.0,143.4,68.4,37.2,2.31,752,174,8.95,78984,99,1529220,1836.1,100,100,100,100,100,Good,True
Cotton,10.0,27.7,40.2,6.54,735.0,23.4,90.6,52.0,1.17,737,184,5.36,83126,44,774540,831.8,100,100,100,100,5,Poor,True
Cotton,0.25,30.3,45.5,7.46,931.0,16.6,64.7,68.9,1.16,761,178,0.14,1977,44,19198,871.1,100,100,100,97,5,Poor,True
Cotton,2.25,31.2,47.0,7.17,818.0,138.2,56.1,82.5,2.32,754,177,2.05,17997,99,345564,1820.1,100,100,100,100,100,Good,True
Cotton,1.0,30.5,58.5,6.25,788.0,127.5,30.9,29.7,2.31,770,177,0.91,6845,99,152922,2134.1,100,100,100,100,100,Good,True
Cotton,2.25,31.6,40.2,7.05,737.0,148.3,47.8,33.8,2.34,768,183,1.99,16393,99,348543,2026.2,100,100,100,100,100,Good,True
Cotton,4.0,25.9,45.9,6.59,891.0,111.8,66.6,89.4,2.33,773,172,3.58,31608,99,616984,1852.0,100,100,100,100,100,Good,True
Cotton,12.25,29.6,59.6,7.99,701.0,143.6,47.6,68.6,2.31,764,174,10.69,95211,99,1873294,1867.5,100,100,100,100,100,Good,True
Cotton,7.5,29.0,52.9,7.85,767.0,141.4,47.3,46.2,2.29,759,171,6.68,53287,99,1136985,2033.7,100,100,100,100,100,Good,True
Cotton,5.0,40.8,68.8,7.14,1288.0,106.5,72.2,79.7,1.43,874,185,3.09,39875,54,473330,1087.0,42,100,58,59,100,Moderate,True
Cotton,3.0,40.4,49.2,7.61,994.0,95.7,98.3,68.0,1.68,747,185,2.01,25122,68,333648,1228.1,48,100,100,90,100,Moderate,True
Cotton,3.0,22.1,19.9,6.09,832.0,134.5,30.3,25.3,1.12,961,183,1.61,21400,40,222432,939.4,77,89,5,100,100,Poor,True
Cotton,6.25,27.6,62.5,6.89,460.0,135.1,50.8,72.2,1.86,770,176,4.88,48597,81,769575,1483.6,100,100,88,71,100,Good,True
Cotton,10.0,28.8,58.6,7.98,1014.0,113.7,76.1,57.3,2.22,771,172,8.44,82355,94,1469640,1684.5,100,100,100,88,100,Good,True
Cotton,5.0,40.3,68.4,6.0,1235.0,124.0,57.9,87.2,1.51,808,187,3.19,40192,59,499810,1143.6,50,81,60,65,100,Moderate,True
Cotton,1.0,35.2,41.4,7.56,574.0,141.7,80.7,95.5,2.29,760,177,0.91,8317,98,151598,1722.7,100,100,100,100,100,Good,True
Cotton,3.0,15.6,18.8,4.3,2490.0,10.3,74.5,63.5,0.46,992,195,0.92,23495,5,91356,288.8,5,5,5,5,5,Poor,True
Cotton,1.5,32.3,44.9,8.03,1638.0,129.0,39.3,67.3,1.38,737,177,0.89,11019,53,137034,1143.6,100,96,100,22,100,Moderate,True
Cotton,0.5,43.0,14.4,4.42,2019.0,34.1,32.2,94.6,0.48,949,190,0.16,3853,7,15888,312.4,17,5,5,5,12,Poor,True
Cotton,9.0,34.1,57.2,6.7,746.0,116.4,99.5,54.2,2.34,756,179,7.93,76378,99,1394172,1725.4,100,100,100,100,100,Good,True
Cotton,2.25,19.2,57.8,7.02,521.0,121.3,96.0,28.2,1.61,759,188,1.48,17496,66,239810,1270.7,43,100,100,91,100,Moderate,True
Cotton,5.0,31.4,41.5,6.42,579.0,148.5,96.0,64.7,2.35,754,175,4.47,39777,99,777850,1855.5,100,100,100,100,100,Good,True
Cotton,0.5,12.2,95.1,4.75,161.0,20.7,58.6,28.0,0.45,955,197,0.15,3672,5,14895,305.6,5,5,5,5,5,Poor,True
Cotton,4.0,34.5,55.6,7.05,606.0,138.4,66.8,65.7,2.36,740,170,3.71,31614,98,624928,1876.7,100,100,100,100,100,Good,True
Cotton,4.0,32.7,30.6,7.78,486.0,169.2,98.5,32.2,1.71,857,174,2.87,31839,65,452808,1322.2,100,100,55,80,63,Moderate,True
Cotton,4.0,25.0,52.0,7.09,653.0,148.6,83.5,93.2,2.34,741,173,3.69,33611,99,619632,1743.5,100,100,100,100,100,Good,True
Cotton,2.0,12.4,93.9,4.69,134.0,21.9,73.3,88.0,0.43,952,198,0.61,16055,5,56932,254.6,5,5,5,5,5,Poor,True
Cotton,3.5,44.0,37.1,6.49,590.0,158.1,43.8,33.6,1.12,759,198,1.83,24633,40,259504,953.5,5,100,86,100,85,Poor,True
Cotton,6.25,11.0,13.8,8.64,222.0,25.7,66.1,35.5,0.47,968,194,1.96,48717,8,194462,299.2,5,24,5,5,5,Poor,True
Cotton,9.0,23.4,27.1,7.66,2450.0,170.4,51.7,87.7,1.0,891,176,4.36,73527,31,595800,710.3,93,100,39,5,61,Poor,True
Cotton,3.5,25.9,40.3,7.84,570.0,112.0,50.1,68.7,2.33,764,177,3.24,27674,99,539861,1850.8,100,100,100,100,100,Good,True
Cotton,4.0,39.3,67.6,6.74,356.0,166.7,84.6,59.5,1.4,807,184,2.46,32808,51,370720,1030.0,61,100,64,39,68,Moderate,True
Cotton,1.0,26.3,40.0,7.76,818.0,103.1,31.8,80.0,2.3,771,174,0.92,7411,99,152260,1954.5,100,100,100,100,100,Good,True
Cotton,12.25,21.4,50.3,6.33,1182.0,118.0,67.4,89.3,1.89,735,181,9.4,96983,80,1532696,1480.4,69,100,100,70,100,Good,True
Cotton,10.0,13.7,95.7,4.58,2556.0,8.1,78.7,96.9,0.44,987,198,3.02,81108,5,291280,259.1,5,5,5,5,5,Poor,True
Cotton,0.5,34.4,18.6,6.93,836.0,122.3,48.8,50.7,1.2,952,178,0.27,3607,41,39720,1001.2,100,100,5,100,100,Poor,True
Cotton,16.0,15.7,16.5,4.48,2769.0,36.3,61.6,41.7,0.47,961,196,5.0,125637,9,497824,296.2,5,5,5,5,15,Poor,True
Cotton,0.25,27.3,51.0,7.83,656.0,102.0,86.1,51.4,2.24,772,176,0.23,1954,99,37072,1797.2,100,100,100,100,100,Good,True
Cotton,4.0,35.9,57.8,7.67,605.0,148.2,55.6,68.2,2.29,736,174,3.59,31563,99,606392,1821.2,100,100,100,100,100,Good,True
Cotton,2.25,6.1,14.0,4.52,173.0,5.0,50.0,67.0,0.44,958,194,0.66,17371,7,65538,277.3,5,5,5,5,5,Poor,True
Cotton,7.5,44.0,46.9,7.25,745.0,140.8,38.2,42.1,1.2,750,192,4.17,53641,44,595800,1010.7,5,100,100,100,100,Poor,True
Cotton,0.5,35.5,50.2,7.52,730.0,136.2,31.3,80.9,2.39,755,180,0.44,3676,99,79109,2052.0,100,100,100,100,100,Good,True
Cotton,9.0,35.0,59.1,6.45,631.0,125.5,72.3,83.1,2.29,756,175,8.28,74147,99,1364382,1740.1,100,100,100,100,100,Good,True
Cotton,2.25,32.2,51.0,6.2,634.0,119.8,68.2,34.3,2.26,773,177,2.01,16965,97,336627,1884.2,100,100,100,100,100,Good,True
Cotton,3.0,25.6,54.4,6.14,519.0,5.6,44.6,50.6,1.17,745,176,1.6,22837,43,232362,917.5,100,94,100,90,5,Poor,True
Cotton,2.0,33.0,40.8,6.91,868.0,131.4,83.8,81.4,2.29,750,171,1.85,16826,99,303196,1701.9,100,100,100,100,100,Good,True
Cotton,7.5,11.6,10.4,4.41,187.0,13.2,58.0,95.9,0.44,963,197,2.27,57451,5,218460,280.3,5,5,5,5,5,Poor,True
Cotton,0.25,12.3,17.3,8.7,2882.0,29.2,79.7,36.5,0.48,981,194,0.1,1923,5,7944,313.1,5,17,5,5,5,Poor,True
Cotton,7.5,31.6,73.6,7.1,1685.0,152.1,44.3,38.9,1.2,897,172,4.15,55259,43,595800,978.2,100,100,36,17,96,Poor,True
Cotton,1.5,36.9,47.1,8.32,582.0,80.1,80.5,30.6,1.76,751,178,1.11,11672,74,174768,1397.3,90,62,100,100,84,Moderate,True
Cotton,1.5,26.4,58.9,7.92,719.0,100.1,33.9,35.2,2.35,747,177,1.35,10943,99,233355,2032.5,100,100,100,100,100,Good,True
Cotton,5.0,15.9,16.0,8.85,2664.0,39.7,33.0,33.5,0.47,960,193,1.65,35367,8,155570,339.9,5,5,5,5,20,Poor,True
Cotton,7.5,35.6,43.5,7.34,579.0,131.3,98.5,77.3,2.29,730,177,6.61,63359,99,1136985,1694.5,100,100,100,100,100,Good,True
Cotton,6.25,26.3,64.7,6.28,697.0,22.5,36.5,87.1,1.16,798,175,3.25,46449,40,479950,933.3,100,100,77,100,5,Poor,True
Cotton,2.0,31.1,53.4,7.32,740.0,100.5,87.6,70.3,2.28,750,175,1.82,16335,99,301872,1748.0,100,100,100,100,100,Good,True
Cotton,3.0,13.8,18.7,4.06,80.0,17.8,40.2,51.2,0.43,959,200,0.93,22478,6,85398,279.9,5,5,5,5,5,Poor,True
Cotton,7.5,9.0,40.2,5.38,1082.0,9.4,41.4,51.9,0.8,783,195,3.18,55155,23,397200,620.2,5,22,100,81,5,Poor,True
Cotton,0.5,21.2,39.1,7.24,554.0,44.3,43.1,29.5,1.34,755,177,0.3,3645,56,44354,1116.8,67,100,96,100,28,Moderate,True
Cotton,4.0,34.8,46.6,7.97,566.0,119.8,71.6,52.3,2.34,755,177,3.7,31975,99,619632,1837.9,100,100,100,100,100,Good,True
Cotton,3.5,35.4,54.1,6.94,643.0,135.4,50.7,56.4,2.28,750,172,3.26,26325,99,528276,1906.7,100,100,100,100,100,Good,True
Cotton,2.0,26.5,48.9,7.42,822.0,91.8,77.9,99.0,2.32,741,177,1.79,16528,99,307168,1758.5,100,100,100,100,100,Good,True
Cotton,0.5,10.9,38.2,7.0,1464.0,1.4,63.4,41.8,0.84,771,190,0.22,3870,27,27804,618.4,5,100,92,40,5,Poor,True
Cotton,10.0,35.0,45.5,4.36,911.0,138.7,90.4,74.3,1.15,766,180,5.22,83310,41,761300,813.8,100,5,100,99,100,Poor,True
Cotton,0.5,34.9,58.4,7.96,625.0,137.3,77.5,31.0,2.3,724,179,0.45,3850,99,76130,1877.4,100,100,100,100,100,Good,True
Cotton,9.0,26.1,40.2,7.3,898.0,143.4,74.8,35.7,2.34,725,173,7.99,69580,99,1394172,1903.7,100,100,100,100,100,Good,True
Cotton,5.0,40.7,37.6,5.99,854.0,177.8,61.1,25.1,1.46,799,192,3.11,36818,59,483260,1212.6,44,80,89,100,47,Moderate,True
Cotton,2.0,8.5,10.7,4.49,101.0,8.7,49.1,90.1,0.43,980,193,0.59,15717,7,56932,262.2,5,5,5,5,5,Poor,True
Cotton,1.0,43.0,13.1,8.83,237.0,9.8,56.9,79.2,0.47,961,198,0.31,7787,8,31114,299.6,17,5,5,5,5,Poor,True
Cotton,4.0,24.6,57.5,7.28,588.0,136.0,51.1,30.4,2.26,757,174,3.67,29215,99,598448,1948.4,100,100,100,100,100,Good,True
Cotton,12.25,26.4,56.2,8.25,883.0,114.0,64.0,64.4,1.91,756,180,9.83,96402,84,1548914,1506.7,100,71,100,100,100,Good,True
Cotton,2.25,38.2,65.0,7.49,699.0,185.5,61.4,37.3,1.43,798,177,1.35,17426,55,212998,1122.3,73,100,76,100,32,Moderate,True
Cotton,0.25,32.7,50.0,6.75,580.0,122.8,57.2,52.1,2.31,726,177,0.24,1974,99,38230,1836.7,100,100,100,100,100,Good,True
Cotton,9.0,24.1,57.4,6.44,857.0,126.0,53.1,85.0,2.35,717,175,8.13,68753,99,1400130,1936.5,100,100,100,100,100,Good,True
Cotton,4.0,30.9,44.6,6.55,583.0,110.8,57.5,23.3,2.24,743,172,3.72,29611,99,593152,1903.1,100,100,100,100,100,Good,True
Cotton,9.0,20.8,49.1,4.04,228.0,146.2,92.1,27.0,0.92,754,186,4.07,69193,29,548136,692.2,62,5,100,5,100,Poor,True
Cotton,0.5,30.3,33.9,4.04,1681.0,24.1,90.2,66.9,0.8,795,176,0.2,4230,22,26480,526.0,100,5,71,18,5,Poor,True
Cotton,12.25,10.3,19.9,4.05,161.0,14.6,40.0,30.8,0.45,963,196,3.72,88943,7,364928,310.3,5,5,5,5,5,Poor,True
Cotton,12.25,33.7,50.5,7.96,774.0,99.8,72.6,47.1,2.33,726,176,10.94,96857,99,1889514,1850.8,100,100,100,100,100,Good,True
Cotton,5.0,34.3,54.8,6.9,770.0,101.2,78.2,81.4,2.28,751,174,4.53,40390,99,754680,1768.5,100,100,100,100,100,Good,True
Cotton,2.25,33.8,53.5,7.95,860.0,148.7,62.2,49.7,2.29,756,175,1.99,17199,97,341096,1883.2,100,100,100,100,100,Good,True
Cotton,9.0,10.7,18.9,8.61,2836.0,17.2,87.0,59.4,0.49,945,197,2.85,76333,8,291942,282.5,5,27,5,5,5,Poor,True
Cotton,2.0,43.0,19.9,8.69,198.0,23.0,38.7,21.3,0.49,968,195,0.64,14077,6,64876,360.9,17,19,5,5,5,Poor,True
Cotton,3.5,29.8,60.0,7.76,877.0,127.4,69.3,77.5,2.28,761,173,3.09,28236,99,528276,1770.9,100,100,100,100,100,Good,True
Cotton,9.0,33.7,49.8,6.85,711.0,114.7,71.7,47.8,2.25,740,174,8.41,68922,99,1340550,1845.0,100,100,100,100,100,Good,True
Cotton,0.25,43.0,86.0,8.65,2392.0,6.8,79.0,50.4,0.5,951,194,0.1,2054,10,8275,302.9,17,23,5,5,5,Poor,True
Cotton,3.0,29.3,61.4,7.04,837.0,92.4,46.4,84.9,2.24,788,174,2.71,23329,96,444864,1806.9,100,100,93,100,100,Good,True
Cotton,2.0,5.9,14.2,4.11,131.0,5.5,30.7,55.9,0.44,976,197,0.59,14170,5,58256,311.1,5,5,5,5,5,Poor,True
Cotton,2.25,43.0,12.1,4.51,144.0,7.4,46.1,78.1,0.45,983,194,0.71,17288,5,67028,287.7,17,5,5,5,5,Poor,True
Cotton,7.5,31.3,46.5,6.81,718.0,133.0,96.6,53.9,2.28,741,175,6.75,61730,99,1132020,1733.8,100,100,100,100,100,Good,True
Cotton,6.25,29.5,56.1,5.76,522.0,114.8,86.6,45.3,1.82,763,177,4.67,50727,73,753025,1384.5,100,58,100,91,100,Moderate,True
Cotton,2.0,5.5,15.3,4.46,106.0,7.7,51.2,36.7,0.43,953,195,0.59,15009,5,56932,279.3,5,5,5,5,5,Poor,True
Cotton,3.0,26.5,47.2,8.19,862.0,13.2,61.0,41.2,1.16,759,179,1.57,24023,41,230376,859.0,100,77,100,100,5,Poor,True
Cotton,6.25,20.0,67.6,8.02,1152.0,80.2,79.7,97.5,1.58,821,183,4.17,50390,62,653725,1197.3,52,97,64,73,84,Moderate,True
Cotton,1.5,37.5,56.9,8.94,560.0,114.3,78.6,99.0,1.14,754,179,0.77,12743,43,113202,788.3,83,5,100,100,100,Poor,True
Cotton,1.5,30.9,41.5,7.13,581.0,110.2,62.7,24.4,2.26,762,171,1.33,11441,99,224418,1861.5,100,100,100,100,100,Good,True
Cotton,2.25,36.3,73.7,7.66,640.0,144.4,80.6,29.8,1.49,910,172,1.48,17813,61,221936,1145.9,97,100,35,100,100,Moderate,True
Cotton,16.0,32.8,59.1,6.89,567.0,133.1,95.4,26.4,2.38,761,176,14.34,127492,99,2520896,1877.3,100,100,100,100,100,Good,True
Cotton,1.5,29.4,49.3,6.63,884.0,119.6,75.0,62.0,2.41,751,178,1.31,12007,99,239313,1893.1,100,100,100,100,100,Good,True
Cotton,16.0,10.2,14.0,4.77,191.0,17.7,58.3,37.2,0.45,992,196,4.72,119882,7,476640,297.6,5,5,5,5,5,Poor,True
Cotton,0.25,25.0,40.8,6.26,845.0,133.7,53.1,90.8,2.28,738,175,0.22,1952,99,37734,1833.1,100,100,100,100,100,Good,True
Cotton,0.5,26.9,50.1,5.69,1601.0,73.5,68.8,35.6,1.31,744,176,0.28,3843,49,43361,1028.3,100,52,100,26,74,Moderate,True
Cotton,6.25,32.0,48.0,6.63,789.0,101.9,52.6,68.6,2.32,756,170,5.58,47203,99,959900,1933.6,100,100,100,100,100,Good,True
Cotton,1.0,15.6,70.3,6.3,1686.0,1.4,78.1,23.9,0.73,871,194,0.42,7967,21,48326,506.6,5,100,51,17,5,Poor,True
Cotton,12.25,43.0,18.8,4.76,217.0,10.7,72.2,54.6,0.46,950,191,3.81,98505,7,373037,278.7,17,5,5,5,5,Poor,True
Cotton,9.0,24.6,54.9,6.33,881.0,107.8,46.9,35.2,2.2,751,175,8.25,64701,99,1310760,1925.9,100,100,100,100,100,Good,True
Cotton,6.25,23.8,33.3,5.94,1654.0,176.0,87.2,75.2,1.22,829,178,3.37,52241,40,504775,866.2,97,75,68,20,51,Poor,True
Cotton,12.25,21.6,65.1,6.16,1369.0,111.1,72.3,58.3,1.68,791,176,8.6,95335,64,1362396,1329.1,72,97,76,50,100,Moderate,True
Cotton,16.0,28.5,57.3,7.46,593.0,110.9,85.0,30.7,2.28,735,172,14.94,125689,99,2414976,1821.4,100,100,100,100,100,Good,True
Cotton,4.0,35.8,35.1,5.78,1098.0,163.3,69.6,88.8,1.7,792,174,2.75,32945,71,450160,1266.4,100,60,77,79,75,Moderate,True
Cotton,10.0,32.2,48.0,7.22,733.0,131.6,50.2,23.2,2.29,772,180,9.0,70106,99,1515980,2062.4,100,100,100,100,100,Good,True
Cotton,9.0,34.8,40.4,7.65,718.0,139.1,90.8,93.7,2.4,770,173,8.24,74494,99,1429920,1819.5,100,100,100,100,100,Good,True
Cotton,7.5,32.9,47.4,6.91,751.0,149.2,52.6,81.0,2.28,770,178,6.85,60166,99,1132020,1781.5,100,100,100,100,100,Good,True
Cotton,3.0,43.0,15.0,4.36,186.0,30.2,90.7,72.1,0.46,938,193,0.92,24747,5,91356,269.2,17,5,5,5,5,Poor,True
Cotton,9.0,6.5,12.2,4.09,2010.0,15.3,44.9,43.8,0.45,935,197,2.63,66508,5,268110,303.1,5,5,5,5,5,Poor,True
Cotton,2.0,25.4,47.7,6.91,832.0,118.1,76.2,68.4,2.37,744,175,1.81,15749,98,313788,1892.4,100,100,100,100,100,Good,True
Cotton,16.0,25.9,39.6,7.03,1088.0,51.5,66.8,91.2,1.52,765,176,10.52,130954,64,1609984,1129.4,100,100,98,80,39,Moderate,True
Cotton,3.5,30.2,54.0,6.42,1690.0,150.6,30.6,73.8,1.34,766,174,2.0,25567,48,310478,1114.4,100,100,100,17,99,Moderate,True
Cotton,5.0,8.0,13.2,4.07,176.0,15.4,38.9,51.1,0.45,953,197,1.5,35678,6,148950,317.5,5,5,5,5,5,Poor,True
Cotton,2.0,30.1,47.7,7.16,662.0,124.2,94.0,55.4,2.29,745,171,1.86,15979,99,303196,1797.5,100,100,100,100,100,Good,True
Cotton,0.5,10.4,13.6,8.81,214.0,28.6,42.9,80.7,0.44,951,193,0.15,3748,5,14564,288.6,5,5,5,5,5,Poor,True
Cotton,6.25,35.4,42.5,6.42,636.0,94.6,99.5,78.0,2.26,764,177,5.64,51139,99,935075,1728.5,100,100,100,100,100,Good,True
Cotton,3.0,34.0,47.8,6.59,1179.0,120.4,40.5,30.3,1.93,750,175,2.45,21739,81,383298,1663.2,100,100,100,71,100,Good,True
Cotton,12.25,10.5,19.5,8.72,1834.0,5.1,69.1,24.2,0.45,952,198,3.64,90752,5,364928,302.1,5,14,5,5,5,Poor,True
Cotton,5.0,28.3,31.5,6.56,1072.0,137.5,56.5,22.8,1.78,832,179,3.63,36673,71,589180,1506.6,100,100,59,82,100,Moderate,True
Cotton,12.25,27.0,51.4,6.21,556.0,98.5,73.0,33.6,2.31,733,178,11.17,93568,98,1873294,1902.1,100,100,100,100,100,Good,True
Cotton,4.0,24.7,58.6,7.62,821.0,134.6,65.2,44.3,2.34,758,179,3.65,30329,99,619632,1943.0,100,100,100,100,100,Good,True
Cotton,0.5,10.7,10.8,4.66,146.0,16.9,50.8,24.3,0.45,974,193,0.15,3601,5,14895,313.6,5,5,5,5,5,Poor,True
Cotton,6.25,20.5,40.1,8.26,1342.0,153.3,92.8,41.6,1.61,772,182,4.17,49718,63,666138,1239.8,59,69,100,53,94,Moderate,True
Cotton,2.25,28.8,45.7,6.56,573.0,110.3,77.3,89.5,2.3,743,174,2.03,18776,99,342585,1724.6,100,100,100,100,100,Good,True
Cotton,0.5,23.9,78.3,6.53,1341.0,84.0,56.0,94.1,1.19,926,175,0.27,4046,44,39389,873.5,99,100,13,53,91,Poor,True
Cotton,6.25,12.6,14.3,4.13,176.0,8.7,58.3,84.4,0.44,956,197,1.87,50069,5,182050,263.6,5,5,5,5,5,Poor,True
Cotton,3.0,31.5,42.1,8.23,2448.0,80.7,96.9,41.0,1.1,763,176,1.53,24484,38,218460,792.3,100,72,100,5,85,Poor,True
Cotton,2.0,26.7,54.8,8.33,579.0,89.4,58.8,25.7,1.79,739,179,1.5,15047,77,236996,1475.0,100,61,100,100,99,Good,True
Cotton,2.0,32.0,56.1,6.63,893.0,98.4,70.2,41.4,2.3,743,178,1.79,15069,97,304520,1920.8,100,100,100,100,100,Good,True
Cotton,7.5,27.3,55.2,7.94,730.0,110.3,71.7,71.7,2.29,771,174,6.76,60865,99,1136985,1768.0,100,100,100,100,100,Good,True
Cotton,3.0,19.4,60.1,6.17,473.0,166.3,44.6,61.8,1.6,742,187,1.99,23825,61,317760,1233.7,46,97,99,76,69,Moderate,True
Cotton,1.5,31.5,54.3,6.46,845.0,100.8,45.2,67.0,2.28,740,176,1.32,11256,99,226404,1911.4,100,100,100,100,100,Good,True
Cotton,5.0,31.2,58.4,7.12,891.0,101.4,83.9,74.4,2.28,742,174,4.54,41508,99,754680,1718.2,100,100,100,100,100,Good,True
Cotton,4.0,34.9,85.5,7.54,2542.0,119.6,35.4,67.9,0.99,954,175,1.9,30582,31,262152,757.2,100,100,5,5,100,Poor,True
Cotton,16.0,30.9,71.3,8.01,1037.0,42.6,79.4,54.2,1.26,864,174,9.06,123750,46,1334592,978.5,100,98,46,85,25,Moderate,True
Cotton,3.0,43.0,78.3,4.84,2300.0,15.4,38.9,79.6,0.49,930,196,0.93,22304,5,97314,336.3,17,5,13,5,5,Poor,True
Cotton,0.25,13.8,12.6,4.3,70.0,7.4,68.4,76.3,0.43,969,197,0.1,1956,5,7116,263.8,5,5,5,5,5,Poor,True
Cotton,2.0,38.5,47.6,7.4,569.0,47.9,91.6,84.4,1.44,740,183,1.25,17416,56,190656,994.7,70,100,100,100,33,Moderate,True
Cotton,3.5,8.0,88.0,4.52,1886.0,112.5,53.8,40.1,0.63,968,194,1.28,25198,16,145971,479.3,5,5,5,5,100,Poor,True
Cotton,16.0,5.0,10.7,4.55,116.0,15.5,94.3,33.1,0.46,964,196,4.78,129616,7,487232,275.9,5,5,5,5,5,Poor,True
Cotton,9.0,28.9,50.1,6.97,1647.0,82.3,93.7,85.3,1.37,740,175,5.65,74198,51,816246,1000.1,100,100,100,21,88,Moderate,True
Cotton,6.25,20.2,56.4,8.18,1020.0,179.3,98.1,76.3,1.52,740,187,4.02,53340,58,628900,1079.0,55,79,100,87,44,Moderate,True
Cotton,3.0,9.0,18.6,8.81,91.0,36.8,39.0,56.0,0.48,930,190,0.94,22710,7,95328,319.8,5,5,5,5,16,Poor,True
Cotton,4.0,29.5,59.8,7.78,659.0,125.6,75.0,71.9,2.25,750,175,3.76,32211,99,595800,1749.7,100,100,100,100,100,Good,True
Cotton,1.5,32.0,46.7,7.53,700.0,92.7,34.0,72.6,2.24,742,172,1.33,11309,99,222432,1866.9,100,100,100,100,100,Good,True
Cotton,4.0,24.5,45.6,8.9,822.0,159.0,78.8,99.0,1.17,736,175,2.08,33776,42,309816,817.3,100,5,100,100,83,Poor,True
Cotton,2.25,34.7,48.7,7.28,639.0,110.8,44.0,77.9,2.3,730,172,2.04,17361,99,342585,1873.3,100,100,100,100,100,Good,True
Cotton,6.25,23.4,39.4,6.83,1443.0,164.3,70.3,49.6,1.56,781,171,4.02,49624,60,645450,1200.7,93,100,97,43,73,Moderate,True
Cotton,16.0,17.2,77.3,6.87,1656.0,174.0,49.0,22.0,0.95,926,189,7.57,117693,29,1006240,755.0,20,100,18,20,54,Poor,True
Cotton,10.0,33.8,57.1,7.27,718.0,96.7,77.6,61.2,2.3,754,176,9.27,79946,98,1522600,1804.5,100,100,100,100,100,Good,True
Cotton,0.5,11.2,16.2,4.45,170.0,7.9,77.5,39.3,0.44,955,200,0.15,4047,5,14564,259.9,5,5,5,5,5,Poor,True
Cotton,10.0,43.0,13.2,4.07,151.0,5.3,59.3,48.5,0.47,1009,192,3.16,72447,5,311140,329.5,17,5,5,5,5,Poor,True
Cotton,6.25,17.7,50.5,6.53,2858.0,66.1,76.6,61.8,0.96,756,188,2.96,50877,30,397200,680.7,26,100,100,5,62,Poor,True
Cotton,5.0,33.5,63.1,8.36,584.0,91.8,57.9,46.2,1.81,784,176,3.62,37300,73,599110,1506.2,100,57,85,100,100,Moderate,True
Cotton,0.25,29.7,57.8,8.21,1025.0,85.1,83.1,91.1,2.0,751,176,0.2,2067,80,33100,1501.4,100,75,100,87,92,Good,True
Cotton,1.0,34.7,45.9,8.99,682.0,107.0,62.9,42.0,1.16,727,171,0.54,7654,45,76792,903.3,100,5,100,100,100,Poor,True
Cotton,0.5,26.5,45.4,7.21,565.0,141.6,30.5,50.9,2.23,734,173,0.46,3590,96,73813,1956.1,100,100,100,100,100,Good,True
Cotton,16.0,9.0,15.2,4.65,171.0,17.8,50.4,24.6,0.45,994,194,4.78,113628,5,476640,319.5,5,5,5,5,5,Poor,True
Cotton,1.5,29.8,43.9,6.38,737.0,134.6,35.0,50.6,2.37,739,179,1.34,10743,99,235341,2090.6,100,100,100,100,100,Good,True
Cotton,6.25,35.5,36.2,6.73,986.0,65.0,47.9,28.5,1.78,823,177,4.58,43152,73,736475,1606.7,100,100,82,91,60,Moderate,True
Cotton,0.5,6.6,12.6,4.24,60.0,12.7,72.8,94.6,0.44,922,192,0.15,4141,5,14564,251.7,5,5,5,5,5,Poor,True
Cotton,16.0,26.5,40.7,6.97,702.0,104.2,30.3,84.1,2.27,767,179,14.63,119855,99,2404384,1906.1,100,100,100,100,100,Good,True
Cotton,1.0,27.4,47.7,7.34,732.0,145.7,88.3,36.1,2.35,742,172,0.88,7769,99,155570,1902.4,100,100,100,100,100,Good,True
Cotton,7.5,25.6,40.7,7.98,781.0,136.6,58.5,62.8,2.37,726,171,6.61,57518,99,1176705,1945.8,100,100,100,100,100,Good,True
Cotton,3.5,31.9,56.3,8.0,2886.0,125.1,87.4,89.4,1.21,746,175,1.87,28986,42,280357,867.2,100,100,100,5,100,Poor,True
Cotton,3.0,34.2,50.7,8.79,1284.0,9.1,73.6,84.8,0.95,750,179,1.36,24031,28,188670,685.1,100,6,100,59,5,Poor,True
Cotton,2.0,43.0,78.9,5.02,2530.0,31.1,44.9,73.4,0.47,961,191,0.63,14915,6,62228,317.2,17,5,10,5,7,Poor,True
Cotton,10.0,6.1,87.5,8.88,103.0,24.4,37.7,49.0,0.44,970,192,3.02,75944,7,291280,283.5,5,5,5,5,5,Poor,True
Cotton,5.0,32.0,34.6,6.97,551.0,110.1,72.7,62.1,2.01,820,174,4.08,39489,84,665310,1584.8,100,100,75,100,100,Good,True
Cotton,7.5,33.6,58.0,6.29,490.0,160.5,50.9,93.1,1.98,763,173,6.15,58963,86,983070,1567.3,100,100,100,81,80,Good,True
Cotton,9.0,43.0,18.0,4.8,2612.0,25.5,74.0,63.9,0.45,959,196,2.78,73340,5,268110,265.6,17,5,5,5,5,Poor,True
Cotton,9.0,32.1,16.6,7.96,528.0,149.3,80.2,40.1,1.19,974,176,4.92,71401,44,709002,893.0,100,100,5,93,100,Poor,True
Cotton,3.0,30.0,64.5,6.64,1522.0,88.3,40.3,89.8,1.51,794,174,1.92,22594,60,299886,1227.3,100,100,78,34,97,Moderate,True
Cotton,1.0,26.5,55.5,7.8,747.0,147.5,90.0,84.1,2.32,766,176,0.91,8306,99,153584,1749.1,100,100,100,100,100,Good,True
Cotton,10.0,33.6,57.4,6.93,783.0,91.8,97.9,48.3,2.31,751,175,9.08,83687,98,1529220,1727.3,100,100,100,100,100,Good,True
Cotton,2.25,29.3,56.3,8.28,611.0,20.0,83.4,46.6,1.12,737,175,1.18,17039,37,166824,879.1,100,66,100,100,5,Poor,True
Cotton,1.0,34.4,54.6,7.9,1122.0,86.0,49.6,87.3,2.03,741,179,0.77,7539,85,134386,1682.5,100,100,100,77,94,Good,True
Cotton,3.0,28.8,43.0,6.92,662.0,102.2,31.2,35.3,2.32,738,177,2.53,21140,99,460752,2079.5,100,100,100,100,100,Good,True
Cotton,9.0,7.8,10.4,4.08,162.0,15.0,63.0,62.6,0.45,978,193,2.67,70378,6,268110,281.0,5,5,5,5,5,Poor,True
Cotton,1.5,33.9,44.4,7.47,735.0,131.4,62.2,68.8,2.39,754,176,1.35,12035,99,237327,1872.0,100,100,100,100,100,Good,True
Cotton,7.5,27.7,41.2,7.92,1030.0,115.5,96.9,29.1,2.22,755,173,6.28,60766,91,1102230,1713.9,100,100,100,86,100,Good,True
Cotton,10.0,33.0,52.6,6.23,760.0,98.8,51.6,61.1,2.25,745,174,9.25,78565,99,1489500,1795.9,100,100,100,100,100,Good,True
Cotton,7.5,27.8,51.5,7.81,652.0,85.3,59.8,41.4,2.23,750,173,6.42,56430,94,1107195,1862.1,100,100,100,100,92,Good,True
Cotton,7.5,15.1,13.6,8.7,2767.0,8.7,59.4,39.6,0.49,969,197,2.37,56369,5,243285,331.6,5,17,5,5,5,Poor,True
Cotton,5.0,11.9,11.7,4.71,55.0,14.6,80.6,50.1,0.46,944,196,1.49,40181,5,152260,278.9,5,5,5,5,5,Poor,True
Cotton,7.5,34.0,40.3,6.66,686.0,101.8,73.6,42.4,2.35,726,173,6.52,57836,99,1166775,1917.4,100,100,100,100,100,Good,True
Cotton,1.0,20.6,40.5,7.41,870.0,182.2,62.1,87.1,1.53,748,181,0.65,7897,60,101286,1182.6,60,100,100,100,39,Moderate,True
Cotton,2.0,8.9,18.8,4.54,192.0,18.0,98.7,62.4,0.44,956,193,0.6,17186,5,58256,239.0,5,5,5,5,5,Poor,True
Cotton,1.0,39.4,50.1,7.06,453.0,174.6,92.5,81.1,1.6,735,186,0.65,8086,63,105920,1209.9,59,100,100,69,53,Moderate,True
Cotton,12.25,43.0,95.7,8.77,186.0,37.7,94.9,38.8,0.51,982,192,3.78,102728,8,413585,302.6,17,9,5,5,17,Poor,True
Cotton,9.0,43.0,13.0,5.37,160.0,6.3,86.9,81.0,0.5,942,193,2.94,76774,7,297900,288.0,17,21,5,5,5,Poor,True
Cotton,16.0,39.0,53.1,7.94,1277.0,71.9,60.0,85.9,1.65,722,183,11.4,127028,69,1747680,1275.8,64,100,100,60,71,Moderate,True
Cotton,10.0,12.9,17.1,4.5,117.0,15.1,68.7,84.8,0.44,971,200,3.02,82305,7,291280,253.9,5,5,5,5,5,Poor,True
Cotton,0.25,32.1,41.1,6.65,166.0,144.7,73.9,55.6,1.17,729,174,0.13,1942,44,19364,897.1,100,100,100,5,100,Poor,True
Cotton,6.25,27.9,47.9,7.25,730.0,134.6,64.7,45.1,2.28,763,176,5.64,47960,99,943350,1867.0,100,100,100,100,100,Good,True
Cotton,3.0,36.1,36.5,7.86,1260.0,73.0,71.5,26.2,1.85,780,174,2.27,23073,74,367410,1492.4,99,100,84,62,73,Moderate,True
Cotton,7.5,33.7,48.2,6.53,592.0,103.2,87.3,89.2,2.29,731,171,6.81,61452,98,1136985,1750.2,100,100,100,100,100,Good,True
Cotton,6.25,37.0,62.4,6.03,587.0,20.6,32.8,56.2,1.11,777,177,3.24,44310,40,459263,936.5,88,83,89,100,5,Poor,True
Cotton,4.0,13.4,56.3,5.76,288.0,98.8,34.1,66.5,0.92,723,195,1.87,28670,29,243616,749.7,5,59,100,17,100,Poor,True
Cotton,5.0,19.8,98.9,7.81,1919.0,33.5,87.9,36.8,0.73,955,186,1.95,39388,18,241630,513.5,50,100,5,5,11,Poor,True
Cotton,5.0,26.4,51.3,4.66,583.0,102.6,66.8,88.9,1.19,772,175,2.72,40131,46,393890,881.5,100,5,100,100,100,Poor,True
Cotton,16.0,13.6,16.9,4.32,73.0,13.9,77.7,34.4,0.45,968,192,4.91,118769,5,476640,301.3,5,5,5,5,5,Poor,True
Cotton,12.25,24.1,34.5,6.48,519.0,61.8,95.5,82.9,1.64,808,176,8.56,104195,68,1329958,1176.4,100,100,74,90,55,Moderate,True
Cotton,7.5,43.0,17.9,8.77,224.0,22.9,39.4,84.7,0.46,956,196,2.31,56993,7,228390,300.7,17,9,5,5,5,Poor,True
Cotton,6.25,35.7,70.0,7.43,857.0,132.9,75.4,59.1,1.78,837,174,4.5,51195,69,736475,1338.6,100,100,52,100,100,Moderate,True
Cotton,5.0,30.0,51.8,6.54,638.0,137.1,94.1,51.0,2.22,762,177,4.49,39082,99,734820,1780.2,100,100,100,100,100,Good,True
Cotton,3.0,22.6,27.7,7.56,1692.0,91.8,83.2,97.3,1.2,889,177,1.64,26037,43,238320,815.3,83,100,42,16,100,Poor,True
Cotton,4.0,14.6,36.4,7.36,754.0,96.5,45.4,82.3,1.17,783,196,2.17,31396,44,309816,886.8,5,100,83,100,100,Poor,True
Cotton,7.5,10.3,11.4,4.44,184.0,8.4,93.4,60.9,0.44,959,193,2.18,61573,5,218460,254.8,5,5,5,5,5,Poor,True
Cotton,6.25,27.7,53.1,7.09,810.0,103.1,95.1,54.9,2.29,764,170,5.52,52265,99,947488,1712.9,100,100,100,100,100,Good,True
Cotton,10.0,9.0,84.3,8.74,227.0,39.9,43.4,48.3,0.48,956,190,3.18,74003,7,317760,329.4,5,12,5,5,21,Poor,True
Cotton,1.5,43.0,13.9,5.18,97.0,28.8,83.7,55.2,0.45,964,195,0.45,12504,8,44685,257.4,17,5,5,5,5,Poor,True
Cotton,0.5,15.1,16.2,8.81,125.0,8.7,35.3,25.1,0.43,985,191,0.16,3624,6,14233,292.7,5,5,5,5,5,Poor,True
Cotton,1.5,29.7,59.3,7.56,655.0,146.6,92.1,96.1,2.27,730,180,1.35,12369,99,225411,1722.4,100,100,100,100,100,Good,True
Cotton,3.5,27.9,46.9,7.22,604.0,113.2,75.6,76.1,2.3,748,176,3.16,27975,99,532910,1805.0,100,100,100,100,100,Good,True
Cotton,1.5,33.2,45.8,7.2,763.0,102.4,82.7,94.9,2.27,778,175,1.37,12301,99,225411,1732.5,100,100,100,100,100,Good,True
Cotton,16.0,13.8,17.9,4.68,80.0,13.0,61.1,45.9,0.44,929,199,4.56,124550,5,466048,274.2,5,5,5,5,5,Poor,True
Cotton,3.5,11.8,18.2,4.62,140.0,16.2,70.8,55.0,0.43,960,190,1.07,27324,7,99631,264.6,5,5,5,5,5,Poor,True
Cotton,2.0,24.1,55.5,7.97,713.0,116.0,91.1,69.4,2.34,731,175,1.72,16408,98,309816,1788.2,100,100,100,100,100,Good,True
Cotton,10.0,33.2,49.7,7.72,676.0,132.2,67.6,89.9,2.41,740,174,9.03,80520,99,1595420,1881.4,100,100,100,100,100,Good,True
Cotton,3.0,6.3,16.4,4.24,167.0,9.0,59.8,43.4,0.45,990,198,0.91,22358,5,89370,299.7,5,5,5,5,5,Poor,True
Cotton,0.5,21.2,62.4,6.43,595.0,184.4,58.8,57.8,1.46,770,181,0.32,3875,60,48326,1147.1,67,100,88,100,35,Moderate,True
Cotton,16.0,23.4,64.2,4.03,825.0,119.4,87.4,53.9,1.11,804,170,8.38,129733,42,1175712,806.3,93,5,80,100,100,Poor,True
Cotton,3.5,21.3,57.4,7.47,702.0,45.3,89.9,96.3,1.44,779,182,2.18,29083,56,333648,1047.2,68,100,100,100,29,Moderate,True
Cotton,16.0,14.1,90.3,4.31,2226.0,17.8,79.4,32.8,0.43,941,195,5.01,124362,5,455456,266.2,5,5,5,5,5,Poor,True
Cotton,1.5,38.0,33.7,7.75,499.0,42.6,93.7,73.5,1.31,816,184,0.88,12834,48,130083,913.6,76,100,70,84,25,Moderate,True
Cotton,0.5,43.0,19.7,4.99,2242.0,27.5,99.7,38.1,0.46,961,190,0.16,4062,5,15226,274.8,17,5,5,5,5,Poor,True
Cotton,16.0,43.0,84.9,8.77,84.0,15.5,85.6,87.7,0.47,971,191,5.02,137190,7,497824,262.9,17,8,5,5,5,Poor,True
Cotton,2.25,11.4,13.9,4.58,102.0,14.5,55.0,42.7,0.43,982,196,0.67,16340,5,64048,292.0,5,5,5,5,5,Poor,True
Cotton,0.5,26.6,45.7,6.93,577.0,133.5,35.8,70.2,2.26,736,175,0.46,3700,99,74806,1921.8,100,100,100,100,100,Good,True
Cotton,7.5,28.9,53.1,6.87,707.0,139.5,48.7,94.6,2.3,721,175,6.46,57228,99,1141950,1895.4,100,100,100,100,100,Good,True
Cotton,4.0,33.8,40.0,6.25,665.0,136.1,95.0,29.2,2.29,745,174,3.45,32097,99,606392,1789.2,100,100,100,100,100,Good,True
Cotton,12.25,5.6,10.0,4.01,74.0,7.5,66.0,27.5,0.44,960,192,3.83,97283,7,356818,266.8,5,5,5,5,5,Poor,True
Cotton,12.25,32.8,60.3,8.06,711.0,18.8,75.2,95.4,1.17,783,176,6.76,98343,43,948812,864.8,100,93,99,100,5,Poor,True
Cotton,0.5,26.3,49.6,7.53,666.0,97.0,92.4,27.9,2.35,749,179,0.45,3969,98,77785,1859.8,100,100,100,100,100,Good,True
Cotton,10.0,36.5,37.0,5.37,1491.0,139.8,34.1,67.3,1.21,788,178,5.53,74528,43,801020,974.8,94,21,86,38,100,Poor,True
Cotton,6.25,37.7,28.3,6.43,1404.0,5.2,99.7,67.3,0.93,868,178,2.97,53734,26,384788,616.1,80,100,44,47,5,Poor,True
Cotton,3.0,32.2,30.0,5.62,892.0,153.6,80.3,30.0,1.55,846,175,1.92,23326,63,307830,1219.7,100,44,52,100,93,Moderate,True
Cotton,3.5,10.1,19.8,8.73,2699.0,29.7,43.1,64.6,0.46,923,197,1.08,26425,7,106582,303.3,5,14,5,5,5,Poor,True
Cotton,3.0,31.5,70.1,6.72,1031.0,152.5,43.2,50.2,1.65,850,176,2.2,21678,69,327690,1411.6,100,100,52,86,95,Moderate,True
Cotton,3.0,35.8,68.6,7.0,1682.0,66.2,62.2,68.0,1.17,796,176,1.6,22164,40,232362,948.4,100,100,59,17,62,Poor,True
Cotton,3.0,39.6,35.0,6.45,1032.0,111.6,56.4,53.2,1.67,809,183,2.24,22170,69,331662,1396.0,57,100,76,86,100,Moderate,True
Cotton,2.25,36.5,44.4,6.38,1802.0,99.5,82.3,93.2,1.2,733,175,1.22,17937,43,178740,896.5,94,100,100,5,100,Poor,True
Cotton,2.0,40.9,48.2,5.67,453.0,52.3,49.5,84.9,1.31,720,185,1.15,15670,50,173444,1006.9,42,50,100,69,40,Moderate,True
Cotton,7.5,41.9,22.1,8.25,471.0,136.0,98.5,41.5,1.07,965,191,3.64,60013,35,531255,785.2,30,71,15,75,100,Poor,True
Cotton,3.5,11.9,17.8,5.25,96.0,16.5,74.5,42.1,0.43,968,201,1.06,27534,6,99631,261.8,5,10,5,5,5,Poor,True
Cotton,4.0,22.7,34.0,6.42,982.0,163.6,58.3,41.9,1.9,809,177,3.04,29784,78,503120,1589.2,84,100,71,91,74,Good,True
Cotton,9.0,25.6,48.1,7.14,838.0,125.1,31.9,33.1,2.29,776,178,7.74,63220,99,1364382,2058.1,100,100,100,100,100,Good,True
Cotton,7.5,8.5,95.0,8.69,1932.0,13.6,82.6,50.4,0.46,1001,193,2.37,59923,7,228390,281.1,5,18,5,5,5,Poor,True
Cotton,10.0,24.3,53.5,6.23,1320.0,142.0,34.7,66.8,1.77,750,174,7.37,75639,73,1171740,1449.1,100,100,100,56,100,Moderate,True
Cotton,9.0,31.9,51.9,6.72,636.0,118.6,82.5,78.8,2.37,738,171,7.92,71419,99,1412046,1877.1,100,100,100,100,100,Good,True
Cotton,12.25,32.7,41.4,6.16,2687.0,149.2,70.8,32.6,1.15,735,182,6.65,92902,46,932592,903.8,100,96,100,5,100,Poor,True
Cotton,1.5,26.0,44.9,7.57,638.0,131.0,42.8,74.8,2.39,739,175,1.35,11337,99,237327,1993.4,100,100,100,100,100,Good,True
Cotton,9.0,28.0,45.0,8.25,220.0,134.2,50.9,23.6,1.11,738,178,4.74,67508,40,661338,879.6,100,70,100,5,100,Poor,True
Cotton,5.0,33.0,34.3,7.11,600.0,93.3,45.1,88.7,1.98,831,175,4.14,38257,84,655380,1613.1,100,100,73,100,100,Good,True
Cotton,6.25,30.9,46.8,7.01,788.0,132.0,85.5,85.1,2.43,740,171,5.73,52605,99,1005413,1811.2,100,100,100,100,100,Good,True
Cotton,3.5,24.2,50.4,7.58,777.0,147.8,52.6,97.8,2.33,717,176,3.28,27414,99,539861,1869.3,100,100,100,100,100,Good,True
Cotton,3.0,34.7,40.1,4.32,2194.0,41.7,95.6,97.5,0.85,755,172,1.3,26356,26,168810,540.5,100,5,100,5,23,Poor,True
Cotton,12.25,33.5,48.8,6.55,826.0,90.4,84.6,94.0,2.35,739,172,10.78,101779,98,1905732,1772.4,100,100,100,100,100,Good,True
Cotton,4.0,7.3,15.5,4.38,77.0,18.7,46.0,20.1,0.43,994,194,1.21,27727,5,113864,310.7,5,5,5,5,5,Poor,True
Cotton,9.0,10.7,96.5,4.53,144.0,10.2,36.5,40.9,0.45,961,196,2.59,65277,5,268110,310.7,5,5,5,5,5,Poor,True
Cotton,16.0,36.1,39.8,6.42,802.0,16.4,66.2,67.2,1.15,735,171,8.8,124851,44,1218080,875.6,98,100,99,100,5,Poor,True
Cotton,3.0,7.9,10.6,4.7,51.0,5.2,52.6,39.5,0.43,961,201,0.91,22061,6,85398,287.1,5,5,5,5,5,Poor,True
Cotton,1.5,11.0,79.0,8.62,244.0,25.4,52.7,95.1,0.47,981,190,0.47,11668,7,46671,300.0,5,27,10,5,5,Poor,True
Cotton,9.0,39.0,48.9,7.15,500.0,99.2,47.5,54.7,1.87,771,175,7.03,66805,80,1114146,1567.8,65,100,100,84,100,Good,True
Cotton,10.0,11.3,19.6,8.63,2184.0,9.5,83.3,87.1,0.48,962,196,3.11,82274,10,317760,286.2,5,25,5,5,5,Poor,True
Cotton,10.0,21.3,59.3,8.19,514.0,85.6,70.5,35.8,1.88,726,179,7.27,76509,73,1244560,1526.7,67,78,100,89,93,Good,True
Cotton,5.0,24.8,54.0,7.58,702.0,111.1,94.7,77.7,2.26,746,176,4.61,42399,99,748060,1664.3,100,100,100,100,100,Good,True
Cotton,0.5,28.6,53.0,7.99,742.0,170.8,56.1,41.1,1.75,764,174,0.38,3730,74,57925,1452.9,100,100,100,100,61,Good,True
Cotton,5.0,43.0,12.3,8.75,2630.0,36.8,31.3,46.1,0.51,968,193,1.59,35905,8,168810,370.2,17,11,5,5,16,Poor,True
Cotton,4.0,27.1,51.8,6.74,675.0,108.0,88.2,33.5,2.29,757,174,3.51,33503,99,606392,1710.0,100,100,100,100,100,Good,True
Cotton,3.0,37.8,34.3,6.91,1536.0,47.3,81.9,27.7,1.29,837,181,1.72,24008,47,256194,967.1,78,100,73,33,32,Moderate,True
Cotton,0.25,28.4,10.3,7.55,864.0,144.9,37.2,26.0,1.18,986,174,0.12,1804,42,19529,982.5,100,100,5,100,100,Poor,True
Cotton,6.25,29.5,49.6,6.68,748.0,140.0,52.4,67.1,2.28,770,177,5.62,48797,99,943350,1833.2,100,100,100,100,100,Good,True
Cotton,7.5,10.7,18.6,8.3,1331.0,50.0,89.4,61.5,0.71,988,192,2.93,60363,19,352515,484.0,5,64,5,55,37,Poor,True
Cotton,2.25,10.1,86.8,5.39,191.0,63.9,90.8,67.0,0.57,944,197,0.78,18897,8,84902,349.3,5,23,5,5,59,Poor,True
Cotton,9.0,26.6,59.7,7.51,793.0,146.4,42.9,34.1,2.25,765,177,8.1,66932,99,1340550,1902.9,100,100,100,100,100,Good,True
Cotton,3.5,9.7,12.8,5.19,124.0,25.2,43.5,71.3,0.45,952,193,1.04,27092,5,104265,284.9,5,5,5,5,5,Poor,True
Cotton,3.0,28.9,44.1,6.23,655.0,103.6,55.5,61.4,2.37,774,175,2.69,23244,99,470682,1925.0,100,100,100,100,100,Good,True
Cotton,5.0,32.0,71.9,6.51,1383.0,59.9,96.9,29.3,1.4,831,174,3.04,40493,56,463400,1044.4,100,100,43,49,52,Moderate,True
Cotton,2.0,13.6,31.9,6.99,1073.0,172.0,77.5,46.7,1.0,831,193,0.93,15915,35,132400,731.9,5,100,61,82,58,Poor,True
Cotton,1.0,13.7,26.7,6.0,2340.0,59.6,61.0,83.4,0.77,899,189,0.4,8367,21,50974,509.2,5,81,37,5,52,Poor,True
Cotton,10.0,30.0,27.2,6.77,1469.0,131.8,42.1,66.7,1.49,916,175,6.49,76392,57,986380,1191.2,100,100,39,40,100,Moderate,True
Cotton,7.5,8.9,11.9,4.14,58.0,17.2,96.6,39.8,0.44,968,193,2.27,61753,5,218460,253.8,5,5,5,5,5,Poor,True
Cotton,2.25,43.0,17.0,8.77,110.0,17.5,88.4,27.4,0.48,959,193,0.72,17743,5,71496,303.0,17,8,5,5,5,Poor,True
Cotton,0.5,43.0,15.0,8.83,243.0,35.5,65.8,69.6,0.47,954,193,0.16,4056,10,15557,283.6,17,5,5,5,14,Poor,True
Cotton,16.0,35.1,57.4,6.91,613.0,94.1,59.2,44.0,2.31,739,176,14.5,119819,99,2446752,1942.0,100,100,100,100,100,Good,True
Cotton,2.0,32.0,53.2,8.07,1388.0,47.8,48.7,82.6,1.34,756,175,1.26,15343,56,177416,1056.3,100,92,100,48,33,Moderate,True
Cotton,1.0,8.3,12.5,4.68,155.0,7.4,91.5,82.2,0.45,938,198,0.3,8455,5,29790,252.3,5,5,5,5,5,Poor,True
Cotton,3.0,43.0,15.5,8.77,2561.0,31.2,40.8,36.2,0.47,942,193,0.91,21256,7,93342,339.1,17,9,5,5,7,Poor,True
Cotton,4.0,36.0,59.2,6.38,779.0,144.2,93.8,80.4,2.27,749,173,3.62,34119,99,601096,1661.8,100,100,100,100,100,Good,True
Cotton,6.25,9.9,14.4,8.74,242.0,16.3,44.9,72.7,0.46,1000,194,1.92,49418,6,190325,285.1,5,12,5,5,5,Poor,True
Cotton,0.5,8.7,13.3,4.6,87.0,13.7,58.9,28.1,0.43,963,199,0.15,3853,5,14233,269.4,5,5,5,5,5,Poor,True
Cotton,9.0,37.6,36.2,7.63,641.0,8.7,69.6,67.2,1.11,781,176,4.71,73092,40,661338,804.8,81,100,82,100,5,Poor,True
Cotton,2.25,7.1,16.1,4.71,132.0,14.9,59.1,48.4,0.44,988,199,0.66,17710,5,65538,270.1,5,5,5,5,5,Poor,True
Cotton,1.0,33.3,16.7,6.11,628.0,151.2,57.6,82.5,1.12,955,177,0.52,7757,43,74144,855.8,100,91,5,100,98,Poor,True
Cotton,4.0,34.4,47.8,7.18,651.0,115.6,75.9,75.6,2.28,779,177,3.63,31991,99,603744,1787.2,100,100,100,100,100,Good,True
Cotton,1.0,28.9,44.7,7.02,660.0,139.8,36.2,39.6,2.31,758,169,0.91,7175,99,152922,2031.3,100,100,100,100,100,Good,True
Cotton,9.0,24.9,28.7,4.65,271.0,138.2,84.3,81.9,0.9,876,176,4.13,75129,32,536220,613.7,100,5,47,12,100,Poor,True
Cotton,12.25,43.0,18.5,8.64,178.0,39.3,57.9,35.7,0.53,978,192,4.02,95560,11,429804,349.8,17,24,5,5,20,Poor,True
Cotton,0.5,24.9,52.8,5.69,1181.0,101.8,83.8,82.6,1.69,765,174,0.34,4233,66,55939,1221.5,100,52,100,70,100,Moderate,True
Cotton,1.0,32.6,53.0,6.59,784.0,102.7,60.9,34.7,2.38,759,176,0.89,7531,99,157556,1992.1,100,100,100,100,100,Good,True
Cotton,16.0,27.9,56.7,7.54,574.0,138.1,75.0,87.1,2.33,758,171,14.09,133079,99,2467936,1754.5,100,100,100,100,100,Good,True
Cotton,12.25,13.5,92.1,5.05,2352.0,5.4,57.7,65.8,0.44,950,193,3.76,93806,5,356818,280.4,5,5,5,5,5,Poor,True
Cotton,0.5,11.1,86.3,5.01,185.0,19.4,92.2,37.9,0.44,946,197,0.15,4017,5,14564,262.6,5,5,5,5,5,Poor,True
Cotton,4.0,8.0,16.0,4.03,193.0,6.6,54.5,81.9,0.45,989,193,1.22,30761,5,119160,287.4,5,5,5,5,5,Poor,True
Cotton,3.5,6.3,16.5,5.07,119.0,21.7,76.6,86.7,0.44,963,194,1.06,28585,5,101948,256.6,5,5,5,5,5,Poor,True
Cotton,3.0,10.9,12.1,4.55,130.0,6.5,33.2,65.1,0.44,976,189,0.91,21669,5,87384,303.3,5,5,5,5,5,Poor,True
Cotton,4.0,14.0,95.3,8.61,1909.0,5.4,49.8,72.4,0.47,958,195,1.27,29921,5,124456,315.9,5,27,5,5,5,Poor,True
Cotton,0.5,28.6,69.2,7.86,238.0,62.3,92.9,32.9,1.05,842,176,0.24,3982,33,34755,772.8,100,100,56,5,56,Poor,True
Cotton,6.25,28.8,55.4,6.5,869.0,148.1,93.8,32.0,2.34,729,176,5.7,49848,99,968175,1842.3,100,100,100,100,100,Good,True
Cotton,10.0,34.5,60.0,7.46,557.0,25.8,59.2,53.4,1.22,742,175,5.46,74230,43,807640,988.0,100,100,100,100,5,Poor,True
Cotton,12.25,26.0,48.4,6.51,771.0,147.3,38.3,93.3,2.27,754,172,10.85,91058,99,1840856,1921.6,100,100,100,100,100,Good,True
Cotton,2.0,16.0,19.0,4.41,2874.0,15.6,48.3,32.5,0.46,973,195,0.6,14858,5,60904,309.9,5,5,5,5,5,Poor,True
Cotton,1.0,39.6,61.7,7.58,742.0,159.4,34.2,45.5,1.75,777,185,0.7,7296,71,115850,1487.9,58,100,92,100,82,Moderate,True
Cotton,3.0,43.0,91.4,5.17,115.0,7.8,85.1,27.9,0.48,991,191,0.94,23602,6,95328,303.9,17,5,5,5,5,Poor,True
Cotton,3.5,31.6,48.0,7.99,871.0,137.1,79.1,26.9,2.33,734,176,2.98,26809,99,539861,1913.7,100,100,100,100,100,Good,True
Cotton,6.25,28.2,60.3,6.61,73.0,85.9,70.8,44.8,1.18,745,173,3.32,48126,39,488225,914.5,100,100,99,5,93,Poor,True
Cotton,9.0,14.5,14.4,4.23,1943.0,34.8,50.9,30.9,0.46,990,195,2.73,64845,5,274068,322.7,5,5,5,5,13,Poor,True
Cotton,1.0,24.4,72.7,7.86,1862.0,194.0,63.4,60.8,0.89,902,175,0.44,7456,27,58918,690.2,100,100,39,5,16,Poor,True
Cotton,10.0,24.6,36.5,6.14,1855.0,47.8,85.2,26.4,1.0,783,172,4.86,79483,32,662000,732.9,100,95,83,5,33,Poor,True
Cotton,6.25,13.3,15.0,4.49,67.0,19.8,38.5,66.2,0.44,964,195,1.83,47898,6,182050,280.1,5,5,5,5,5,Poor,True
Cotton,0.5,20.5,67.0,7.25,701.0,91.4,50.0,40.0,1.8,786,182,0.36,3862,70,59580,1442.7,58,100,67,100,100,Moderate,True
Cotton,3.5,31.4,52.3,6.33,700.0,129.1,40.6,47.9,2.33,772,179,3.09,25406,99,539861,2024.9,100,100,100,100,100,Good,True
Cotton,3.0,40.1,16.9,5.19,2768.0,43.6,33.6,67.7,0.57,964,182,1.03,22689,11,113202,398.9,52,5,5,5,26,Poor,True
Cotton,1.0,28.5,46.1,6.92,814.0,90.7,60.3,73.0,2.38,791,177,0.93,7983,99,157556,1873.6,100,100,100,100,100,Good,True
Cotton,10.0,37.4,57.5,6.43,2567.0,101.2,53.6,99.9,1.16,752,177,5.4,77451,43,767920,891.5,84,100,100,5,100,Poor,True
Cotton,3.0,12.0,69.0,7.7,2691.0,0.4,74.3,42.6,0.7,868,190,1.16,24375,21,139020,470.3,5,100,57,5,5,Poor,True
Cotton,3.5,35.9,45.7,6.89,628.0,128.6,80.4,25.2,2.32,751,171,3.21,28036,99,537544,1817.3,100,100,100,100,100,Good,True
Cotton,7.5,24.8,61.6,7.28,2636.0,117.1,66.4,93.2,1.16,764,178,3.91,61004,45,575940,844.1,100,100,93,5,100,Poor,True
Cotton,2.25,33.7,47.5,6.71,640.0,94.5,55.1,51.2,2.31,764,178,2.0,16496,99,344074,1985.8,100,100,100,100,100,Good,True
Cotton,6.25,27.7,59.6,8.26,1535.0,57.8,49.8,65.6,1.34,789,174,3.78,48466,55,554425,1043.9,100,69,100,33,49,Moderate,True
Cotton,4.0,25.4,52.5,7.73,504.0,10.5,34.1,49.5,1.11,777,173,2.15,28276,38,293928,939.5,100,100,100,85,5,Poor,True
Cotton,2.0,21.3,45.4,7.77,1493.0,172.9,71.4,70.3,1.38,768,182,1.24,15938,55,182712,1046.4,68,100,100,37,56,Moderate,True
Cotton,12.25,34.2,48.9,5.74,2024.0,80.4,55.6,82.3,1.07,724,175,6.2,93548,38,867716,827.6,100,56,100,5,85,Poor,True
Cotton,1.0,7.7,11.5,4.79,117.0,15.9,61.9,51.2,0.45,944,197,0.3,7732,5,29790,285.3,5,5,5,5,5,Poor,True
Cotton,2.0,29.6,86.5,7.47,796.0,100.5,31.8,50.6,1.2,945,176,1.07,14384,44,158880,1004.6,100,100,5,100,100,Poor,True
Cotton,6.25,39.6,43.7,5.71,1211.0,94.4,30.6,21.8,1.63,740,184,4.24,43353,65,674412,1455.6,58,54,100,67,100,Moderate,True
Cotton,2.0,5.4,12.9,4.8,188.0,6.7,45.6,98.9,0.44,956,192,0.62,16119,5,58256,261.4,5,5,5,5,5,Poor,True
Cotton,1.0,43.0,83.2,5.09,2566.0,19.3,72.0,73.8,0.48,967,194,0.31,8074,5,31776,293.6,17,5,5,5,5,Poor,True
Cotton,9.0,15.9,15.9,4.66,101.0,9.9,40.0,31.8,0.45,958,202,2.65,63964,5,268110,319.2,5,5,5,5,5,Poor,True
Cotton,2.25,26.7,52.9,7.47,553.0,117.0,42.2,32.4,2.22,732,175,2.07,15995,99,330669,1967.3,100,100,100,100,100,Good,True
Cotton,10.0,5.1,12.8,4.26,73.0,7.9,100.0,67.3,0.43,957,192,3.03,84555,5,284660,236.7,5,5,5,5,5,Poor,True
Cotton,10.0,33.6,47.9,6.73,380.0,172.7,50.8,20.1,1.58,737,176,6.31,73140,65,1045960,1330.1,100,100,100,46,57,Moderate,True
Cotton,12.25,44.0,64.3,6.19,785.0,151.4,61.7,84.2,1.16,806,193,6.32,97469,43,940702,865.1,5,99,80,100,97,Poor,True
Cotton,9.0,25.7,49.7,7.72,585.0,130.6,46.0,91.2,2.27,768,178,8.2,70198,99,1352466,1826.6,100,100,100,100,100,Good,True
Cotton,1.0,9.1,20.4,5.23,2034.0,165.2,96.2,45.2,0.59,1003,199,0.35,8100,9,39058,382.2,5,8,7,5,71,Poor,True
Cotton,3.5,34.0,59.7,7.16,578.0,135.1,52.3,82.4,2.31,769,178,3.18,28142,99,535227,1801.9,100,100,100,100,100,Good,True
Cotton,16.0,24.7,40.6,7.46,636.0,141.4,61.0,31.6,2.29,750,171,14.56,122755,99,2425568,1875.9,100,100,100,100,100,Good,True
Cotton,16.0,35.4,59.7,6.39,708.0,122.9,83.6,62.4,2.32,747,169,14.57,129228,99,2457344,1801.6,100,100,100,100,100,Good,True
Cotton,3.0,43.0,90.8,5.34,182.0,6.0,94.9,21.4,0.5,968,191,0.94,24090,6,99300,312.2,17,18,5,5,5,Poor,True
Cotton,0.25,7.9,90.5,4.51,934.0,173.3,96.0,39.4,0.75,942,195,0.1,2022,18,12412,513.8,5,5,5,96,56,Poor,True
Cotton,9.0,33.5,60.9,5.63,531.0,93.7,35.4,46.6,1.61,750,174,5.98,67585,67,959238,1319.3,100,46,96,94,100,Moderate,True
Cotton,1.5,35.4,80.8,6.55,2729.0,186.0,48.4,57.6,0.84,989,179,0.64,11123,28,83412,649.9,100,100,5,5,32,Poor,True
Cotton,9.0,23.8,54.6,6.77,210.0,148.3,68.5,34.0,1.2,742,179,4.7,68772,44,714960,939.6,98,100,100,5,100,Poor,True
Cotton,5.0,30.7,70.7,8.63,747.0,77.1,82.9,59.8,1.26,852,176,2.81,40423,49,417060,931.7,100,25,49,100,80,Moderate,True
Cotton,4.0,36.1,37.8,8.21,594.0,21.1,97.8,73.9,1.12,763,173,2.11,33181,40,296576,793.8,99,76,90,100,5,Poor,True
Cotton,9.0,27.2,59.7,5.76,404.0,90.2,45.9,64.7,1.66,730,177,6.21,70747,69,989028,1298.0,100,58,100,54,100,Moderate,True
Cotton,5.0,30.9,57.2,6.37,551.0,131.2,84.1,73.4,2.23,751,176,4.4,42182,99,738130,1649.9,100,100,100,100,100,Good,True
Cotton,0.5,8.9,84.2,7.1,2724.0,88.9,95.2,92.3,0.83,969,196,0.21,4466,25,27473,515.2,5,100,5,5,98,Poor,True
Cotton,9.0,34.1,53.1,7.0,745.0,110.6,87.5,52.2,2.39,744,174,8.36,72668,98,1423962,1859.5,100,100,100,100,100,Good,True
Cotton,7.5,43.0,97.2,8.78,1825.0,11.5,92.6,20.1,0.48,974,194,2.31,57319,6,238320,315.8,17,8,5,5,5,Poor,True
Cotton,7.5,10.2,17.5,8.84,83.0,18.6,59.4,39.2,0.44,982,190,2.22,56950,5,218460,283.6,5,5,5,5,5,Poor,True
Cotton,0.5,43.0,79.7,4.2,2472.0,25.6,68.6,31.2,0.47,978,189,0.15,3749,6,15557,315.0,17,5,7,5,5,Poor,True
Cotton,16.0,35.9,60.7,8.26,1562.0,123.7,45.4,21.6,1.45,777,174,9.99,117016,54,1535840,1212.5,100,69,97,30,100,Moderate,True
Cotton,0.25,33.0,55.6,5.82,1579.0,109.1,49.6,58.3,1.37,745,178,0.15,1892,52,22674,1098.4,100,64,100,28,100,Moderate,True
Cotton,12.25,24.3,52.3,6.78,2025.0,111.6,50.7,44.1,1.2,743,176,6.65,89356,44,973140,989.1,100,100,100,5,100,Poor,True
Cotton,2.0,13.7,14.6,4.74,206.0,12.4,65.9,81.3,0.44,925,197,0.6,15890,5,58256,266.6,5,5,5,5,5,Poor,True
Cotton,6.25,22.6,62.0,8.94,905.0,95.0,37.7,46.5,1.12,783,182,3.25,46146,40,463400,904.2,84,5,90,99,100,Poor,True
Cotton,7.5,36.0,71.1,7.13,1265.0,80.8,47.3,89.8,1.61,883,175,4.92,59547,64,799365,1242.4,100,100,47,61,85,Moderate,True
Cotton,7.5,35.8,52.6,7.06,881.0,112.2,72.0,46.2,2.34,768,178,6.74,59441,99,1161810,1854.6,100,100,100,100,100,Good,True
Cotton,2.0,34.5,44.8,7.54,612.0,129.7,53.7,56.7,2.27,753,176,1.74,15165,99,300548,1881.9,100,100,100,100,100,Good,True
Cotton,10.0,24.8,53.3,8.0,727.0,58.9,89.2,66.8,1.71,764,174,7.11,83063,68,1132020,1262.8,100,100,100,100,51,Moderate,True
Cotton,12.25,44.0,61.6,7.87,850.0,124.7,31.0,42.2,1.18,763,191,6.76,89222,42,956921,972.5,5,100,92,100,100,Poor,True
Cotton,1.5,37.7,60.1,4.54,587.0,151.6,45.5,31.6,1.16,767,181,0.8,10759,41,115188,970.6,79,5,99,100,97,Poor,True
Cotton,3.5,21.9,32.1,8.03,934.0,124.0,85.6,74.1,1.79,832,184,2.61,28529,74,414743,1353.8,75,97,62,96,100,Moderate,True
Cotton,2.25,30.9,57.6,6.26,859.0,120.4,50.4,34.5,2.32,760,175,2.03,17243,98,345564,1904.1,100,100,100,100,100,Good,True
Cotton,3.5,30.9,59.7,7.64,692.0,42.1,45.6,26.6,1.43,758,178,2.14,25596,55,331331,1194.5,100,100,100,100,24,Moderate,True
Cotton,1.5,12.4,82.5,8.85,147.0,20.5,36.9,43.6,0.46,973,195,0.45,11053,6,45678,313.3,5,5,5,5,5,Poor,True
Cotton,0.25,39.9,33.4,7.13,602.0,157.5,41.0,31.1,1.62,826,186,0.18,1821,68,26811,1372.3,53,100,69,100,86,Moderate,True
Cotton,1.0,10.2,37.2,6.04,1671.0,153.8,93.4,48.7,0.98,775,198,0.46,8190,32,64876,692.1,5,84,87,19,93,Poor,True
Cotton,7.5,37.8,63.5,7.44,1436.0,108.0,46.9,34.1,1.55,771,182,5.09,54979,63,769575,1299.8,79,100,84,43,100,Moderate,True
Cotton,12.25,8.7,16.0,4.38,199.0,5.1,45.5,30.1,0.43,984,196,3.6,86619,7,348708,302.6,5,5,5,5,5,Poor,True
Cotton,0.5,35.4,59.0,6.86,572.0,127.8,54.8,22.6,2.28,769,173,0.45,3639,99,75468,1973.9,100,100,100,100,100,Good,True
Cotton,2.25,13.6,85.5,6.93,1550.0,60.4,84.6,85.7,0.78,980,193,0.92,19212,23,116181,504.7,5,100,5,31,53,Poor,True
Cotton,0.25,25.5,48.7,6.32,832.0,144.5,30.5,32.1,2.3,755,175,0.23,1751,98,38065,2073.9,100,100,100,100,100,Good,True
Cotton,16.0,34.1,72.9,7.77,364.0,180.3,59.3,73.7,1.34,868,177,9.67,128999,53,1419328,1000.3,100,100,39,41,42,Moderate,True
Cotton,3.5,5.4,15.8,4.51,82.0,14.3,64.3,59.0,0.46,958,198,1.07,27894,7,106582,282.1,5,5,5,5,5,Poor,True
Cotton,1.0,10.4,10.0,4.52,78.0,13.7,53.9,28.0,0.44,954,196,0.3,7464,7,29128,290.2,5,5,5,5,5,Poor,True
Cotton,1.0,29.2,68.0,7.04,1230.0,103.9,40.2,87.3,1.8,834,173,0.74,7749,75,119160,1437.7,100,100,62,65,100,Moderate,True
Cotton,3.5,20.9,61.7,8.08,568.0,168.1,56.4,77.4,1.77,794,186,2.61,27353,75,410109,1399.3,63,91,92,100,66,Moderate,True
Cotton,4.0,36.8,62.5,8.81,506.0,115.1,54.8,68.0,1.12,760,178,2.15,30224,40,296576,881.3,90,5,88,86,100,Poor,True
Cotton,3.0,6.0,83.7,5.02,1899.0,27.8,62.8,93.3,0.44,952,187,0.87,23814,5,87384,266.9,5,5,5,5,5,Poor,True
Cotton,3.5,25.8,44.1,7.0,836.0,24.2,49.9,50.1,1.21,782,177,1.84,26950,40,280357,940.3,100,100,100,100,5,Poor,True
Cotton,7.5,22.6,35.9,5.23,137.0,148.0,73.0,95.6,0.94,794,180,3.35,61884,32,466710,654.2,84,7,81,5,100,Poor,True
Cotton,2.25,25.3,58.8,7.84,820.0,105.1,54.7,74.2,2.35,754,170,2.04,18196,98,350033,1823.7,100,100,100,100,100,Good,True
Cotton,12.25,25.0,54.7,6.38,879.0,142.0,79.0,28.4,2.42,766,177,10.59,95041,99,1962499,1964.9,100,100,100,100,100,Good,True
Cotton,7.5,43.0,86.4,8.7,190.0,9.4,84.9,32.8,0.5,963,190,2.37,58418,9,248250,325.0,17,16,5,5,5,Poor,True
Cotton,2.0,43.0,15.8,5.12,102.0,18.7,73.8,74.4,0.48,974,191,0.62,15822,5,63552,301.7,17,5,5,5,5,Poor,True
Cotton,0.25,22.7,44.8,8.13,1935.0,40.9,47.2,32.1,0.98,746,182,0.11,1840,31,16219,781.5,84,85,100,5,22,Poor,True
Cotton,2.25,27.3,64.1,6.92,75.0,106.5,35.0,31.0,1.17,804,178,1.16,15825,41,174272,1001.2,100,100,80,5,100,Poor,True
Cotton,0.25,31.2,62.6,8.18,906.0,55.9,87.3,61.3,1.58,788,178,0.17,2018,63,26149,1195.8,100,79,88,99,46,Moderate,True
Cotton,16.0,29.4,45.3,7.38,1664.0,80.1,49.9,61.0,1.28,743,176,9.52,123549,52,1355776,997.4,100,100,100,19,84,Moderate,True
Cotton,1.0,33.7,58.7,6.9,660.0,121.3,59.0,92.9,2.34,755,179,0.89,7787,99,154908,1889.3,100,100,100,100,100,Good,True
Cotton,6.25,30.5,48.3,7.63,900.0,117.4,35.9,42.9,2.25,730,175,5.64,44039,99,930938,2013.9,100,100,100,100,100,Good,True
Cotton,16.0,34.7,42.8,6.83,683.0,136.3,40.7,44.9,2.19,762,179,14.33,115945,99,2319648,1900.6,100,100,100,100,100,Good,True
Cotton,3.0,5.4,36.9,6.16,666.0,115.3,61.7,46.9,1.19,783,192,1.55,23041,39,236334,925.7,5,97,85,100,100,Poor,True
Cotton,3.0,27.4,15.7,7.03,668.0,123.0,91.2,76.2,1.21,982,175,1.61,24817,42,240306,868.3,100,100,5,100,100,Poor,True
Cotton,3.0,20.2,63.2,7.61,894.0,146.4,35.1,31.5,1.79,801,181,2.13,21512,72,355494,1552.5,55,100,85,100,100,Moderate,True
Cotton,0.5,32.3,68.9,8.09,1555.0,102.5,60.6,68.0,1.36,837,178,0.31,3890,54,45016,1057.2,100,89,58,31,100,Moderate,True
Cotton,3.0,43.0,80.5,8.76,98.0,33.1,64.8,47.4,0.49,948,186,0.93,22242,10,97314,337.5,17,10,5,5,10,Poor,True
Cotton,9.0,5.6,19.9,4.72,188.0,7.1,36.6,82.3,0.46,946,199,2.75,68516,5,274068,300.0,5,5,5,5,5,Poor,True
Cotton,9.0,26.8,52.9,6.83,854.0,95.3,76.7,22.4,2.23,752,175,8.03,69666,99,1328634,1807.1,100,100,100,100,100,Good,True
Cotton,9.0,34.0,47.7,7.32,664.0,126.9,57.1,48.2,2.23,737,176,8.39,68125,99,1328634,1850.3,100,100,100,100,100,Good,True
Cotton,5.0,25.8,57.9,6.52,873.0,95.8,79.0,51.4,2.29,725,176,4.49,38315,99,757990,1878.3,100,100,100,100,100,Good,True
Cotton,2.0,25.0,56.0,7.89,1050.0,46.9,42.9,55.6,1.46,741,175,1.27,14998,58,193304,1188.9,100,100,100,84,32,Moderate,True
Cotton,7.5,19.7,32.7,8.17,841.0,172.0,85.5,37.6,1.51,818,187,4.98,58528,60,749715,1181.0,49,79,65,100,58,Moderate,True
Cotton,5.0,31.4,26.3,8.11,1069.0,107.7,92.1,25.1,1.48,906,175,3.3,40114,58,489880,1121.2,100,87,35,82,100,Moderate,True
Cotton,0.25,10.8,26.5,5.4,2835.0,44.1,86.5,39.9,0.59,908,194,0.1,2045,13,9764,377.5,5,24,36,5,27,Poor,True
Cotton,6.25,24.8,54.0,8.86,607.0,105.6,73.0,98.2,1.22,756,174,3.47,50209,41,504775,905.3,100,5,100,100,100,Poor,True
Cotton,2.0,35.1,45.9,7.02,994.0,123.3,48.2,55.3,2.19,756,173,1.73,14933,91,289956,1841.7,100,100,100,90,100,Good,True
Cotton,1.0,32.2,62.4,7.29,1659.0,150.7,50.5,54.1,1.27,790,178,0.6,7678,51,84074,995.0,100,100,89,20,99,Moderate,True
Cotton,10.0,19.1,29.4,7.57,889.0,140.8,41.5,85.1,1.48,845,187,6.74,76936,58,979760,1173.5,42,100,50,100,100,Moderate,True
Cotton,2.0,30.6,28.2,7.0,863.0,142.9,70.4,76.7,1.65,866,176,1.36,16606,66,218460,1215.5,100,100,44,100,100,Moderate,True
Cotton,7.5,30.0,47.2,7.96,740.0,115.6,88.1,21.7,2.33,764,174,6.39,59341,99,1156845,1849.5,100,100,100,100,100,Good,True
Cotton,4.0,22.6,43.9,8.37,1700.0,146.6,58.5,31.0,1.17,751,176,2.16,30193,41,309816,926.1,84,56,100,16,100,Poor,True
Cotton,1.5,5.1,14.1,4.1,135.0,9.9,67.4,46.7,0.43,954,197,0.44,11649,5,42699,266.5,5,5,5,5,5,Poor,True
Cotton,0.25,32.2,68.0,6.11,1387.0,47.3,37.7,85.5,1.29,815,176,0.14,1866,49,21350,1044.2,100,91,62,49,32,Moderate,True
Cotton,3.5,20.2,35.9,6.73,724.0,64.1,33.8,53.7,1.57,805,190,2.45,25032,67,363769,1353.2,55,100,81,100,59,Moderate,True
Cotton,1.0,25.5,46.7,7.71,612.0,110.3,38.8,55.8,2.26,739,179,0.91,7564,98,149612,1877.9,100,100,100,100,100,Good,True
Cotton,9.0,8.8,14.9,4.48,85.0,9.8,31.5,55.3,0.45,996,200,2.75,63862,6,268110,319.8,5,5,5,5,5,Poor,True
Cotton,9.0,22.6,12.6,6.45,650.0,119.2,35.1,66.0,1.13,933,176,4.82,65725,40,673254,924.3,84,100,5,100,100,Poor,True
Cotton,0.5,7.7,18.7,4.53,185.0,7.8,85.1,43.4,0.44,966,197,0.15,3891,5,14564,274.3,5,5,5,5,5,Poor,True
Cotton,9.0,33.4,62.2,7.18,1217.0,72.0,64.5,64.0,1.79,745,171,6.59,68869,79,1066482,1448.6,100,100,89,67,72,Good,True
Cotton,2.25,34.9,56.0,6.44,554.0,136.1,90.0,94.8,2.29,752,170,2.07,19494,99,341096,1649.7,100,100,100,100,100,Good,True
Cotton,0.5,44.0,39.6,6.0,726.0,138.8,80.6,57.1,1.16,723,197,0.26,4051,40,38396,847.8,5,81,98,100,100,Poor,True
Cotton,3.5,43.0,17.6,4.29,96.0,32.1,43.5,71.6,0.46,942,196,1.07,26976,7,106582,295.1,17,5,5,5,8,Poor,True
Cotton,5.0,30.2,50.5,7.97,897.0,138.0,91.7,75.5,2.42,764,174,4.57,42207,98,801020,1797.8,100,100,100,100,100,Good,True
Cotton,6.25,35.2,40.5,6.79,581.0,120.7,94.9,75.9,2.26,724,175,5.64,52203,99,935075,1691.2,100,100,100,100,100,Good,True
Cotton,9.0,26.8,54.3,7.81,814.0,121.5,48.9,25.1,2.31,746,173,7.93,63846,99,1376298,2055.7,100,100,100,100,100,Good,True
Cotton,4.0,22.0,47.5,6.1,2872.0,124.5,30.8,35.8,1.11,739,180,2.08,28905,41,293928,916.9,77,90,100,5,100,Poor,True
Cotton,16.0,10.7,16.7,4.68,168.0,17.1,59.8,20.3,0.44,974,196,4.85,115505,5,466048,303.5,5,5,5,5,5,Poor,True
Cotton,5.0,6.7,12.2,8.82,2122.0,33.6,84.1,89.6,0.46,952,191,1.53,42212,5,152260,260.7,5,5,5,5,11,Poor,True
Cotton,10.0,33.9,40.4,7.64,822.0,108.1,44.2,99.4,2.26,776,177,8.99,75749,99,1496120,1875.1,100,100,100,100,100,Good,True
Cotton,0.25,24.1,66.2,8.18,1302.0,64.2,44.9,87.9,1.63,850,177,0.17,1955,64,26976,1279.8,100,79,71,58,59,Moderate,True
Cotton,0.5,32.0,44.3,8.73,1578.0,187.7,78.4,68.4,1.02,742,173,0.24,4045,34,33762,734.7,100,13,100,28,28,Poor,True
Cotton,10.0,31.9,45.1,6.72,557.0,123.5,64.9,79.2,2.27,766,172,8.94,76846,99,1502740,1855.5,100,100,100,100,100,Good,True
Cotton,0.5,35.7,54.5,6.7,871.0,146.9,36.0,36.5,2.33,734,170,0.46,3590,99,77123,2048.3,100,100,100,100,100,Good,True
Cotton,2.0,44.0,46.9,7.57,812.0,109.4,72.5,42.9,1.19,768,189,1.12,15609,46,157556,909.4,5,100,100,100,100,Poor,True
Cotton,0.5,31.8,41.2,6.8,892.0,97.3,60.4,93.3,2.27,732,177,0.44,3889,99,75137,1832.0,100,100,100,100,100,Good,True
Cotton,7.5,34.5,97.7,7.09,698.0,147.0,49.6,77.2,1.18,988,178,3.98,56480,44,585870,937.3,100,100,5,100,100,Poor,True
Cotton,0.25,30.6,51.7,6.55,741.0,128.8,33.6,89.4,2.24,759,177,0.23,1879,98,37072,1873.0,100,100,100,100,100,Good,True
Cotton,16.0,32.1,12.6,8.13,917.0,126.2,93.6,94.4,1.12,948,174,8.53,138556,40,1186304,756.2,100,84,5,98,100,Poor,True
Cotton,1.5,9.7,96.0,4.55,172.0,15.0,74.7,24.9,0.44,961,199,0.47,11941,5,43692,265.9,5,5,5,5,5,Poor,True
Cotton,9.0,28.3,65.9,7.98,533.0,93.2,34.3,39.4,1.97,819,179,7.21,64979,82,1173726,1706.3,100,100,72,94,100,Good,True
Cotton,0.25,26.1,51.9,8.33,411.0,119.3,54.4,50.8,1.68,779,173,0.18,1894,69,27804,1368.0,100,61,100,56,100,Moderate,True
Cotton,2.0,34.1,44.4,6.47,1197.0,91.2,65.6,26.1,1.99,747,178,1.62,15155,80,263476,1638.5,100,100,100,69,100,Good,True
Cotton,3.0,13.5,39.7,6.61,1998.0,54.9,75.2,58.2,0.89,768,200,1.3,25019,28,176754,606.5,5,100,99,5,44,Poor,True
Cotton,1.0,26.7,49.2,6.62,755.0,149.9,62.1,48.2,2.38,758,171,0.9,7640,99,157556,1962.3,100,100,100,100,100,Good,True
Cotton,12.25,5.4,10.4,4.51,65.0,11.0,95.2,50.5,0.45,966,194,3.68,100002,5,364928,264.9,5,5,5,5,5,Poor,True
Cotton,10.0,31.5,54.7,7.28,591.0,97.5,61.3,59.0,2.3,776,172,9.02,77913,99,1522600,1854.2,100,100,100,100,100,Good,True
Cotton,2.25,36.0,71.5,8.23,1058.0,187.5,87.1,63.9,1.25,872,178,1.29,18186,48,186188,923.8,99,72,45,83,29,Moderate,True
Cotton,0.5,31.6,47.0,6.39,749.0,119.1,32.5,97.0,2.29,763,177,0.44,3812,99,75799,1888.4,100,100,100,100,100,Good,True
Cotton,2.25,24.1,42.4,8.08,814.0,5.9,92.2,83.2,1.16,723,178,1.19,19367,43,172782,792.1,100,91,100,100,5,Poor,True
Cotton,16.0,34.6,58.3,7.31,753.0,79.5,76.0,52.4,2.05,771,173,13.58,122623,88,2171360,1670.8,100,100,100,100,83,Good,True
Cotton,12.25,34.9,45.4,6.3,633.0,125.2,72.4,75.5,2.27,743,177,10.94,97932,99,1840856,1779.7,100,100,100,100,100,Good,True
Cotton,0.25,34.5,52.2,7.63,628.0,110.9,75.2,36.3,2.21,782,173,0.22,1880,99,36576,1845.5,100,100,100,100,100,Good,True
Cotton,2.25,13.0,96.6,8.76,2483.0,33.9,57.0,48.5,0.47,991,197,0.7,17612,7,70006,297.5,5,10,5,5,11,Poor,True
Cotton,3.0,34.4,56.9,7.32,564.0,13.1,90.9,77.6,1.15,770,175,1.65,25890,40,228390,782.2,100,100,100,100,5,Poor,True
Cotton,5.0,27.3,48.6,6.34,1147.0,157.7,90.5,46.6,2.0,755,180,4.02,40108,82,662000,1550.5,100,100,100,74,85,Good,True
Cotton,5.0,34.5,49.6,6.15,875.0,10.2,43.3,48.5,1.21,769,180,2.68,36159,43,400510,1007.6,100,95,100,100,5,Poor,True
Cotton,0.5,9.9,15.9,4.34,116.0,7.2,55.9,49.2,0.44,925,193,0.15,3914,6,14564,272.1,5,5,5,5,5,Poor,True
Cotton,1.0,27.9,50.3,7.37,884.0,108.4,46.8,39.8,2.3,766,171,0.9,7470,99,152260,1938.3,100,100,100,100,100,Good,True
Cotton,10.0,29.2,41.0,7.43,812.0,110.7,75.9,81.6,2.41,753,174,9.41,82054,99,1595420,1844.4,100,100,100,100,100,Good,True
Cotton,9.0,27.8,41.3,6.93,616.0,114.3,65.6,42.6,2.23,737,180,8.33,68478,99,1328634,1840.2,100,100,100,100,100,Good,True
Cotton,0.5,29.8,58.0,6.9,824.0,107.2,57.2,72.8,2.29,770,172,0.43,3902,99,75799,1842.6,100,100,100,100,100,Good,True
Cotton,3.0,29.3,51.9,7.8,894.0,148.8,36.6,92.4,2.28,745,171,2.82,22911,99,452808,1876.4,100,100,100,100,100,Good,True
Cotton,6.25,34.9,37.3,6.22,433.0,99.0,79.0,46.8,1.84,791,173,4.61,49958,75,761300,1423.9,100,100,87,63,100,Good,True
Cotton,1.0,37.2,70.0,7.32,753.0,142.0,33.0,74.5,1.73,865,179,0.71,7430,70,114526,1441.4,86,100,52,100,100,Moderate,True
Cotton,10.0,38.8,71.8,7.79,554.0,96.2,67.8,41.4,1.6,883,183,6.66,78882,62,1059200,1242.8,67,100,44,100,100,Moderate,True
Cotton,0.25,10.3,12.0,8.84,2881.0,11.3,82.8,54.4,0.43,956,194,0.1,2016,5,7116,253.0,5,5,5,5,5,Poor,True
Cotton,6.25,31.2,52.6,6.86,676.0,124.8,69.2,71.8,2.29,744,174,5.65,50143,99,947488,1789.6,100,100,100,100,100,Good,True
Cotton,3.5,28.6,40.4,7.92,555.0,99.3,47.9,25.6,2.4,736,177,3.08,25096,99,556080,2115.8,100,100,100,100,100,Good,True
Cotton,5.0,9.7,80.5,5.32,81.0,37.9,30.5,93.3,0.5,947,194,1.62,38168,10,165500,333.6,5,16,5,5,18,Poor,True
Cotton,6.25,33.2,35.1,6.96,75.0,95.4,74.7,81.2,1.14,768,174,3.28,50996,42,471675,824.9,100,100,77,5,100,Poor,True
Cotton,16.0,8.2,93.9,4.64,2712.0,9.9,39.0,78.6,0.44,990,192,4.92,118694,5,466048,292.6,5,5,5,5,5,Poor,True
Cotton,0.5,23.6,50.4,7.13,1696.0,163.6,75.7,93.7,1.32,734,176,0.3,4170,48,43692,947.8,95,100,100,16,74,Moderate,True
Cotton,10.0,24.6,45.0,7.5,743.0,91.4,43.9,82.4,2.37,744,171,8.82,77147,99,1568940,1933.7,100,100,100,100,100,Good,True
Cotton,4.0,5.6,14.4,4.07,61.0,17.4,80.1,42.3,0.45,939,196,1.19,31230,5,119160,281.6,5,5,5,5,5,Poor,True
Cotton,1.5,43.0,13.7,8.8,1913.0,37.7,77.4,66.6,0.49,991,188,0.47,11800,6,48657,312.3,17,5,5,5,17,Poor,True
Cotton,5.0,24.0,43.9,7.55,1360.0,154.4,58.2,56.4,1.73,732,173,3.56,37070,72,572630,1444.7,100,100,100,51,92,Moderate,True
Cotton,0.5,34.5,49.8,5.66,734.0,175.2,50.7,68.6,1.65,775,173,0.34,3768,64,54615,1349.4,100,48,100,100,52,Moderate,True
Cotton,3.5,33.9,44.0,8.27,665.0,155.8,31.1,69.2,1.89,751,181,2.75,25819,82,437913,1596.1,100,68,100,100,89,Good,True
Cotton,9.0,31.2,35.3,8.99,724.0,139.6,96.1,98.9,1.16,772,175,4.72,76986,42,691128,797.7,100,5,77,100,100,Poor,True
Cotton,5.0,29.3,41.2,7.77,2310.0,137.4,73.7,96.6,1.18,749,175,2.74,40089,44,390580,874.3,100,100,100,5,100,Poor,True
Cotton,6.25,31.0,42.2,6.92,859.0,126.5,42.8,87.0,2.25,753,177,5.6,48609,99,930938,1815.2,100,100,100,100,100,Good,True
Cotton,12.25,32.1,71.5,7.3,1448.0,109.4,70.6,80.8,1.53,854,170,7.97,94493,61,1240754,1213.1,100,100,45,42,100,Moderate,True
Cotton,1.0,8.4,85.2,4.67,210.0,7.9,96.1,23.0,0.46,991,187,0.3,8182,5,30452,272.2,5,5,5,5,5,Poor,True
Cotton,3.0,35.2,55.0,6.88,1690.0,67.9,79.1,23.5,1.25,742,173,1.68,23701,47,248250,947.4,100,100,100,17,65,Moderate,True
Cotton,6.25,10.0,15.4,4.19,2814.0,25.9,90.4,93.5,0.44,961,194,1.94,54093,7,182050,236.6,5,5,5,5,5,Poor,True
Cotton,5.0,8.0,14.9,8.77,2782.0,13.5,92.7,60.4,0.44,986,194,1.46,39579,6,145640,268.0,5,8,5,5,5,Poor,True
Cotton,12.25,32.9,44.8,7.69,691.0,114.9,58.9,70.7,2.29,730,175,11.07,95092,99,1857076,1852.9,100,100,100,100,100,Good,True
Cotton,10.0,12.7,16.8,4.19,73.0,18.1,36.4,99.6,0.44,943,193,2.95,73370,5,291280,297.0,5,5,5,5,5,Poor,True
Cotton,2.25,24.9,39.6,8.32,402.0,114.5,64.6,31.1,1.72,767,177,1.57,17494,70,256194,1364.5,100,63,98,53,100,Moderate,True
Cotton,12.25,31.3,48.1,4.73,1603.0,62.1,67.7,41.1,0.95,748,171,5.94,95444,31,770402,707.2,100,5,100,26,56,Poor,True
Cotton,6.25,23.9,42.6,8.06,1621.0,173.0,92.2,92.1,1.29,744,173,3.62,53308,47,533738,901.2,99,93,100,24,56,Moderate,True
Cotton,0.5,28.2,48.5,7.47,710.0,92.9,99.2,59.8,2.31,753,176,0.43,4181,99,76461,1728.8,100,100,100,100,100,Good,True
Cotton,5.0,7.3,17.5,4.03,2600.0,32.6,52.4,67.1,0.47,989,196,1.58,36957,5,155570,320.9,5,5,5,5,9,Poor,True
Cotton,3.5,11.6,18.6,4.56,229.0,39.6,52.4,53.7,0.47,945,195,1.1,25684,6,108899,324.0,5,5,5,5,20,Poor,True
Cotton,2.0,31.6,13.8,7.93,814.0,138.7,86.8,27.2,1.17,980,177,1.08,16149,44,154908,859.2,100,100,5,100,100,Poor,True
Cotton,2.0,6.6,16.2,4.09,2771.0,34.9,67.2,23.6,0.45,989,196,0.6,15147,6,59580,293.3,5,5,5,5,13,Poor,True
Cotton,7.5,34.9,57.7,8.28,658.0,21.1,96.4,46.9,1.15,736,173,3.95,62209,40,570975,817.8,100,66,100,100,5,Poor,True
Cotton,2.25,13.6,10.6,4.44,191.0,16.3,73.7,24.0,0.43,968,192,0.65,16760,5,64048,282.1,5,5,5,5,5,Poor,True
Cotton,10.0,32.6,52.0,7.98,818.0,96.1,81.8,23.9,2.26,750,171,8.96,76854,99,1496120,1846.7,100,100,100,100,100,Good,True
Cotton,16.0,35.4,48.0,8.09,389.0,78.9,48.4,37.7,1.58,763,178,11.05,117333,67,1673536,1326.3,100,89,100,49,82,Moderate,True
Cotton,3.5,36.1,29.4,7.18,485.0,66.5,61.0,54.0,1.59,854,172,2.21,26727,63,368403,1278.4,99,100,50,79,63,Moderate,True
Cotton,2.25,14.7,47.6,4.85,2757.0,4.9,85.2,26.6,0.62,740,198,0.8,17669,13,92349,422.7,5,5,100,5,5,Poor,True
Cotton,10.0,29.7,46.1,7.99,615.0,112.7,99.0,74.0,2.23,757,175,9.16,84179,99,1476260,1653.7,100,100,100,100,100,Good,True
Cotton,9.0,43.0,95.9,8.85,235.0,6.3,54.4,63.9,0.46,1001,189,2.8,67888,7,274068,303.7,17,5,5,5,5,Poor,True
Cotton,5.0,34.4,42.4,7.61,542.0,108.6,44.8,82.4,2.25,736,177,4.45,39854,97,744750,1768.7,100,100,100,97,100,Good,True
Cotton,2.0,23.3,91.0,7.47,722.0,139.9,95.1,68.4,1.16,918,177,1.1,16669,40,153584,821.4,91,100,5,100,100,Poor,True
Cotton,1.0,31.6,48.5,7.02,620.0,17.6,98.5,27.6,1.19,758,173,0.52,8209,44,78778,859.7,100,100,100,100,5,Poor,True
Cotton,1.5,36.3,45.5,6.26,1547.0,157.4,70.9,30.0,1.43,749,172,0.91,11544,58,141999,1130.1,96,100,100,32,86,Moderate,True
Cotton,1.0,17.3,70.1,7.03,1476.0,81.6,90.4,71.8,1.16,857,187,0.52,8103,40,76792,847.7,21,100,52,39,87,Poor,True
Cotton,7.5,43.0,15.4,4.71,192.0,19.3,46.5,63.6,0.48,948,190,2.31,58172,6,238320,309.7,17,5,5,5,5,Poor,True
Cotton,1.5,31.8,43.2,8.95,616.0,126.8,91.5,82.6,1.17,738,179,0.81,12385,42,116181,838.1,100,5,100,100,100,Poor,True
Cotton,9.0,11.5,93.2,4.86,561.0,85.0,60.4,61.2,0.83,930,198,3.92,71361,21,494514,593.0,5,5,5,100,92,Poor,True
Cotton,10.0,27.6,27.2,5.61,1426.0,113.5,78.4,20.9,1.4,912,174,5.95,77222,51,926800,1100.2,100,44,39,44,100,Moderate,True
Cotton,6.25,33.0,27.5,7.22,348.0,79.0,87.2,33.5,1.4,872,177,3.89,49092,55,579250,1079.9,100,100,41,36,83,Moderate,True
Cotton,2.25,37.8,63.9,7.12,543.0,27.9,72.2,91.4,1.12,813,177,1.17,18262,37,166824,813.5,79,100,81,98,5,Poor,True
Cotton,3.5,37.1,71.5,7.16,1566.0,45.1,67.6,68.7,1.2,843,176,1.92,28616,39,278040,871.6,87,100,45,30,29,Poor,True
Cotton,2.25,37.8,58.9,7.65,2617.0,113.0,69.6,28.5,1.17,772,185,1.15,17410,39,174272,901.0,79,100,100,5,100,Poor,True
Cotton,3.0,27.8,50.7,7.19,835.0,125.3,52.6,69.8,2.38,765,175,2.71,23439,99,472668,1916.6,100,100,100,100,100,Good,True
Cotton,16.0,40.6,30.4,6.9,429.0,90.2,63.6,32.2,1.47,850,188,10.46,117751,57,1557024,1222.3,45,100,55,62,100,Moderate,True
Cotton,16.0,25.4,51.1,7.01,762.0,101.6,52.6,68.3,2.33,743,171,14.68,125676,99,2467936,1863.7,100,100,100,100,100,Good,True
Cotton,0.25,30.9,47.2,6.75,126.0,83.3,93.8,49.5,1.14,737,177,0.13,2074,42,18867,809.7,100,100,100,5,89,Poor,True
Cotton,3.5,27.8,41.4,7.18,851.0,114.0,81.9,22.0,2.28,760,178,3.13,27957,98,528276,1789.6,100,100,100,100,100,Good,True
Cotton,1.5,39.2,67.1,7.54,557.0,114.6,32.1,25.8,1.8,835,183,1.11,10528,75,178740,1597.8,62,100,66,100,100,Moderate,True
Cotton,10.0,11.4,19.4,4.1,116.0,18.4,84.6,46.4,0.44,945,189,3.08,81619,6,291280,256.9,5,5,5,5,5,Poor,True
Cotton,10.0,28.9,58.2,6.95,581.0,101.8,68.6,35.1,2.24,752,174,9.09,77290,99,1482880,1818.6,100,100,100,100,100,Good,True
Cotton,2.25,43.0,18.9,4.75,2170.0,6.4,91.1,48.9,0.46,964,195,0.7,18445,5,68517,271.5,17,5,5,5,5,Poor,True
Cotton,1.0,35.5,56.9,6.99,637.0,94.3,33.1,77.5,2.39,755,175,0.9,7311,98,158218,2064.1,100,100,100,100,100,Good,True
Cotton,1.5,33.9,12.6,7.55,616.0,93.5,66.6,55.8,1.19,949,171,0.83,11581,45,118167,920.4,100,100,5,100,100,Poor,True
Cotton,0.25,39.6,49.6,6.39,844.0,42.5,88.5,59.3,1.32,745,183,0.15,1982,50,21846,1002.2,58,100,100,100,25,Moderate,True
Cotton,9.0,10.8,19.9,4.5,146.0,16.6,71.3,21.4,0.45,964,197,2.74,68833,5,268110,289.5,5,5,5,5,5,Poor,True
Cotton,2.25,13.0,45.6,7.51,856.0,109.1,34.5,60.6,1.16,753,197,1.21,16534,42,172782,945.0,5,100,100,100,100,Poor,True
Cotton,2.0,26.0,47.5,6.96,865.0,106.8,88.5,22.9,2.33,745,176,1.8,15727,99,308492,1861.5,100,100,100,100,100,Good,True
Cotton,0.5,38.3,40.8,8.35,1224.0,134.1,49.3,65.7,1.68,737,178,0.36,3686,71,55608,1408.6,72,58,100,66,100,Moderate,True
Cotton,10.0,13.7,14.0,4.51,102.0,19.9,41.3,88.1,0.45,956,197,2.95,74630,6,297900,299.2,5,5,5,5,5,Poor,True
Cotton,6.25,23.3,39.7,7.4,171.0,124.9,56.9,90.9,1.17,727,180,3.29,49536,42,484088,877.2,92,100,98,5,100,Poor,True
Cotton,4.0,6.1,80.7,8.87,2642.0,17.7,62.9,83.4,0.44,934,190,1.19,32221,5,116512,261.6,5,5,5,5,5,Poor,True
Cotton,3.0,19.3,41.3,7.06,458.0,112.8,74.5,99.5,1.6,756,191,2.1,24156,64,317760,1215.4,44,100,100,71,100,Moderate,True
Cotton,6.25,11.3,13.3,4.71,154.0,17.1,83.4,44.4,0.45,970,193,1.88,50346,5,186188,269.8,5,5,5,5,5,Poor,True
Cotton,2.0,13.5,19.6,4.29,111.0,16.7,64.7,24.0,0.46,970,191,0.59,14968,5,60904,306.9,5,5,5,5,5,Poor,True
Cotton,1.0,20.2,91.3,7.94,1149.0,60.8,95.8,37.5,0.96,988,191,0.48,7713,31,63552,724.0,55,100,5,74,54,Poor,True
Cotton,7.5,43.0,95.9,4.5,193.0,32.5,69.3,88.5,0.48,1006,197,2.43,63241,5,238320,276.8,17,5,5,5,9,Poor,True
Cotton,16.0,38.3,41.5,6.71,1417.0,54.2,76.3,94.1,1.51,755,180,10.45,131266,57,1599392,1118.4,72,100,100,45,43,Moderate,True
Cotton,5.0,31.1,49.4,6.47,538.0,28.6,74.1,88.4,1.19,736,177,2.64,39276,47,393890,902.9,100,100,100,96,5,Poor,True
Cotton,9.0,25.0,46.2,6.76,936.0,176.0,88.2,37.3,1.76,743,173,6.42,71162,72,1048608,1373.6,100,100,100,96,51,Moderate,True
Cotton,2.25,13.8,18.3,4.41,86.0,5.4,76.4,56.9,0.44,980,198,0.67,17699,7,65538,270.3,5,5,5,5,5,Poor,True
Cotton,16.0,23.8,59.5,6.68,966.0,141.2,55.5,57.7,2.27,744,180,13.79,120666,96,2404384,1892.6,98,100,100,93,100,Good,True
Cotton,12.25,43.0,93.5,5.08,2579.0,13.5,98.3,54.4,0.45,942,191,3.65,99520,7,364928,266.7,17,5,5,5,5,Poor,True
Cotton,7.5,31.2,47.3,6.61,561.0,109.6,71.8,47.0,2.31,743,179,6.72,58767,99,1146915,1851.6,100,100,100,100,100,Good,True
Cotton,16.0,40.2,27.7,5.7,1646.0,145.0,67.5,48.5,1.06,915,186,8.02,129282,35,1122752,768.5,50,53,41,21,100,Poor,True
Cotton,1.5,34.3,45.3,7.24,553.0,133.9,83.4,83.2,2.35,768,176,1.39,12536,99,233355,1761.5,100,100,100,100,100,Good,True
Cotton,5.0,28.4,53.5,6.49,746.0,105.5,52.3,24.8,2.31,742,172,4.45,36130,99,764610,2016.3,100,100,100,100,100,Good,True
Cotton,1.0,15.9,16.3,8.6,114.0,24.9,78.8,55.7,0.49,965,199,0.32,7780,8,32438,316.9,5,28,5,5,5,Poor,True
Cotton,2.25,39.6,49.5,7.79,1124.0,172.6,94.0,59.2,1.73,767,184,1.54,18496,67,257684,1293.2,57,100,100,76,57,Moderate,True
Cotton,7.5,29.2,59.8,6.43,716.0,115.9,39.9,97.8,2.28,741,174,6.68,56980,99,1132020,1886.7,100,100,100,100,100,Good,True
Cotton,9.0,34.0,52.4,6.27,761.0,115.6,52.0,70.8,2.34,733,172,8.2,67776,99,1394172,1957.0,100,100,100,100,100,Good,True
Cotton,4.0,30.2,61.8,6.69,963.0,45.6,94.5,73.4,1.44,768,174,2.45,33276,55,381312,1045.9,100,100,91,93,30,Moderate,True
Cotton,1.5,43.8,10.4,6.81,183.0,84.3,53.5,99.4,0.82,962,193,0.64,11324,23,81426,619.1,8,100,5,5,91,Poor,True
Cotton,3.0,9.4,13.5,4.66,2122.0,1.0,99.5,21.9,0.45,948,192,0.91,23895,5,89370,274.0,5,5,5,5,5,Poor,True
Cotton,10.0,19.9,32.6,7.37,1381.0,170.5,42.9,65.0,1.44,816,186,6.3,77153,55,953280,1135.6,51,100,65,49,61,Moderate,True
Cotton,2.0,26.3,41.9,6.39,773.0,97.1,51.8,47.5,2.27,755,175,1.81,15050,99,300548,1897.0,100,100,100,100,100,Good,True
Cotton,0.25,44.0,46.9,5.93,596.0,82.8,84.0,74.9,1.08,754,194,0.13,2061,37,17874,767.2,5,74,100,100,89,Poor,True
Cotton,9.0,24.7,47.2,7.31,706.0,97.5,77.9,85.9,2.27,728,177,7.94,74069,99,1352466,1726.0,100,100,100,100,100,Good,True
Cotton,5.0,11.8,16.2,4.67,100.0,6.2,80.5,92.5,0.45,975,193,1.5,41998,5,148950,254.7,5,5,5,5,5,Poor,True
Cotton,9.0,28.1,53.7,7.21,787.0,147.8,37.8,39.1,2.2,759,171,8.13,65097,99,1310760,1913.5,100,100,100,100,100,Good,True
Cotton,6.25,32.0,58.3,6.84,660.0,127.6,54.7,22.3,2.26,737,172,5.69,46228,97,935075,1922.7,100,100,100,100,100,Good,True
Cotton,10.0,34.8,29.9,7.92,1552.0,152.3,99.6,33.3,1.38,831,174,5.78,82280,53,913560,1010.3,100,100,52,31,96,Moderate,True
Cotton,9.0,39.4,64.9,6.53,1089.0,100.9,55.1,90.8,1.8,782,184,6.54,68614,71,1072440,1463.0,59,100,77,80,100,Moderate,True
Cotton,12.25,27.8,50.7,7.96,852.0,104.8,87.2,31.9,2.28,760,173,11.19,97748,98,1848966,1791.6,100,100,100,100,100,Good,True
Cotton,5.0,27.5,58.1,5.97,218.0,82.6,86.4,47.5,1.11,753,177,2.65,40483,39,367410,807.6,100,78,100,5,88,Poor,True
Cotton,7.5,20.3,28.1,5.68,902.0,166.7,78.4,61.9,1.38,871,181,4.43,59229,56,685170,1056.8,56,51,43,100,68,Moderate,True
Cotton,1.0,24.8,57.6,6.77,2063.0,69.7,54.0,26.4,1.13,756,179,0.52,7410,37,74806,909.5,100,100,100,5,68,Poor,True
Cotton,1.5,34.0,43.8,7.59,617.0,106.9,74.2,54.5,2.26,776,175,1.33,12073,99,224418,1758.8,100,100,100,100,100,Good,True
Cotton,7.5,35.4,72.1,6.51,1360.0,87.2,32.9,68.3,1.51,906,174,4.69,55324,62,749715,1255.1,100,100,42,51,96,Moderate,True
Cotton,16.0,20.9,60.9,8.34,1509.0,166.2,93.6,26.5,1.3,754,184,9.55,125560,51,1376960,996.7,63,60,96,36,69,Moderate,True
Cotton,0.5,43.0,96.5,5.16,2638.0,9.7,43.1,87.6,0.46,975,194,0.15,3916,5,15226,288.8,17,5,5,5,5,Poor,True
Cotton,5.0,38.8,52.3,7.54,1150.0,136.5,59.1,36.0,1.97,743,184,3.73,38349,80,652070,1600.4,67,100,100,74,100,Good,True
Cotton,9.0,29.0,42.8,7.14,100.0,130.5,89.2,73.4,1.22,790,172,4.79,73639,45,726876,887.1,100,100,100,5,100,Poor,True
Cotton,16.0,43.0,17.8,5.07,2309.0,23.4,65.8,82.7,0.47,984,193,4.98,128454,10,497824,287.6,17,5,5,5,5,Poor,True
Cotton,3.5,36.5,38.8,7.4,483.0,41.8,60.9,32.8,1.25,754,174,2.03,25998,51,289625,1014.0,94,100,94,79,24,Moderate,True
Cotton,4.0,35.6,60.8,6.91,1487.0,141.3,71.2,94.6,1.51,763,177,2.68,32391,63,399848,1134.4,100,100,96,38,100,Moderate,True
Cotton,12.25,34.8,53.8,6.93,616.0,108.6,59.7,38.7,2.4,742,180,11.31,91480,99,1946280,2027.5,100,100,100,100,100,Good,True
Cotton,3.0,24.8,52.5,7.09,899.0,107.2,72.2,54.5,2.27,761,175,2.61,24257,99,450822,1758.5,100,100,100,100,100,Good,True
Cotton,2.25,24.5,55.2,7.66,886.0,100.0,31.4,87.5,2.3,740,171,1.98,17436,99,342585,1864.8,100,100,100,100,100,Good,True
Cotton,0.5,29.1,57.9,7.28,681.0,136.3,94.6,67.8,2.35,794,179,0.47,4317,99,77785,1701.8,100,100,100,100,100,Good,True
Cotton,9.0,9.8,48.2,7.83,854.0,96.0,51.8,22.6,1.22,744,191,4.79,64976,43,726876,1018.7,5,100,100,100,100,Poor,True
Cotton,5.0,18.2,65.4,6.95,514.0,164.2,94.0,76.3,1.36,804,186,3.06,41373,53,450160,988.1,31,100,74,89,73,Moderate,True
Cotton,5.0,26.2,43.9,6.45,642.0,110.3,59.3,38.2,2.34,740,176,4.42,38348,99,774540,1919.8,100,100,100,100,100,Good,True
Cotton,3.5,15.4,44.0,6.34,572.0,117.8,49.6,38.3,1.22,758,198,1.83,25738,43,282674,998.3,5,100,100,100,100,Poor,True
Cotton,16.0,28.2,44.3,7.81,850.0,108.0,84.3,93.6,2.33,768,175,14.35,133281,99,2467936,1751.7,100,100,100,100,100,Good,True
Cotton,7.5,26.2,13.5,6.51,2566.0,18.1,50.4,32.2,0.82,987,175,3.16,56182,25,407130,624.7,100,100,5,5,5,Poor,True
Cotton,12.25,34.0,56.7,7.23,770.0,111.5,40.2,68.6,2.28,741,179,11.02,89344,99,1848966,1969.5,100,100,100,100,100,Good,True
Cotton,7.5,27.5,14.0,6.8,697.0,99.8,68.7,82.8,1.21,985,174,3.97,61660,41,600765,874.3,100,100,5,100,100,Poor,True
Cotton,16.0,32.1,65.5,7.09,974.0,125.8,46.6,39.7,1.93,811,173,12.97,117283,83,2044256,1643.0,100,100,74,92,100,Good,True
Cotton,6.25,35.0,27.7,7.29,1144.0,68.5,39.3,48.9,1.44,845,174,3.97,46872,61,595800,1171.1,100,100,42,74,66,Moderate,True
Cotton,9.0,19.8,44.1,4.92,1868.0,22.0,53.2,67.2,0.71,777,183,3.5,66460,18,423018,536.5,51,5,100,5,5,Poor,True
Cotton,4.0,11.7,16.3,4.16,63.0,17.8,44.2,43.9,0.45,936,195,1.24,30011,5,119160,297.1,5,5,5,5,5,Poor,True
Cotton,9.0,8.9,16.2,4.18,169.0,18.3,78.0,88.5,0.44,1001,193,2.71,72415,6,262152,262.0,5,5,5,5,5,Poor,True
Cotton,7.5,29.7,45.8,7.05,871.0,149.0,76.5,66.8,2.32,775,177,6.72,60762,99,1151880,1795.7,100,100,100,100,100,Good,True
Cotton,2.0,21.2,64.7,7.82,460.0,78.6,63.9,74.3,1.83,806,182,1.45,15872,70,242292,1426.5,66,100,78,71,82,Moderate,True
Cotton,12.25,38.6,54.6,6.56,1491.0,106.4,37.5,21.3,1.5,755,187,7.77,86211,59,1216425,1311.0,69,100,100,38,100,Moderate,True
Cotton,1.0,33.8,82.1,8.01,535.0,111.1,72.3,51.2,1.19,975,171,0.54,7795,43,78778,910.6,100,99,5,95,100,Poor,True
Cotton,7.5,28.5,47.2,7.44,833.0,113.8,84.8,47.2,2.36,761,180,6.88,60405,99,1171740,1839.8,100,100,100,100,100,Good,True
Cotton,10.0,5.6,14.5,4.69,126.0,17.6,39.9,69.2,0.45,953,195,2.98,73738,5,297900,304.0,5,5,5,5,5,Poor,True
Cotton,4.0,13.0,48.6,7.93,598.0,81.2,41.0,67.5,1.17,745,199,2.14,29236,42,309816,959.7,5,100,100,100,86,Poor,True
Cotton,1.5,7.2,15.7,4.06,98.0,8.3,62.2,82.2,0.45,972,197,0.45,11715,5,44685,281.4,5,5,5,5,5,Poor,True
Cotton,4.0,44.0,41.1,7.26,506.0,155.0,64.1,55.4,1.14,735,193,2.08,30620,41,301872,885.9,5,100,100,86,90,Poor,True
Cotton,7.5,8.9,81.9,4.38,2731.0,31.0,66.5,64.8,0.44,969,198,2.2,59020,5,218460,270.1,5,5,5,5,7,Poor,True
Cotton,5.0,34.2,40.0,7.9,875.0,159.5,68.8,22.7,2.09,746,171,4.1,38152,89,691790,1713.2,100,100,100,100,82,Good,True
Cotton,0.25,26.8,46.8,6.09,674.0,117.3,44.9,95.2,2.16,747,174,0.21,1885,90,35748,1796.4,100,90,100,100,100,Good,True
Cotton,3.0,27.9,52.2,7.62,761.0,137.5,74.7,90.4,2.27,759,177,2.73,24058,98,450822,1773.9,100,100,100,100,100,Good,True
Cotton,0.25,32.3,53.0,6.92,864.0,116.1,41.9,45.3,2.24,770,171,0.24,1843,99,37072,1911.5,100,100,100,100,100,Good,True
Cotton,1.0,33.1,48.9,7.88,741.0,92.5,58.0,80.9,2.34,748,175,0.9,7884,99,154908,1864.8,100,100,100,100,100,Good,True
Cotton,4.0,6.5,14.2,8.81,196.0,23.8,80.7,39.2,0.45,954,196,1.23,32462,7,119160,267.1,5,5,5,5,5,Poor,True
Cotton,2.0,36.0,60.2,6.83,865.0,172.2,59.7,60.4,1.78,747,177,1.42,15785,73,235672,1393.0,100,100,99,100,58,Moderate,True
Cotton,16.0,6.4,79.4,8.67,90.0,10.2,36.9,62.8,0.47,929,190,4.96,120347,7,497824,313.7,5,20,8,5,5,Poor,True
Cotton,2.0,9.9,13.6,4.19,55.0,13.3,43.8,78.5,0.44,945,193,0.61,15279,8,58256,281.3,5,5,5,5,5,Poor,True
Cotton,2.25,36.1,51.4,6.29,2813.0,154.0,45.6,87.3,1.16,735,178,1.19,16619,43,172782,939.7,99,100,100,5,92,Poor,True
Cotton,4.0,8.4,17.2,8.78,2511.0,27.7,60.0,34.7,0.45,955,192,1.19,28727,7,119160,314.8,5,7,5,5,5,Poor,True
Cotton,3.5,34.5,49.6,6.4,639.0,147.0,33.0,48.3,2.44,735,175,3.13,25385,99,565348,2127.1,100,100,100,100,100,Good,True
Cotton,12.25,7.8,52.2,6.48,717.0,141.8,97.7,93.1,1.17,759,191,6.87,107141,42,948812,785.6,5,100,100,100,100,Poor,True
Cotton,3.5,31.6,36.6,6.25,2138.0,85.6,91.0,22.2,1.13,804,173,1.87,27060,40,261821,867.6,100,100,84,5,93,Poor,True
Cotton,2.25,31.2,58.0,7.03,402.0,43.3,30.4,49.7,1.31,760,178,1.33,16291,52,195125,1097.7,100,100,100,53,26,Moderate,True
Cotton,16.0,39.5,56.6,7.86,383.0,90.9,83.5,90.6,1.67,750,180,10.55,136404,62,1768864,1196.8,58,100,100,47,100,Moderate,True
Cotton,10.0,22.1,42.4,5.9,752.0,23.8,73.6,83.9,1.09,772,181,5.18,81722,37,721580,783.0,77,72,100,100,5,Poor,True
Cotton,5.0,27.9,44.4,8.99,873.0,90.6,72.4,31.3,1.2,762,175,2.74,37426,43,397200,961.3,100,5,100,100,100,Poor,True
Cotton,10.0,20.8,40.5,8.11,1840.0,90.7,64.9,38.9,1.07,728,183,4.97,75829,41,708340,834.1,62,87,100,5,100,Poor,True
Cotton,5.0,9.0,16.8,4.09,163.0,12.5,59.1,31.3,0.45,1002,194,1.49,38113,5,148950,290.8,5,5,5,5,5,Poor,True
Cotton,3.5,26.0,46.9,7.31,578.0,99.6,59.8,66.8,2.3,752,172,3.09,27032,99,532910,1871.4,100,100,100,100,100,Good,True
Cotton,9.0,23.0,33.0,6.32,1577.0,118.2,58.1,30.8,1.37,850,182,5.41,66654,55,816246,1124.6,88,100,67,29,100,Moderate,True
Cotton,4.0,24.3,40.1,7.49,2334.0,132.5,68.1,95.2,1.16,750,175,2.24,32986,45,307168,831.2,100,100,100,5,100,Poor,True
Cotton,2.25,19.9,54.5,6.29,667.0,169.2,66.7,79.8,1.63,740,185,1.53,17968,68,242788,1251.2,51,100,100,100,63,Moderate,True
Cotton,0.5,19.8,53.6,6.33,511.0,130.7,87.6,23.7,1.71,756,188,0.35,3981,66,56601,1321.8,50,100,100,88,100,Moderate,True
Cotton,9.0,43.0,97.2,8.72,110.0,5.0,96.6,28.8,0.48,978,194,2.82,74047,7,285984,286.2,17,15,5,5,5,Poor,True
Cotton,2.25,37.2,47.4,4.48,965.0,125.2,37.2,34.8,1.15,736,181,1.19,16311,42,171292,950.2,85,5,100,93,100,Poor,True
Cotton,2.0,43.0,19.9,8.72,2100.0,18.2,98.4,51.0,0.5,947,190,0.63,16401,7,66200,303.6,17,14,5,5,5,Poor,True
Cotton,4.0,25.4,53.5,4.11,1194.0,111.7,97.3,20.2,1.13,732,175,2.04,32506,39,299224,820.5,100,5,100,69,100,Poor,True
Cotton,6.25,24.6,61.2,6.37,1173.0,167.0,49.5,37.6,1.84,779,179,4.65,44842,78,761300,1597.7,100,100,94,71,68,Good,True
Cotton,9.0,31.6,50.6,5.94,922.0,51.6,77.8,93.6,1.55,742,174,5.98,75137,60,923490,1129.1,100,75,100,98,39,Moderate,True
Cotton,5.0,7.1,17.3,4.55,62.0,10.2,98.3,79.7,0.46,959,198,1.53,42188,5,152260,260.9,5,5,5,5,5,Poor,True
Cotton,1.5,10.8,95.9,8.94,1822.0,132.3,41.7,94.8,0.61,948,196,0.53,11731,13,60573,416.3,5,5,5,5,100,Poor,True
Cotton,12.25,43.0,12.5,4.53,1898.0,11.0,65.9,42.5,0.48,968,189,3.75,93286,5,389256,317.3,17,5,5,5,5,Poor,True
Cotton,9.0,10.7,62.4,7.38,924.0,134.4,61.2,66.7,1.14,763,197,4.7,69416,42,679212,878.5,5,100,89,97,100,Poor,True
Cotton,7.5,15.9,87.6,8.82,2372.0,25.4,61.4,68.0,0.43,966,198,2.33,58402,6,213495,265.6,5,5,5,5,5,Poor,True
Cotton,9.0,7.8,19.3,4.11,124.0,6.7,68.2,52.7,0.44,988,195,2.69,70613,7,262152,271.3,5,5,5,5,5,Poor,True
Cotton,16.0,32.8,39.9,5.19,869.0,125.9,68.7,62.8,1.18,762,174,9.12,126662,41,1249856,886.8,100,5,99,100,100,Poor,True
Cotton,6.25,15.9,53.9,8.14,691.0,87.9,60.3,59.4,1.17,767,198,3.26,46776,42,484088,934.9,5,83,100,100,97,Poor,True
Cotton,1.0,30.3,71.6,8.79,2149.0,81.3,47.0,99.5,0.87,878,172,0.44,7581,23,57594,659.7,100,6,45,5,86,Poor,True
Cotton,4.0,6.8,10.9,4.48,197.0,10.5,54.7,85.4,0.45,956,195,1.24,31699,7,119160,275.9,5,5,5,5,5,Poor,True
Cotton,10.0,28.8,54.6,6.76,706.0,123.9,82.1,80.3,2.26,746,178,9.09,81835,98,1496120,1728.2,100,100,100,100,100,Good,True
Cotton,4.0,44.0,64.0,7.76,551.0,113.7,45.3,93.1,1.16,803,193,2.18,31192,43,307168,884.8,5,100,81,100,100,Poor,True
Cotton,0.25,11.1,16.2,4.55,199.0,27.5,30.9,26.1,0.43,978,194,0.1,1767,5,7116,302.7,5,5,5,5,5,Poor,True
Cotton,16.0,25.2,27.0,6.35,869.0,83.5,99.4,47.8,1.6,878,176,10.31,136740,64,1694720,1139.4,100,100,38,100,90,Moderate,True
Cotton,5.0,32.3,45.8,6.56,812.0,111.8,85.7,75.6,2.24,731,176,4.47,40214,99,741440,1743.7,100,100,100,100,100,Good,True
Cotton,16.0,25.6,40.1,6.88,819.0,117.0,38.0,37.7,2.39,749,177,14.84,114503,99,2531488,2110.8,100,100,100,100,100,Good,True
Cotton,16.0,44.3,27.5,8.6,2427.0,48.4,62.9,88.9,0.6,892,195,5.65,129769,13,635520,389.7,5,28,41,5,34,Poor,True
Cotton,4.0,23.8,41.0,4.32,817.0,154.5,51.7,68.2,1.14,754,176,2.17,31149,42,301872,869.1,98,5,100,100,91,Poor,True
Cotton,3.5,33.7,57.2,8.27,866.0,134.2,33.9,58.1,1.92,762,175,2.8,25737,82,444864,1628.5,100,68,100,100,100,Good,True
Cotton,2.25,29.9,93.5,8.04,607.0,123.1,66.1,46.6,1.18,978,175,1.22,18303,42,175761,860.3,100,95,5,100,100,Poor,True
Cotton,3.5,27.6,40.2,6.95,782.0,118.3,45.7,75.6,2.3,732,178,3.17,26509,98,532910,1910.3,100,100,100,100,100,Good,True
Cotton,4.0,35.2,16.8,6.97,652.0,89.4,40.7,88.0,1.19,968,173,2.26,30435,41,315112,935.4,100,100,5,100,99,Poor,True
Cotton,0.5,31.5,57.2,7.99,806.0,98.8,99.9,37.4,2.27,753,172,0.45,4127,99,75137,1720.6,100,100,100,100,100,Good,True
Cotton,16.0,39.1,61.4,7.02,914.0,76.4,74.2,31.6,1.83,763,182,12.47,123267,72,1938336,1472.5,63,100,93,99,79,Moderate,True
Cotton,5.0,24.1,54.1,7.02,613.0,148.9,52.6,96.9,2.32,738,176,4.62,40388,99,767920,1801.4,100,100,100,100,100,Good,True
Cotton,16.0,43.0,12.6,4.45,2812.0,34.1,90.7,91.8,0.49,962,196,4.89,136790,5,519008,279.4,17,5,5,5,12,Poor,True
Cotton,1.5,35.8,47.3,7.16,1297.0,98.3,93.3,28.5,1.78,775,177,1.08,12130,74,176754,1357.2,100,100,100,58,100,Moderate,True
Cotton,2.25,23.4,17.1,6.27,867.0,154.8,38.5,63.4,1.09,949,176,1.22,16131,40,162356,906.5,93,100,5,100,91,Poor,True
Cotton,0.25,43.0,94.5,8.63,117.0,5.3,84.0,57.6,0.5,961,193,0.1,2011,8,8275,311.5,17,25,5,5,5,Poor,True
Cotton,1.0,35.6,42.4,7.17,734.0,114.1,58.0,72.9,2.27,752,175,0.88,7690,96,150274,1854.1,100,100,100,100,100,Good,True
Cotton,3.0,24.6,68.1,6.11,1045.0,159.4,53.6,96.6,1.78,831,174,2.18,24008,73,353508,1372.5,100,92,62,85,82,Moderate,True
Cotton,5.0,32.8,50.4,6.29,843.0,128.7,33.2,67.0,2.31,759,171,4.51,38067,99,764610,1908.6,100,100,100,100,100,Good,True
Cotton,5.0,35.1,48.7,8.96,713.0,97.3,39.5,42.2,1.16,752,175,2.69,36140,43,383960,962.4,100,5,100,100,100,Poor,True
Cotton,4.0,30.3,42.6,6.33,830.0,176.2,81.1,65.0,1.74,759,172,2.82,32517,70,460752,1317.0,100,100,100,100,50,Moderate,True
Cotton,7.5,38.6,72.9,7.5,1660.0,83.2,82.4,68.4,1.17,873,179,4.1,60860,43,580905,854.5,69,100,39,20,89,Poor,True
Cotton,1.0,38.5,38.4,6.92,1290.0,187.8,42.3,28.6,1.31,744,182,0.57,6938,45,86722,1150.0,71,100,92,59,28,Moderate,True
Cotton,1.0,22.4,40.9,6.57,3049.0,145.6,75.6,80.8,1.21,751,179,0.54,7972,39,80102,904.8,81,100,100,5,100,Poor,True
Cotton,1.5,34.5,43.5,6.22,700.0,95.4,36.5,52.0,2.27,746,175,1.34,10975,99,225411,1953.9,100,100,100,100,100,Good,True
Cotton,6.25,27.7,63.0,6.13,936.0,144.7,34.5,90.2,2.16,806,174,5.34,47627,94,893700,1776.5,100,94,86,96,100,Good,True
Cotton,1.5,27.5,47.5,6.77,561.0,94.4,45.1,69.7,2.28,733,172,1.29,11205,99,226404,1920.6,100,100,100,100,100,Good,True
Cotton,0.25,12.7,48.6,4.14,2108.0,24.2,76.0,76.5,0.63,765,195,0.1,1998,18,10426,421.8,5,5,100,5,5,Poor,True
Sugarcane,12.25,12.1,61.1,6.68,1847.0,147.1,75.5,71.7,37.05,1933,374,18.15,199569,43,1588519,696.0,5,100,88,100,100,Poor,True
Sugarcane,2.0,24.5,77.6,6.64,1343.0,163.3,81.4,95.6,75.5,1775,331,5.01,33931,99,528500,1457.6,100,100,100,100,100,Good,True
Sugarcane,2.0,20.6,50.6,5.69,1847.0,204.6,36.6,69.3,56.25,2095,342,3.96,31046,66,393750,1168.3,82,70,54,100,100,Moderate,True
Sugarcane,2.0,24.7,82.6,7.31,1574.0,170.5,91.6,87.2,72.06,1787,333,4.99,34327,99,504420,1369.5,100,100,100,100,100,Good,True
Sugarcane,9.0,7.1,18.1,4.33,187.0,7.8,46.4,45.0,14.3,2397,369,7.47,133253,7,450450,238.0,5,5,5,5,5,Poor,True
Sugarcane,0.5,44.5,61.9,7.09,1268.0,198.0,50.3,33.5,40.11,1917,360,0.76,7160,44,70192,880.3,11,100,90,96,100,Moderate,True
Sugarcane,7.5,31.2,83.8,6.87,1017.0,78.2,83.3,64.2,48.1,1825,327,13.08,119426,56,1262625,957.2,100,100,100,62,35,Moderate,True
Sugarcane,4.0,13.7,94.4,8.7,294.0,11.5,81.5,54.1,14.58,2280,369,3.36,65070,6,204120,213.7,5,5,11,5,5,Poor,True
Sugarcane,1.5,7.6,40.3,8.95,123.0,160.5,50.0,44.7,21.35,2199,373,1.52,23316,17,112088,380.7,5,5,22,5,100,Poor,True
Sugarcane,16.0,33.6,83.9,4.19,1963.0,219.3,92.8,57.4,38.53,1848,330,23.87,258453,43,2157680,734.8,100,5,100,100,100,Poor,True
Sugarcane,3.5,8.9,18.9,4.82,280.0,6.5,44.0,50.7,14.49,2269,368,2.9,52867,5,177502,235.8,5,5,5,5,5,Poor,True
Sugarcane,12.25,11.5,12.8,8.76,3013.0,38.0,84.3,65.6,15.05,2350,361,10.61,194260,6,645269,232.2,5,5,5,23,5,Poor,True
Sugarcane,4.0,8.1,25.1,4.75,397.0,48.1,51.4,42.4,14.1,2398,364,3.26,60317,6,197400,227.3,5,5,5,5,5,Poor,True
Sugarcane,12.25,24.2,74.9,6.91,1402.0,145.8,74.2,31.9,74.79,1841,333,30.39,192124,99,3206621,1569.0,100,100,100,100,100,Good,True
Sugarcane,16.0,5.0,14.2,4.14,162.0,9.1,43.4,84.5,14.48,2308,361,13.74,244442,6,810880,231.7,5,5,5,5,5,Poor,True
Sugarcane,1.0,11.1,15.4,4.18,86.0,8.1,56.0,95.1,14.33,2291,368,0.82,15939,7,50155,214.7,5,5,5,5,5,Poor,True
Sugarcane,16.0,34.4,69.2,7.37,1756.0,22.2,93.2,40.4,39.23,1796,326,25.08,257449,45,2196880,753.3,100,100,100,100,5,Poor,True
Sugarcane,9.0,44.2,87.7,5.71,1317.0,219.9,86.8,34.1,38.71,1864,356,13.21,141650,43,1219365,760.8,13,72,74,100,100,Poor,True
Sugarcane,0.25,43.4,97.7,4.41,3033.0,14.0,83.1,64.8,16.52,2298,369,0.23,4091,7,14455,253.3,21,5,5,21,5,Poor,True
Sugarcane,9.0,38.2,67.7,6.33,2778.0,172.0,93.2,61.8,52.62,1766,334,16.89,147382,68,1657530,1024.6,77,100,100,45,100,Moderate,True
Sugarcane,1.0,10.6,13.7,4.22,198.0,12.2,74.2,20.7,14.51,2277,366,0.84,15308,6,50785,231.8,5,5,5,5,5,Poor,True
Sugarcane,4.0,43.2,18.5,8.64,103.0,5.2,83.3,83.9,14.86,2257,365,3.47,67123,6,208040,209.9,24,5,5,5,5,Poor,True
Sugarcane,6.25,22.3,82.0,6.86,2059.0,106.5,53.8,30.9,63.21,1776,328,13.79,94755,79,1382719,1359.3,100,100,100,100,65,Good,True
Sugarcane,10.0,43.5,96.7,8.66,3082.0,30.1,58.6,28.5,15.9,2260,358,9.04,151301,7,556500,267.8,20,5,5,16,5,Poor,True
Sugarcane,0.5,23.4,61.5,6.76,722.0,80.4,79.0,88.4,40.03,1889,328,0.77,8137,47,70052,760.9,100,100,89,22,37,Moderate,True
Sugarcane,10.0,32.2,56.5,7.18,1186.0,196.4,31.6,89.1,64.25,1912,338,21.92,150696,84,2248750,1392.2,100,100,73,85,100,Good,True
Sugarcane,4.0,35.2,81.2,6.42,2024.0,199.3,89.9,66.7,75.58,1792,320,9.75,66361,99,1058120,1494.5,100,100,100,100,100,Good,True
Sugarcane,0.5,5.8,12.6,4.35,62.0,5.4,83.1,83.9,14.31,2389,364,0.43,8250,6,25042,203.5,5,5,5,5,5,Poor,True
Sugarcane,0.5,21.8,68.8,8.98,1331.0,218.9,37.2,51.4,38.38,1837,331,0.73,7111,45,67165,844.5,97,5,100,100,100,Poor,True
Sugarcane,12.25,24.8,69.3,6.45,1627.0,148.3,88.0,53.5,71.43,1834,332,30.88,191107,99,3062561,1502.5,100,100,100,100,100,Good,True
Sugarcane,0.25,11.6,10.0,4.27,131.0,12.6,96.1,74.9,14.6,2259,370,0.22,4223,5,12775,202.5,5,5,5,5,5,Poor,True
Sugarcane,1.5,27.4,81.2,6.72,1404.0,143.1,56.9,73.0,73.64,1769,335,3.77,23760,99,386610,1527.1,100,100,100,100,100,Good,True
Sugarcane,4.0,39.4,42.2,8.08,1130.0,189.4,48.3,90.9,41.32,2245,339,6.09,62134,48,578480,831.0,64,55,28,77,100,Moderate,True
Sugarcane,1.5,11.1,12.0,4.56,195.0,10.5,92.1,98.7,14.53,2369,369,1.25,25073,5,76282,204.2,5,5,5,5,5,Poor,True
Sugarcane,3.5,34.7,70.4,6.36,1351.0,146.4,70.3,46.2,74.86,1762,333,8.65,53889,99,917035,1601.7,100,100,100,100,100,Good,True
Sugarcane,1.5,24.0,74.4,8.1,2787.0,75.6,91.8,99.4,44.0,1860,332,2.4,25581,48,231000,803.0,100,52,100,44,32,Moderate,True
Sugarcane,4.0,8.5,96.9,5.03,332.0,50.4,82.5,41.1,14.39,2357,367,3.39,64354,5,201460,213.0,5,8,5,5,5,Poor,True
Sugarcane,5.0,33.2,42.7,8.03,1371.0,109.1,42.5,64.9,43.57,2143,332,8.03,76876,51,762475,891.8,100,59,29,100,67,Moderate,True
Sugarcane,16.0,34.0,71.1,7.1,1528.0,217.3,35.0,86.5,75.03,1798,334,39.98,237876,99,4201680,1666.3,100,100,100,100,100,Good,True
Sugarcane,12.25,22.2,68.2,6.05,1513.0,190.8,67.6,33.4,73.78,1806,336,30.81,182418,99,3163318,1634.1,100,100,100,100,100,Good,True
Sugarcane,4.0,35.3,79.0,6.6,1651.0,147.2,53.2,55.7,77.96,1805,332,10.23,61472,99,1091440,1675.5,100,100,100,100,100,Good,True
Sugarcane,9.0,18.1,65.8,7.63,1345.0,139.0,51.0,22.7,53.76,1785,359,17.89,130898,66,1693440,1193.7,47,97,100,100,99,Moderate,True
Sugarcane,4.0,10.2,15.0,8.31,2592.0,107.8,91.0,99.9,23.67,2318,361,4.33,69439,21,331380,377.2,5,32,5,63,66,Poor,True
Sugarcane,3.0,39.5,67.2,7.16,2353.0,155.7,59.9,33.8,60.82,1776,343,6.39,45894,77,638610,1291.5,63,100,100,85,100,Good,True
Sugarcane,6.25,8.4,18.3,4.41,168.0,14.4,83.2,39.9,14.12,2238,365,5.3,101146,5,308875,205.4,5,5,5,5,5,Poor,True
Sugarcane,3.5,26.0,80.1,8.9,1361.0,183.0,90.2,89.5,39.82,1671,332,5.36,60229,43,487795,709.9,100,5,100,100,100,Poor,True
Sugarcane,2.25,34.0,79.3,6.57,2087.0,217.7,77.0,35.7,73.69,1811,336,5.59,35658,99,580309,1527.4,100,100,100,100,100,Good,True
Sugarcane,7.5,32.4,70.0,7.22,2081.0,133.1,65.9,37.7,73.75,1813,332,18.67,113746,96,1935938,1602.0,100,100,100,100,93,Good,True
Sugarcane,16.0,12.5,93.7,4.72,3141.0,13.1,90.8,76.6,15.76,2259,362,13.74,268119,8,882560,229.2,5,5,17,11,5,Poor,True
Sugarcane,7.5,28.4,64.5,8.13,1945.0,209.4,62.2,61.9,54.65,1846,337,14.7,116741,70,1434562,1128.8,100,49,98,100,100,Moderate,True
Sugarcane,6.25,20.8,81.5,5.41,1047.0,156.1,83.1,23.9,50.83,1815,344,11.53,96644,60,1111906,1050.5,83,44,100,66,100,Moderate,True
Sugarcane,3.0,34.0,19.7,5.86,1615.0,200.9,96.2,79.8,38.03,2257,339,4.4,50894,42,399315,684.6,100,87,5,100,100,Poor,True
Sugarcane,7.5,32.1,75.0,6.28,1377.0,158.1,45.1,44.3,75.35,1815,329,18.9,108998,99,1977938,1714.7,100,100,100,100,100,Good,True
Sugarcane,2.25,16.3,66.6,5.29,1575.0,119.5,82.3,77.5,38.58,1767,363,3.49,36045,42,303818,742.9,22,33,100,100,78,Poor,True
Sugarcane,3.5,29.0,58.9,6.94,1140.0,163.0,46.3,63.0,64.14,1952,332,7.79,52618,86,785715,1393.2,100,100,81,78,100,Good,True
Sugarcane,7.5,32.0,23.5,5.11,1375.0,84.3,63.4,87.4,30.01,2325,326,9.13,117775,27,787763,568.9,100,16,5,100,41,Poor,True
Sugarcane,2.25,32.6,81.5,6.62,2097.0,173.2,93.2,55.9,74.14,1819,319,5.74,36469,99,583852,1501.0,100,100,100,100,100,Good,True
Sugarcane,2.25,43.9,97.3,8.61,3122.0,29.4,51.9,23.3,15.97,2270,360,1.98,33183,6,125764,279.0,17,5,5,12,5,Poor,True
Sugarcane,2.25,29.6,91.9,8.57,1856.0,162.7,48.5,59.7,36.45,2112,327,3.15,34448,39,287044,733.3,100,7,35,100,100,Poor,True
Sugarcane,5.0,43.6,96.3,5.01,3030.0,46.2,85.1,90.3,16.1,2306,355,4.49,81982,6,281750,243.7,20,6,5,21,5,Poor,True
Sugarcane,6.25,44.2,89.0,5.85,1670.0,196.4,57.3,53.6,38.52,1963,355,9.18,97456,42,842625,764.6,13,86,62,100,100,Poor,True
Sugarcane,5.0,31.2,83.7,6.25,205.0,141.8,31.6,89.3,39.03,1779,330,7.44,74425,43,683025,817.7,100,100,100,5,100,Poor,True
Sugarcane,9.0,29.2,70.7,6.31,1904.0,146.7,59.5,48.4,75.69,1808,325,22.35,137855,99,2384235,1629.5,100,100,100,100,100,Good,True
Sugarcane,2.25,20.0,77.9,7.72,1257.0,103.1,51.6,55.6,58.8,1804,345,4.52,33944,72,463050,1264.2,73,89,100,94,61,Moderate,True
Sugarcane,3.5,36.6,86.4,5.94,1714.0,212.5,44.0,27.1,69.09,1805,337,8.32,50650,90,846352,1571.0,94,94,87,100,100,Good,True
Sugarcane,5.0,33.4,86.5,4.75,1591.0,137.9,34.2,67.1,37.74,1864,330,7.4,72709,42,660450,808.3,100,5,85,100,98,Poor,True
Sugarcane,6.25,45.0,88.7,7.45,1331.0,200.4,81.7,83.7,36.37,1981,384,9.21,104072,39,795594,664.5,5,100,65,100,100,Poor,True
Sugarcane,3.5,37.1,64.0,4.4,1287.0,154.7,47.0,43.2,37.1,1800,332,5.09,51708,39,454475,778.9,88,5,97,98,100,Poor,True
Sugarcane,12.25,22.1,71.4,6.37,1626.0,168.0,48.4,39.5,77.19,1799,325,29.48,180209,99,3309521,1736.5,100,100,100,100,100,Good,True
Sugarcane,0.25,40.2,84.7,5.52,1570.0,224.3,98.8,84.0,54.36,1841,343,0.48,4148,65,47565,1046.7,56,55,100,100,86,Moderate,True
Sugarcane,2.0,11.9,19.9,8.47,304.0,52.4,32.6,57.3,14.93,2281,367,1.69,28559,6,104510,265.9,5,18,5,5,8,Poor,True
Sugarcane,0.5,25.8,71.2,7.24,1528.0,217.9,89.9,65.6,78.48,1826,322,1.22,8055,98,137340,1605.0,100,100,100,100,100,Good,True
Sugarcane,6.25,27.6,82.7,6.71,2306.0,205.4,35.5,24.8,72.83,1800,331,15.34,87953,94,1593156,1711.4,100,100,100,90,100,Good,True
Sugarcane,12.25,25.1,70.8,6.24,1666.0,176.6,47.2,44.6,74.13,1823,327,30.28,185475,99,3178324,1613.6,100,100,100,100,100,Good,True
Sugarcane,7.5,24.2,68.8,6.85,2155.0,141.6,99.3,73.3,75.38,1821,324,19.47,123631,99,1978725,1500.5,100,100,100,100,100,Good,True
Sugarcane,0.25,34.9,64.7,7.86,3200.0,208.0,88.3,99.5,37.03,1824,329,0.37,4253,41,32401,661.8,100,75,99,5,100,Poor,True
Sugarcane,0.5,29.4,66.5,6.52,2178.0,162.4,36.1,28.1,75.07,1823,326,1.29,7478,99,131372,1656.8,100,100,100,100,100,Good,True
Sugarcane,1.0,28.7,53.5,7.96,728.0,165.7,92.1,60.2,41.42,1952,339,1.55,16609,48,144970,772.8,100,65,64,22,100,Moderate,True
Sugarcane,0.5,23.2,68.6,6.8,1314.0,149.4,82.4,55.8,75.78,1755,334,1.22,7912,99,132615,1576.1,100,100,100,100,100,Good,True
Sugarcane,2.0,21.4,45.1,7.19,2099.0,213.7,95.0,52.1,50.29,2147,329,3.74,32746,63,352030,975.0,92,100,37,100,100,Moderate,True
Sugarcane,2.0,5.7,17.3,4.38,114.0,6.4,75.0,71.8,14.77,2293,363,1.68,32843,5,103390,214.8,5,5,5,5,5,Poor,True
Sugarcane,1.0,28.8,81.6,7.45,1460.0,103.7,65.8,73.5,60.12,1862,335,2.19,16168,80,210420,1201.5,100,100,100,100,62,Good,True
Sugarcane,4.0,43.5,96.3,4.66,3058.0,27.2,98.5,66.9,17.27,2357,362,3.5,68314,8,241780,253.9,20,5,5,19,5,Poor,True
Sugarcane,10.0,6.2,18.4,4.83,3163.0,55.0,89.9,45.2,14.91,2321,372,8.44,161661,5,521850,222.8,5,5,5,9,10,Poor,True
Sugarcane,6.25,18.2,85.6,6.28,1905.0,164.9,88.7,74.4,54.03,1883,353,12.21,104110,72,1181906,1035.2,48,100,95,100,100,Moderate,True
Sugarcane,5.0,33.4,69.6,7.38,744.0,210.5,73.6,53.8,48.22,1805,330,8.43,80385,51,843850,949.8,100,100,100,25,100,Moderate,True
Sugarcane,0.25,27.1,49.9,6.83,2537.0,161.5,94.0,25.4,55.86,2090,328,0.47,3895,71,48878,1154.9,100,100,52,68,100,Moderate,True
Sugarcane,7.5,8.5,84.8,5.97,1635.0,135.0,67.2,50.1,38.19,1802,375,11.48,113311,45,1002487,784.7,5,97,100,100,95,Poor,True
Sugarcane,10.0,21.2,74.4,4.48,1338.0,180.7,44.9,67.3,38.52,1801,325,15.01,152958,42,1348200,781.4,90,5,100,100,100,Poor,True
Sugarcane,3.0,20.0,77.1,7.28,2956.0,128.4,36.3,56.3,45.41,1824,351,5.1,42625,55,476805,1018.6,73,100,100,28,88,Moderate,True
Sugarcane,7.5,43.7,22.5,8.56,227.0,55.4,45.8,60.4,15.83,2299,355,6.7,114606,7,415538,262.6,19,8,5,5,11,Poor,True
Sugarcane,1.0,30.8,85.4,8.96,1658.0,149.5,79.0,88.8,38.43,1852,330,1.44,15651,44,134505,759.4,100,5,96,100,100,Poor,True
Sugarcane,0.25,30.1,89.0,7.55,3200.0,152.0,63.5,27.6,37.01,1999,330,0.36,3823,38,32384,747.1,100,100,62,5,100,Poor,True
Sugarcane,5.0,28.9,55.2,5.76,1663.0,115.5,36.3,36.3,60.92,1937,336,10.16,72637,77,1066100,1367.7,100,77,69,100,74,Good,True
Sugarcane,16.0,29.0,79.0,7.47,1413.0,217.5,55.7,60.4,74.03,1740,332,40.25,244608,99,4145680,1594.8,100,100,100,100,100,Good,True
Sugarcane,1.5,23.8,96.1,7.28,1258.0,145.0,43.7,92.1,37.42,2318,331,2.2,23086,42,196455,751.0,100,100,5,94,100,Poor,True
Sugarcane,0.5,14.7,97.8,8.75,366.0,49.5,66.6,76.5,14.26,2313,367,0.41,8001,6,24955,211.9,5,5,5,5,5,Poor,True
Sugarcane,1.0,29.1,69.2,7.15,2144.0,171.5,77.4,97.9,73.55,1841,320,2.57,16056,99,257425,1503.3,100,100,100,100,100,Good,True
Sugarcane,7.5,43.0,19.6,4.45,192.0,37.3,51.8,81.0,15.06,2391,359,6.55,115227,9,395325,243.1,26,5,5,5,5,Poor,True
Sugarcane,12.25,37.6,66.9,6.55,2426.0,226.9,70.0,63.8,63.4,1778,337,26.36,196589,82,2718275,1282.7,83,100,100,79,78,Good,True
Sugarcane,5.0,12.3,60.8,6.66,2242.0,206.6,87.3,89.3,36.87,1835,365,7.39,84426,41,645225,664.2,5,100,87,96,100,Poor,True
Sugarcane,12.25,7.7,93.8,4.69,589.0,14.5,66.1,32.4,15.46,2262,363,10.62,190433,5,662848,248.1,5,5,17,5,5,Poor,True
Sugarcane,1.0,41.2,36.6,8.95,958.0,80.3,43.8,26.7,23.16,2324,362,1.05,14250,21,81060,468.8,45,5,10,54,37,Poor,True
Sugarcane,10.0,13.9,97.8,8.49,234.0,41.9,37.0,23.8,15.23,2299,363,8.66,140924,8,533050,278.3,5,15,5,5,5,Poor,True
Sugarcane,3.5,23.4,69.1,7.46,2072.0,211.5,100.0,79.2,76.46,1824,335,8.91,61790,99,936635,1415.8,100,100,100,100,100,Good,True
Sugarcane,6.25,25.5,50.7,6.81,2746.0,230.4,55.2,63.9,50.19,2103,339,11.09,95804,62,1097906,1046.0,100,100,55,48,67,Moderate,True
Sugarcane,1.0,26.5,66.7,7.2,1316.0,203.0,76.5,45.0,77.31,1786,331,2.47,15662,99,270585,1627.7,100,100,100,100,100,Good,True
Sugarcane,7.5,40.7,80.4,5.48,2579.0,90.7,62.0,79.3,47.69,1726,357,12.57,115939,56,1251862,979.8,50,50,100,64,48,Moderate,True
Sugarcane,12.25,22.2,65.5,7.09,1400.0,156.2,79.6,39.0,72.61,1816,336,29.87,188239,99,3113154,1553.8,100,100,100,100,100,Good,True
Sugarcane,7.5,28.0,71.1,6.92,2137.0,164.6,86.0,46.0,75.38,1783,338,19.09,118554,99,1978725,1569.0,100,100,100,100,100,Good,True
Sugarcane,0.25,21.1,64.9,4.12,2093.0,220.7,71.8,27.9,37.93,1764,339,0.38,3846,40,33189,762.9,88,5,100,100,98,Poor,True
Sugarcane,1.0,22.2,78.4,6.93,1375.0,217.3,58.5,69.1,77.32,1785,334,2.6,16027,99,270620,1588.5,100,100,100,100,100,Good,True
Sugarcane,7.5,25.2,70.6,6.75,2172.0,215.5,93.3,41.4,76.1,1822,320,18.92,124105,99,1997625,1509.6,100,100,100,100,100,Good,True
Sugarcane,3.0,7.4,33.5,8.89,591.0,5.9,92.7,91.1,14.29,2309,367,2.36,50921,6,150045,194.7,5,5,5,5,5,Poor,True
Sugarcane,3.5,26.1,82.7,6.65,1527.0,194.3,89.5,78.1,74.55,1707,330,8.71,57851,99,913238,1478.6,100,100,100,100,100,Good,True
Sugarcane,6.25,33.3,84.7,7.05,2043.0,215.3,74.6,32.8,74.0,1775,332,15.55,95347,98,1618750,1597.7,100,100,100,100,100,Good,True
Sugarcane,12.25,27.5,84.4,6.09,1537.0,193.8,47.5,84.0,75.13,1835,334,30.64,200040,99,3221199,1510.3,100,100,100,100,100,Good,True
Sugarcane,10.0,19.1,44.8,6.59,2684.0,116.0,38.6,62.8,42.62,2200,345,17.13,153347,50,1491700,872.8,61,100,36,54,75,Moderate,True
Sugarcane,3.0,29.5,76.8,7.43,2089.0,205.4,59.2,60.3,73.88,1840,322,7.65,46655,99,775740,1562.7,100,100,100,100,100,Good,True
Sugarcane,16.0,23.2,81.0,7.03,1859.0,213.6,38.8,75.0,74.52,1788,324,41.39,245430,99,4173120,1600.3,100,100,100,100,100,Good,True
Sugarcane,0.5,35.7,78.1,7.1,1759.0,206.0,74.3,59.9,74.53,1813,337,1.25,7957,99,130428,1539.2,100,100,100,100,100,Good,True
Sugarcane,16.0,35.3,69.9,6.75,1329.0,155.4,95.0,52.2,73.99,1864,329,39.99,266313,99,4143440,1455.9,100,100,100,100,100,Good,True
Sugarcane,2.0,21.4,74.9,7.1,2685.0,196.6,75.5,50.5,56.48,1794,333,4.01,32572,75,395360,1113.8,92,100,100,54,100,Moderate,True
Sugarcane,1.5,11.6,94.0,4.6,468.0,12.7,86.0,70.7,14.79,2179,365,1.28,24666,6,77648,214.8,5,5,15,5,5,Poor,True
Sugarcane,0.5,43.4,93.7,4.06,3008.0,55.2,48.7,47.2,18.1,2274,367,0.48,7338,10,31675,331.7,22,5,18,23,10,Poor,True
Sugarcane,1.0,10.4,24.8,8.44,177.0,23.2,99.7,90.8,15.06,2356,363,0.87,17390,5,52710,203.1,5,20,5,5,5,Poor,True
Sugarcane,0.5,37.1,12.1,8.65,2749.0,189.5,58.0,84.5,27.67,2307,331,0.61,7980,29,48422,506.8,88,5,5,48,100,Poor,True
Sugarcane,5.0,31.7,61.3,6.08,1153.0,85.1,33.1,64.2,50.28,1856,327,9.31,73575,61,879900,1095.9,100,100,88,80,42,Moderate,True
Sugarcane,10.0,36.7,52.5,5.76,1438.0,203.0,42.1,94.8,57.66,1987,339,20.14,154373,75,2018100,1207.3,92,77,60,100,100,Moderate,True
Sugarcane,2.0,44.0,97.4,8.8,3084.0,52.9,74.4,97.8,15.95,2299,360,1.68,34285,5,111650,225.7,16,5,5,16,8,Poor,True
Sugarcane,3.5,27.0,69.9,7.02,1883.0,141.3,70.9,46.4,73.67,1818,332,8.68,55941,99,902458,1513.2,100,100,100,100,100,Good,True
Sugarcane,2.25,8.5,16.9,4.16,64.0,10.8,73.9,48.4,14.88,2284,368,1.92,35788,5,117180,227.4,5,5,5,5,5,Poor,True
Sugarcane,2.25,40.7,59.7,6.03,2469.0,137.8,86.4,37.6,52.98,1898,349,4.23,36162,67,417218,1053.7,50,100,83,74,98,Moderate,True
Sugarcane,2.0,31.6,51.7,6.31,2494.0,121.7,69.1,62.5,54.72,2046,333,3.9,31865,70,383040,1102.1,100,100,58,72,81,Moderate,True
Sugarcane,3.5,13.3,14.4,4.7,102.0,15.5,93.8,69.1,14.1,2265,376,2.98,58520,5,172725,195.2,5,5,5,5,5,Poor,True
Sugarcane,2.25,12.5,10.7,4.31,194.0,11.3,39.0,94.2,14.77,2254,357,1.87,34857,7,116314,233.7,5,5,5,5,5,Poor,True
Sugarcane,2.25,13.6,34.8,8.4,3082.0,54.6,35.6,66.2,16.52,2282,361,2.01,33883,10,130095,284.0,5,24,5,16,10,Poor,True
Sugarcane,0.5,25.0,77.8,6.29,1643.0,203.6,31.1,60.7,77.8,1809,333,1.27,7230,99,136150,1783.1,100,100,100,100,100,Good,True
Sugarcane,4.0,27.3,78.0,7.46,2015.0,160.1,44.5,29.7,77.14,1795,326,9.83,57567,99,1079960,1776.0,100,100,100,100,100,Good,True
Sugarcane,0.25,43.7,95.8,4.37,215.0,57.6,46.3,55.2,15.61,2285,367,0.22,3770,8,13659,262.3,18,5,5,5,13,Poor,True
Sugarcane,9.0,32.6,83.2,6.7,2041.0,174.1,69.3,67.1,73.8,1818,332,22.96,143743,96,2324700,1517.3,100,100,100,100,100,Good,True
Sugarcane,10.0,14.6,65.8,6.63,1309.0,221.7,74.8,85.6,38.26,1795,360,14.87,160020,43,1339100,736.8,5,100,100,100,95,Poor,True
Sugarcane,1.0,25.6,68.2,8.65,2086.0,131.0,64.5,84.6,38.49,1817,334,1.5,15960,41,134715,744.1,100,5,100,100,90,Poor,True
Sugarcane,3.0,28.6,71.1,7.22,1734.0,207.9,47.9,60.8,76.28,1729,322,7.88,44755,99,800940,1689.6,100,100,100,100,100,Good,True
Sugarcane,1.0,22.3,84.0,7.24,1495.0,151.3,66.2,85.2,78.42,1793,327,2.51,16110,99,274470,1603.7,100,100,100,100,100,Good,True
Sugarcane,16.0,32.4,87.0,7.36,2119.0,98.6,67.0,81.6,57.47,1930,325,31.92,251734,70,3218320,1178.5,100,100,81,100,56,Moderate,True
Sugarcane,6.25,38.4,39.9,7.44,533.0,178.2,55.7,73.1,31.44,2167,334,8.17,97998,34,687750,601.8,75,100,20,5,100,Poor,True
Sugarcane,0.25,34.7,84.4,6.09,1047.0,103.8,76.4,73.1,58.59,1847,329,0.5,3972,75,51266,1190.7,100,100,100,66,62,Moderate,True
Sugarcane,7.5,25.6,73.5,7.15,1547.0,186.4,91.1,32.7,76.37,1857,339,18.4,122769,99,2004713,1532.9,100,100,100,100,100,Good,True
Sugarcane,3.5,37.2,75.5,6.72,2677.0,133.8,93.4,77.4,56.86,1812,332,7.09,59954,70,696535,1061.8,87,100,100,55,93,Moderate,True
Sugarcane,9.0,13.1,17.6,4.09,83.0,8.7,44.7,54.9,14.42,2326,367,7.49,135214,7,454230,235.9,5,5,5,5,5,Poor,True
Sugarcane,5.0,31.6,73.5,7.34,1996.0,151.5,65.7,47.4,74.3,1863,327,12.67,76260,99,1300250,1605.0,100,100,100,100,100,Good,True
Sugarcane,2.0,30.3,77.6,6.77,1635.0,209.4,67.5,43.8,73.57,1749,332,5.05,31545,99,514990,1532.6,100,100,100,100,100,Good,True
Sugarcane,0.5,30.8,75.4,5.82,883.0,215.9,95.9,53.8,52.35,1845,335,0.91,8190,66,91612,1018.6,100,83,100,43,100,Moderate,True
Sugarcane,9.0,23.9,73.3,7.0,1609.0,164.7,93.5,71.1,74.66,1714,327,21.97,152562,99,2351790,1441.5,100,100,100,100,100,Good,True
Sugarcane,3.5,43.4,18.4,8.53,3034.0,23.4,35.6,48.6,17.67,2324,358,3.14,49651,10,216458,336.0,22,11,5,21,5,Poor,True
Sugarcane,2.0,22.7,68.8,7.17,1867.0,217.4,44.0,95.0,76.6,1806,325,5.12,30915,99,536200,1634.4,100,100,100,100,100,Good,True
Sugarcane,12.25,43.7,93.8,8.75,3063.0,58.4,57.0,91.0,17.36,2244,360,11.3,188392,11,744310,295.1,19,5,16,18,14,Poor,True
Sugarcane,12.25,24.3,84.7,7.23,1323.0,183.8,95.0,54.3,73.03,1732,333,30.58,198917,98,3131161,1474.1,100,100,100,100,100,Good,True
Sugarcane,9.0,8.9,96.1,8.51,3136.0,47.8,60.5,90.9,15.64,2365,370,7.9,143089,6,492660,244.3,5,13,5,11,5,Poor,True
Sugarcane,6.25,32.7,73.4,7.19,1454.0,195.9,72.8,55.2,76.52,1791,327,15.72,96771,98,1673875,1629.7,100,100,100,100,100,Good,True
Sugarcane,6.25,10.4,12.4,4.58,187.0,5.7,96.9,48.1,14.72,2346,375,5.31,103011,5,322000,212.6,5,5,5,5,5,Poor,True
Sugarcane,3.0,9.5,11.8,4.67,109.0,7.9,32.6,80.7,14.36,2344,364,2.55,44803,6,150780,236.5,5,5,5,5,5,Poor,True
Sugarcane,0.25,24.9,64.6,5.89,1189.0,201.0,52.9,58.0,66.5,1806,328,0.57,3899,90,58188,1392.4,100,90,99,85,100,Good,True
Sugarcane,0.25,30.6,25.5,5.4,466.0,56.2,67.9,79.6,23.31,2292,333,0.26,3902,19,20396,422.7,100,43,5,5,11,Poor,True
Sugarcane,1.0,34.9,76.6,6.83,2167.0,150.4,51.4,73.0,76.14,1792,330,2.44,15413,99,266490,1629.0,100,100,100,100,100,Good,True
Sugarcane,3.5,38.2,75.4,7.26,1321.0,234.6,41.7,50.5,55.31,1867,335,6.73,51860,68,677548,1206.5,76,100,100,100,54,Moderate,True
Sugarcane,4.0,37.3,77.2,5.91,1617.0,7.2,74.0,81.3,37.28,1759,330,5.86,65330,38,521920,698.9,86,92,100,100,5,Poor,True
Sugarcane,6.25,9.9,30.5,4.33,553.0,51.1,53.4,37.5,15.04,2332,361,5.49,94856,6,329000,246.8,5,5,5,5,6,Poor,True
Sugarcane,6.25,34.1,82.0,6.59,1563.0,185.2,82.3,50.0,73.96,1800,333,15.29,99648,99,1617875,1523.6,100,100,100,100,100,Good,True
Sugarcane,9.0,30.5,70.9,6.72,1784.0,178.2,91.7,51.9,74.54,1795,331,22.69,143777,99,2348010,1533.1,100,100,100,100,100,Good,True
Sugarcane,3.5,23.4,78.5,6.65,1459.0,158.8,99.1,58.9,74.9,1719,331,8.85,58806,99,917525,1460.3,100,100,100,100,100,Good,True
Sugarcane,9.0,23.9,84.0,6.01,1307.0,158.1,95.0,46.1,75.69,1798,333,22.89,144927,97,2384235,1545.1,100,100,100,100,100,Good,True
Sugarcane,2.0,15.9,89.3,5.73,1799.0,178.5,32.9,91.2,38.79,2053,368,2.98,29875,46,271530,808.9,17,74,59,100,100,Poor,True
Sugarcane,6.25,27.5,87.7,7.29,789.0,99.8,63.9,41.4,45.45,1977,328,10.36,96648,53,994219,928.7,100,100,74,31,58,Moderate,True
Sugarcane,4.0,11.7,19.9,4.51,71.0,7.0,74.0,80.0,14.4,2313,371,3.32,63758,5,201600,216.2,5,5,5,5,5,Poor,True
Sugarcane,0.5,20.8,72.7,7.97,1910.0,12.6,72.0,32.3,34.21,1840,332,0.7,7754,39,59868,672.1,84,65,100,100,5,Poor,True
Sugarcane,2.0,9.8,19.8,4.33,161.0,18.9,40.7,60.1,14.33,2279,366,1.72,29976,6,100310,234.6,5,5,5,5,5,Poor,True
Sugarcane,2.0,12.6,97.7,4.87,3028.0,30.0,91.2,63.9,15.55,2367,360,1.77,33652,9,108850,223.5,5,5,5,21,5,Poor,True
Sugarcane,0.5,5.8,11.6,4.15,89.0,19.1,56.0,58.2,14.0,2436,368,0.42,7488,5,24500,227.2,5,5,5,5,5,Poor,True
Sugarcane,1.5,9.6,12.9,4.32,117.0,14.1,88.3,86.5,14.73,2301,369,1.22,24993,5,77332,209.4,5,5,5,5,5,Poor,True
Sugarcane,6.25,23.1,75.2,7.0,1642.0,182.4,88.1,26.6,75.17,1803,328,15.22,98162,99,1644344,1575.1,100,100,100,100,100,Good,True
Sugarcane,3.5,37.6,89.2,7.86,1637.0,36.4,95.7,68.6,33.82,1987,337,4.75,58444,30,414295,608.9,83,75,60,100,5,Poor,True
Sugarcane,12.25,25.2,71.3,7.24,1736.0,167.9,34.5,58.7,75.57,1781,328,30.61,174988,99,3240064,1751.6,100,100,100,100,100,Good,True
Sugarcane,3.5,43.8,18.9,8.74,557.0,33.6,77.1,39.6,15.33,2277,360,3.02,54713,6,187792,243.2,17,5,5,5,5,Poor,True
Sugarcane,5.0,32.0,76.1,7.2,1622.0,172.1,84.6,46.9,74.08,1841,331,12.52,79427,99,1296400,1532.2,100,100,100,100,100,Good,True
Sugarcane,6.25,26.9,74.6,6.28,2023.0,170.1,69.9,41.8,75.46,1817,325,15.56,97529,99,1650687,1592.5,100,100,100,100,100,Good,True
Sugarcane,1.5,9.0,13.5,4.62,137.0,5.6,31.3,46.1,14.57,2324,369,1.28,21927,5,76492,248.8,5,5,5,5,5,Poor,True
Sugarcane,6.25,24.7,70.1,6.28,1518.0,219.7,80.8,41.1,78.47,1838,326,15.55,98748,99,1716531,1638.3,100,100,100,100,100,Good,True
Sugarcane,2.0,43.8,96.8,8.45,496.0,44.9,88.1,41.3,15.93,2321,356,1.67,31712,6,111510,251.6,18,19,5,5,5,Poor,True
Sugarcane,1.5,21.7,58.7,6.23,2151.0,67.3,72.9,91.8,44.84,1958,327,2.44,23937,53,235410,883.5,95,100,80,100,23,Moderate,True
Sugarcane,3.5,41.8,46.3,5.93,1928.0,216.3,64.1,95.7,48.47,2168,353,6.08,54377,56,593757,991.9,39,93,41,100,100,Moderate,True
Sugarcane,0.5,32.8,36.9,4.56,710.0,118.7,62.7,99.5,27.24,2229,330,0.59,8083,25,47670,489.8,100,5,11,20,78,Poor,True
Sugarcane,3.5,44.1,69.4,5.73,1882.0,185.3,62.4,88.7,41.79,1815,359,5.5,53335,49,511927,859.8,15,75,100,100,100,Moderate,True
Sugarcane,0.5,43.4,93.4,4.83,3127.0,27.1,37.3,47.4,16.38,2249,364,0.45,7048,11,28665,306.7,22,5,21,12,5,Poor,True
Sugarcane,4.0,29.5,42.3,6.77,925.0,220.6,75.4,78.5,43.68,2169,335,6.51,63693,52,611520,860.1,100,100,28,49,98,Moderate,True
Sugarcane,5.0,43.9,32.1,4.74,3093.0,24.2,31.2,82.0,16.31,2277,362,4.27,74116,8,285425,285.1,17,5,5,15,5,Poor,True
Sugarcane,10.0,25.4,83.1,7.04,1348.0,193.9,82.5,82.9,74.15,1756,328,25.72,168537,99,2595250,1439.9,100,100,100,100,100,Good,True
Sugarcane,7.5,29.0,68.3,8.84,2068.0,198.8,55.3,60.1,38.67,1799,331,10.94,115229,43,1015088,780.9,100,5,100,100,100,Poor,True
Sugarcane,0.25,27.5,74.2,7.38,1673.0,201.8,75.8,52.2,74.55,1789,324,0.63,3960,98,65231,1547.2,100,100,100,100,100,Good,True
Sugarcane,4.0,6.4,19.0,4.42,186.0,14.4,38.2,35.5,14.28,2371,377,3.3,57014,5,199920,250.7,5,5,5,5,5,Poor,True
Sugarcane,16.0,21.1,97.2,7.43,1692.0,184.7,61.1,44.0,37.86,2224,329,23.47,246166,41,2120160,761.3,87,100,5,100,100,Poor,True
Sugarcane,16.0,29.9,75.3,7.42,1706.0,173.1,62.6,40.1,74.38,1800,327,40.99,247329,99,4165280,1584.1,100,100,100,100,100,Good,True
Sugarcane,2.0,36.4,58.4,5.65,2761.0,131.5,86.5,99.8,50.69,1881,332,3.71,34738,60,354830,921.4,96,67,79,47,91,Moderate,True
Sugarcane,0.5,23.2,83.5,6.84,3200.0,201.8,76.9,59.1,38.61,1759,321,0.77,7903,43,67568,755.0,100,100,100,5,100,Poor,True
Sugarcane,0.25,35.2,52.4,7.37,3098.0,215.6,86.7,85.6,40.28,2016,331,0.39,4140,45,35245,751.3,100,100,60,15,100,Poor,True
Sugarcane,7.5,43.7,28.4,8.51,274.0,11.7,31.8,68.7,16.15,2290,360,6.65,108415,7,423937,291.0,19,14,5,5,5,Poor,True
Sugarcane,12.25,35.7,41.1,8.05,2415.0,187.3,57.2,21.5,42.47,2236,334,19.8,175546,48,1820901,937.3,100,57,24,80,100,Moderate,True
Sugarcane,5.0,9.1,16.2,4.02,177.0,16.4,60.7,22.8,14.15,2242,374,4.3,75228,5,247625,229.2,5,5,5,5,5,Poor,True
Sugarcane,7.5,33.2,70.9,7.93,1270.0,185.6,56.8,65.8,61.42,1786,329,16.07,115342,81,1612275,1297.8,100,69,100,96,100,Good,True
Sugarcane,4.0,43.4,24.5,5.13,287.0,46.2,55.6,84.8,16.21,2321,359,3.59,62084,6,226940,265.5,22,18,5,5,5,Poor,True
Sugarcane,2.25,29.9,72.1,7.17,1832.0,206.3,46.5,64.0,76.5,1820,335,5.84,34717,99,602438,1635.3,100,100,100,100,100,Good,True
Sugarcane,0.25,26.9,78.7,6.98,1372.0,151.4,85.4,66.8,74.08,1773,325,0.62,4100,98,64820,1481.0,100,100,100,100,100,Good,True
Sugarcane,12.25,9.0,16.8,4.28,80.0,11.4,100.0,49.4,14.98,2310,371,10.63,201826,5,642268,218.2,5,5,5,5,5,Poor,True
Sugarcane,12.25,32.3,68.3,7.12,1614.0,143.6,77.2,48.5,76.77,1823,336,30.03,196493,98,3291514,1575.1,100,100,100,100,100,Good,True
Sugarcane,6.25,27.0,62.2,7.07,1670.0,31.7,33.2,24.6,37.51,1845,337,9.28,85498,41,820531,859.7,100,100,91,100,5,Poor,True
Sugarcane,3.0,24.4,74.6,6.21,2179.0,211.0,39.0,62.7,73.92,1796,331,7.76,44000,99,776160,1664.0,100,100,100,100,100,Good,True
Sugarcane,6.25,22.8,16.8,7.51,1759.0,150.0,46.1,47.6,39.81,2324,325,9.37,93511,42,870844,831.3,100,100,5,100,100,Poor,True
Sugarcane,7.5,12.5,84.3,7.77,1697.0,183.7,49.0,23.8,37.16,1764,368,11.27,110776,43,975450,780.6,5,84,100,100,100,Poor,True
Sugarcane,16.0,10.2,23.3,4.52,3058.0,29.3,87.4,25.0,14.85,2283,370,13.68,252029,5,831600,230.0,5,5,5,19,5,Poor,True
Sugarcane,6.25,31.5,82.5,6.93,2372.0,84.4,78.6,61.6,51.65,1801,336,11.68,101930,64,1129844,1008.5,100,100,100,84,41,Moderate,True
Sugarcane,10.0,5.2,17.0,4.68,184.0,5.2,33.6,56.5,14.54,2374,366,8.34,144686,5,508900,251.7,5,5,5,5,5,Poor,True
Sugarcane,12.25,33.8,82.4,7.87,1367.0,73.0,87.0,51.2,49.22,1781,329,21.35,199970,56,2110308,955.3,100,74,100,100,29,Moderate,True
Sugarcane,1.5,32.6,75.3,7.92,1379.0,222.4,31.8,33.9,61.99,1784,318,3.19,21184,81,325448,1436.3,100,69,100,100,92,Good,True
Sugarcane,2.25,12.6,11.8,4.79,112.0,18.5,63.0,67.3,14.34,2342,374,1.86,35522,5,112928,217.9,5,5,5,5,5,Poor,True
Sugarcane,12.25,23.7,78.9,6.54,2200.0,211.5,48.5,82.3,77.94,1851,316,32.06,188739,99,3341678,1670.5,100,100,100,100,100,Good,True
Sugarcane,0.25,5.6,18.9,4.69,128.0,11.4,70.8,27.1,14.43,2323,362,0.2,3836,6,12626,229.1,5,5,5,5,5,Poor,True
Sugarcane,6.25,22.2,73.5,6.84,1988.0,175.9,38.8,30.3,76.08,1752,327,15.65,91377,98,1664250,1721.3,100,100,100,100,100,Good,True
Sugarcane,2.0,6.8,18.0,4.06,144.0,7.5,90.7,84.4,14.22,2337,362,1.63,32273,5,99540,208.4,5,5,5,5,5,Poor,True
Sugarcane,0.5,22.3,83.6,7.5,2009.0,169.8,35.8,28.7,74.4,1768,336,1.27,7278,99,130200,1689.0,100,100,100,100,100,Good,True
Sugarcane,0.5,22.8,77.5,6.09,1512.0,156.5,64.2,71.4,77.86,1824,343,1.29,7962,98,136255,1611.3,100,100,100,100,100,Good,True
Sugarcane,4.0,27.2,69.8,7.14,2116.0,41.3,40.3,46.7,40.26,1837,334,5.93,58234,42,563640,867.9,100,100,100,100,5,Poor,True
Sugarcane,16.0,27.5,83.4,5.5,2983.0,163.8,73.3,44.5,44.39,1780,327,25.83,260029,51,2485840,856.0,100,52,100,26,100,Moderate,True
Sugarcane,0.25,23.4,54.5,8.14,1523.0,170.9,98.4,80.7,52.84,2021,333,0.48,4279,66,46235,980.5,100,49,67,100,100,Moderate,True
Sugarcane,9.0,36.4,72.2,7.62,3200.0,153.8,56.4,49.8,36.88,1775,330,13.33,138129,44,1161720,741.0,96,98,100,5,100,Poor,True
Sugarcane,10.0,29.9,83.7,7.34,1987.0,201.1,45.0,50.0,73.08,1822,322,25.53,146455,99,2557800,1646.5,100,100,100,100,100,Good,True
Sugarcane,2.25,13.4,93.5,8.59,3007.0,12.9,44.4,86.0,16.38,2239,367,1.98,34739,9,128992,271.3,5,6,19,23,5,Poor,True
Sugarcane,0.25,10.8,11.0,4.47,117.0,19.3,60.0,44.1,14.19,2351,370,0.21,3858,6,12416,221.8,5,5,5,5,5,Poor,True
Sugarcane,3.5,18.4,49.5,6.14,2872.0,220.8,37.0,82.3,45.28,2119,352,5.86,50654,53,554680,995.0,51,100,51,36,97,Moderate,True
Sugarcane,2.0,35.6,72.8,8.98,1775.0,228.7,56.7,30.8,37.22,1748,333,2.93,29283,42,260540,789.7,100,5,100,100,73,Poor,True
Sugarcane,3.0,21.6,77.3,6.15,996.0,77.3,32.0,26.0,46.4,1775,336,5.23,41996,55,487200,1060.1,94,100,100,59,34,Moderate,True
Sugarcane,2.25,12.0,19.4,4.13,554.0,32.9,91.5,51.6,14.31,2275,372,1.92,36421,5,112691,209.4,5,5,5,5,5,Poor,True
Sugarcane,3.5,22.8,73.4,6.94,1988.0,145.7,50.4,92.6,73.17,1774,337,8.72,57325,99,896333,1463.6,100,100,100,100,100,Good,True
Sugarcane,6.25,26.1,74.4,6.47,1862.0,215.9,33.2,65.8,75.26,1798,325,15.62,91177,99,1646313,1705.6,100,100,100,100,100,Good,True
Sugarcane,10.0,30.7,81.0,7.2,2110.0,205.1,99.4,72.9,74.05,1731,326,24.87,168729,99,2591750,1436.0,100,100,100,100,100,Good,True
Sugarcane,9.0,28.5,66.5,7.34,1744.0,195.2,63.8,28.7,70.92,1798,330,22.13,133076,98,2233980,1578.7,100,100,100,100,100,Good,True
Sugarcane,3.0,31.0,86.3,6.36,1769.0,107.9,68.0,82.0,59.93,1837,332,6.26,47419,81,629265,1227.0,100,100,87,100,66,Good,True
Sugarcane,10.0,35.6,49.0,7.5,2034.0,199.4,56.4,79.2,57.91,2109,325,19.7,155310,71,2026850,1205.0,100,100,49,100,100,Moderate,True
Sugarcane,1.5,19.9,53.5,7.27,2098.0,13.1,59.1,96.7,34.54,1998,332,2.1,24679,36,181335,634.8,72,100,64,100,5,Poor,True
Sugarcane,7.5,44.0,24.9,4.6,103.0,26.3,50.8,46.3,15.05,2353,354,6.51,116244,8,395062,239.9,16,5,5,5,5,Poor,True
Sugarcane,3.0,27.9,45.7,6.56,2586.0,72.0,58.0,69.2,41.59,2209,334,4.71,44698,47,436695,877.0,100,100,39,63,28,Moderate,True
Sugarcane,0.25,32.4,59.9,7.29,1863.0,88.4,62.7,28.7,52.4,1854,328,0.47,3830,66,45850,1097.1,100,100,84,100,46,Moderate,True
Sugarcane,1.5,33.2,66.3,7.59,2075.0,216.5,72.9,52.1,76.26,1790,327,3.57,22824,99,400365,1654.1,100,100,100,100,100,Good,True
Sugarcane,1.5,24.8,77.9,7.45,1995.0,166.6,52.6,92.5,73.46,1785,324,3.75,23260,99,385665,1558.1,100,100,100,100,100,Good,True
Sugarcane,3.0,25.2,67.4,7.54,1364.0,201.2,82.7,68.7,74.08,1806,337,7.69,48604,99,777840,1500.4,100,100,100,100,100,Good,True
Sugarcane,16.0,27.4,71.7,7.3,1862.0,202.2,31.4,82.8,77.2,1834,326,38.08,243225,99,4323200,1677.4,100,100,100,100,100,Good,True
Sugarcane,9.0,8.3,96.6,4.77,255.0,43.8,71.7,74.6,13.97,2290,376,7.59,145098,5,440055,203.3,5,5,5,5,5,Poor,True
Sugarcane,3.5,6.1,10.7,4.69,134.0,6.5,57.8,63.6,14.41,2186,368,2.91,54110,6,176522,226.2,5,5,5,5,5,Poor,True
Sugarcane,6.25,32.1,65.8,6.32,2052.0,22.6,96.8,57.0,38.12,1780,336,9.41,104345,42,833875,699.2,100,100,100,100,5,Poor,True
Sugarcane,3.0,6.6,19.6,4.74,60.0,8.7,93.1,78.3,14.32,2271,365,2.5,49293,7,150360,205.0,5,5,5,5,5,Poor,True
Sugarcane,1.5,33.2,68.5,7.56,1756.0,207.8,84.7,47.3,74.1,1812,335,3.66,23558,99,389025,1551.3,100,100,100,100,100,Good,True
Sugarcane,4.0,6.5,18.0,4.11,67.0,13.6,95.0,22.0,14.43,2322,362,3.36,64273,5,202020,214.3,5,5,5,5,5,Poor,True
Sugarcane,10.0,28.1,41.7,7.73,750.0,147.6,79.5,56.4,40.43,2221,327,15.92,156807,47,1415050,802.4,100,88,26,25,100,Moderate,True
Sugarcane,1.5,36.7,56.3,4.71,2545.0,120.7,43.9,99.5,32.45,1981,327,2.04,23242,36,170363,633.0,93,5,72,67,80,Poor,True
Sugarcane,16.0,43.2,16.4,4.01,540.0,31.4,53.7,40.3,16.16,2405,365,13.73,239425,5,904960,278.0,24,5,5,5,5,Poor,True
Sugarcane,5.0,31.2,75.9,7.29,1775.0,14.8,78.3,47.6,38.71,1815,330,7.72,79975,43,677425,747.0,100,100,100,100,5,Poor,True
Sugarcane,0.5,28.1,78.1,7.31,1885.0,149.4,31.8,33.0,72.66,1846,334,1.26,7250,99,127155,1653.9,100,100,100,100,100,Good,True
Sugarcane,3.0,24.7,73.7,7.53,1385.0,203.3,35.7,23.8,75.05,1827,335,7.6,43011,98,788025,1732.1,100,100,100,100,100,Good,True
Sugarcane,1.5,6.5,71.9,7.18,1915.0,160.9,36.1,46.4,38.44,1835,361,2.3,21255,43,201810,849.5,5,100,100,100,100,Poor,True
Sugarcane,6.25,9.6,16.3,4.57,135.0,5.2,45.4,84.6,14.06,2354,374,4.96,96979,5,307562,217.1,5,5,5,5,5,Poor,True
Sugarcane,12.25,30.2,86.9,6.04,2079.0,25.4,64.5,59.4,37.32,1799,327,19.04,196539,43,1600095,714.1,100,100,82,100,5,Poor,True
Sugarcane,2.25,34.5,78.8,6.85,2169.0,208.0,90.0,75.9,75.05,1844,330,5.61,36456,98,591019,1521.2,100,100,100,100,100,Good,True
Sugarcane,12.25,6.7,13.5,4.4,186.0,18.4,51.2,30.4,14.33,2382,372,10.27,189582,7,614399,224.1,5,5,5,5,5,Poor,True
Sugarcane,0.25,26.4,73.1,7.08,1576.0,165.9,93.7,75.9,75.78,1760,329,0.65,4211,99,66308,1474.6,100,100,100,100,100,Good,True
Sugarcane,5.0,5.2,18.4,5.96,1669.0,46.4,74.4,64.4,26.22,2301,376,5.94,77085,23,458850,495.3,5,96,5,100,5,Poor,True
Sugarcane,7.5,43.8,93.6,8.6,530.0,5.5,49.6,44.8,16.01,2169,372,6.37,108746,9,420263,286.5,18,5,19,5,5,Poor,True
Sugarcane,10.0,24.7,72.3,6.53,1905.0,41.0,61.9,70.8,37.68,1792,331,15.29,164621,43,1318800,701.1,100,100,100,100,5,Poor,True
Sugarcane,16.0,22.4,76.8,6.53,1815.0,177.9,88.9,87.4,76.75,1800,323,41.41,263102,99,4298000,1533.6,100,100,100,100,100,Good,True
Sugarcane,16.0,35.8,80.3,7.21,468.0,139.2,42.4,66.4,39.08,1812,332,24.59,238580,43,2188480,817.3,100,100,100,5,99,Poor,True
Sugarcane,1.5,33.1,55.8,6.08,2479.0,205.6,59.4,86.3,63.76,1932,329,3.13,24038,81,334740,1292.5,100,100,71,74,100,Good,True
Sugarcane,2.0,28.3,65.8,5.75,2945.0,186.8,80.8,46.7,45.77,1913,327,3.46,32447,54,320390,887.4,100,76,100,29,100,Moderate,True
Sugarcane,2.25,30.2,83.8,6.28,1318.0,173.8,82.8,60.0,73.46,1779,335,5.75,35344,99,578498,1536.8,100,100,100,100,100,Good,True
Sugarcane,16.0,43.0,93.0,8.83,444.0,51.4,67.9,99.3,16.71,2181,356,14.71,259939,7,935760,260.0,26,5,24,5,6,Poor,True
Sugarcane,0.5,30.3,74.5,7.58,911.0,147.8,57.1,88.5,55.34,1846,334,0.97,7768,67,96845,1146.7,100,100,100,47,100,Moderate,True
Sugarcane,2.25,34.4,85.6,8.62,1991.0,226.6,87.2,77.4,37.84,1882,332,3.28,37388,41,297990,697.0,100,5,94,100,79,Poor,True
Sugarcane,7.5,28.7,89.0,4.8,1794.0,210.5,37.4,24.1,37.32,1995,332,10.62,104009,38,979650,841.9,100,5,62,100,100,Poor,True
Sugarcane,7.5,43.1,61.9,5.96,2655.0,72.4,77.2,48.1,37.58,1879,369,11.07,119838,41,986475,723.2,25,96,90,57,29,Poor,True
Sugarcane,0.5,36.4,69.6,7.31,1471.0,97.7,53.9,32.0,57.31,1712,328,1.0,7704,73,100292,1201.8,96,100,100,100,55,Moderate,True
Sugarcane,0.5,11.1,95.9,4.61,3084.0,57.6,56.6,88.7,15.64,2420,366,0.44,7734,7,27370,253.9,5,5,5,16,13,Poor,True
Sugarcane,10.0,44.0,20.7,8.88,3096.0,48.0,63.3,70.0,15.6,2260,358,8.92,154451,5,546000,253.5,16,5,5,15,5,Poor,True
Sugarcane,7.5,19.1,45.7,6.16,1675.0,225.3,90.4,90.7,48.29,1995,342,13.23,128023,58,1267612,890.1,61,100,39,100,83,Moderate,True
Sugarcane,9.0,35.9,86.9,5.67,1970.0,62.0,92.3,55.1,39.93,1945,325,13.82,151007,47,1257795,732.9,100,69,82,100,18,Moderate,True
Sugarcane,9.0,24.3,43.8,8.06,2097.0,189.0,56.2,23.3,45.08,2080,335,15.63,132555,55,1420020,971.3,100,56,33,100,100,Moderate,True
Sugarcane,3.0,20.1,71.1,5.68,2191.0,155.0,75.8,65.6,60.57,1785,337,6.38,49926,81,635985,1173.9,75,70,100,100,100,Good,True
Sugarcane,5.0,27.3,60.8,5.75,3200.0,184.9,71.2,90.3,36.35,1871,325,7.16,78823,39,636125,707.0,100,76,87,5,100,Poor,True
Sugarcane,9.0,31.5,82.2,7.02,1219.0,214.6,86.6,93.8,68.78,1868,333,21.95,153609,94,2166570,1310.4,100,100,100,89,100,Good,True
Sugarcane,1.5,28.8,83.6,7.19,1636.0,168.0,34.9,82.8,74.59,1809,331,3.79,22573,99,391598,1634.8,100,100,100,100,100,Good,True
Sugarcane,3.5,34.6,70.2,7.57,1482.0,160.3,33.9,55.0,78.18,1729,326,8.85,51123,99,957705,1773.3,100,100,100,100,100,Good,True
Sugarcane,9.0,22.9,64.0,6.29,1640.0,161.3,46.7,48.6,75.2,1787,329,22.19,136619,96,2368800,1633.9,100,100,97,100,100,Good,True
Sugarcane,12.25,32.6,72.3,7.1,1744.0,177.8,39.1,67.8,75.47,1785,329,30.61,189391,99,3235776,1608.5,100,100,100,100,100,Good,True
Sugarcane,0.25,20.1,62.8,7.61,890.0,169.1,42.1,72.9,53.38,1844,347,0.46,3756,62,46708,1143.6,75,99,93,44,100,Moderate,True
Sugarcane,1.5,6.3,18.6,4.82,490.0,18.9,56.5,83.0,14.78,2237,373,1.29,22934,5,77595,238.3,5,5,5,5,5,Poor,True
Sugarcane,4.0,43.1,25.0,8.4,3162.0,34.6,57.4,82.3,17.21,2359,364,3.65,64840,8,240940,271.6,25,24,5,9,5,Poor,True
Sugarcane,5.0,35.9,84.6,6.84,1488.0,154.6,71.9,27.2,75.22,1708,327,12.77,76687,99,1316350,1616.5,100,100,100,100,100,Good,True
Sugarcane,2.0,10.6,94.9,8.84,3104.0,18.5,38.2,66.3,15.2,2230,368,1.75,30258,6,106400,251.6,5,5,6,14,5,Poor,True
Sugarcane,0.5,11.8,18.0,4.63,88.0,10.4,97.4,92.4,14.48,2343,374,0.4,8389,5,25340,202.1,5,5,5,5,5,Poor,True
Sugarcane,9.0,10.8,95.1,5.16,3028.0,35.3,74.6,55.7,16.11,2327,370,8.37,145740,8,507465,248.2,5,21,5,21,5,Poor,True
Sugarcane,4.0,18.8,73.7,8.19,2640.0,174.2,57.8,74.3,46.59,1767,350,7.0,63411,57,652260,928.6,57,44,100,58,100,Moderate,True
Sugarcane,1.0,6.4,15.9,5.1,3057.0,35.8,97.5,93.8,15.9,2258,374,0.9,16907,7,55650,229.2,5,15,5,19,5,Poor,True
Sugarcane,4.0,38.7,41.6,7.4,1701.0,189.2,96.6,82.1,44.06,2189,335,6.67,67859,53,616840,809.0,72,100,26,100,100,Moderate,True
Sugarcane,7.5,37.6,96.4,6.16,1955.0,161.4,41.2,90.8,37.93,2347,333,11.27,113180,40,995663,779.7,83,100,5,100,100,Poor,True
Sugarcane,5.0,10.5,93.8,4.68,3177.0,22.0,38.0,20.7,15.19,2226,374,4.25,69393,8,265825,283.1,5,5,17,7,5,Poor,True
Sugarcane,1.5,7.8,22.8,8.49,242.0,56.6,40.3,32.7,15.85,2394,369,1.34,21662,5,83212,284.1,5,16,5,5,12,Poor,True
Sugarcane,1.5,37.0,56.1,6.47,2593.0,106.9,79.2,80.2,55.2,1934,331,3.05,24420,70,289800,1086.7,90,100,72,63,65,Moderate,True
Sugarcane,2.25,27.5,80.0,5.99,2756.0,116.0,35.8,91.0,53.81,1778,332,4.07,34099,66,423754,1142.7,100,99,100,47,75,Moderate,True
Sugarcane,4.0,34.1,68.7,4.3,1559.0,142.1,57.9,62.4,39.18,1817,317,5.78,59035,43,548520,829.1,100,5,100,100,100,Poor,True
Sugarcane,12.25,35.0,70.7,7.27,2014.0,167.9,73.4,72.7,78.15,1735,325,30.4,198222,99,3350681,1590.4,100,100,100,100,100,Good,True
Sugarcane,2.25,32.8,15.0,8.44,1277.0,26.3,62.7,72.0,27.49,2215,339,2.64,34402,25,216484,529.3,100,20,5,97,5,Poor,True
Sugarcane,3.5,26.1,84.0,6.75,1660.0,201.8,31.3,27.8,76.6,1765,331,8.89,49148,99,938350,1809.2,100,100,100,100,100,Good,True
Sugarcane,1.5,43.3,17.8,4.28,3018.0,21.1,68.0,95.1,16.43,2374,355,1.34,24211,9,86258,256.3,23,5,5,22,5,Poor,True
Sugarcane,7.5,24.1,51.6,6.79,2460.0,178.2,43.2,21.1,58.7,2007,327,14.8,109223,72,1540875,1310.8,100,100,58,75,100,Moderate,True
Sugarcane,12.25,26.1,69.6,4.51,1849.0,227.3,78.2,37.3,36.62,1764,335,18.13,193427,42,1570082,711.7,100,5,100,100,77,Poor,True
Sugarcane,3.5,43.4,93.4,4.4,199.0,19.7,76.5,47.4,16.95,2173,357,3.14,54393,6,207637,281.7,22,5,20,5,5,Poor,True
Sugarcane,12.25,25.9,88.8,5.49,1273.0,72.4,79.3,69.7,41.85,2018,335,19.81,194330,50,1794319,823.3,100,51,64,96,29,Moderate,True
Sugarcane,3.5,23.4,18.6,4.22,410.0,86.5,72.7,87.8,22.43,2271,325,3.82,56328,18,274768,387.8,100,5,5,5,43,Poor,True
Sugarcane,3.5,28.6,84.5,6.12,2035.0,155.7,63.8,30.6,72.17,1831,328,8.74,53267,99,884082,1559.7,100,100,100,100,100,Good,True
Sugarcane,3.0,24.8,71.5,6.41,1531.0,108.9,73.2,48.0,63.13,1774,338,6.43,48090,82,662865,1278.4,100,100,100,100,67,Good,True
Sugarcane,2.0,34.9,67.7,6.34,1441.0,179.8,70.0,23.7,74.13,1790,325,5.21,30441,99,518910,1604.6,100,100,100,100,100,Good,True
Sugarcane,10.0,12.6,11.5,4.58,103.0,8.6,79.4,97.6,14.22,2342,375,8.38,167064,6,497700,197.9,5,5,5,5,5,Poor,True
Sugarcane,1.0,40.5,75.1,5.41,1383.0,63.1,61.5,20.3,38.13,1826,352,1.46,15117,39,133455,782.8,52,44,100,100,19,Poor,True
Sugarcane,0.5,8.4,29.3,8.45,556.0,28.6,44.8,68.3,14.86,2359,372,0.44,7411,7,26005,250.9,5,19,5,5,5,Poor,True
Sugarcane,2.0,22.7,35.4,4.82,156.0,157.5,53.4,94.9,27.32,2356,334,2.34,31292,23,191240,511.1,100,5,6,5,100,Poor,True
Sugarcane,1.0,34.0,75.8,7.42,1721.0,165.3,51.2,88.7,72.83,1788,333,2.55,15172,99,254905,1580.1,100,100,100,100,100,Good,True
Sugarcane,4.0,25.2,63.3,8.72,1426.0,148.8,87.9,66.6,38.63,1824,326,5.92,65669,43,540820,723.6,100,5,95,100,100,Poor,True
Sugarcane,12.25,34.9,19.6,6.75,1880.0,138.8,66.2,63.6,37.49,2318,329,18.4,182973,44,1607384,778.5,100,100,5,100,99,Poor,True
Sugarcane,2.0,44.3,67.5,7.86,2096.0,132.1,80.9,38.9,37.71,1788,368,3.08,30778,42,263970,757.7,12,75,100,100,92,Poor,True
Sugarcane,5.0,32.0,60.5,7.79,440.0,191.2,91.7,40.6,35.27,1849,336,7.19,78415,41,617225,687.1,100,82,86,5,100,Poor,True
Sugarcane,12.25,36.3,95.6,7.78,1533.0,211.5,90.2,69.8,37.07,2303,338,17.5,194259,41,1589376,718.2,97,82,5,100,100,Poor,True
Sugarcane,7.5,35.4,72.0,7.22,2831.0,232.3,62.4,59.6,48.99,1821,339,13.5,116166,60,1285988,1007.0,100,100,100,40,61,Moderate,True
Sugarcane,6.25,25.0,72.7,7.04,1151.0,133.8,72.3,89.4,65.25,1739,330,14.17,100252,89,1427344,1323.8,100,100,100,80,93,Good,True
Sugarcane,1.5,8.3,11.1,4.72,163.0,17.8,45.6,61.5,14.18,2250,368,1.26,23441,5,74445,217.6,5,5,5,5,5,Poor,True
Sugarcane,1.0,32.1,13.9,4.78,2756.0,9.4,86.4,41.6,23.32,2331,326,1.06,15776,19,81620,417.4,100,5,5,47,5,Poor,True
Sugarcane,3.0,28.4,84.5,7.17,2141.0,204.7,67.4,21.5,76.17,1823,339,7.37,45969,99,799785,1639.8,100,100,100,100,100,Good,True
Sugarcane,16.0,24.1,71.4,5.99,1873.0,94.2,50.8,43.4,55.57,1857,328,31.18,246788,73,3111920,1161.0,100,99,100,100,52,Moderate,True
Sugarcane,10.0,10.2,14.2,4.04,55.0,5.7,50.1,68.1,14.26,2336,370,8.37,149917,6,499100,232.9,5,5,5,5,5,Poor,True
Sugarcane,16.0,28.8,66.2,7.43,2862.0,143.7,59.3,48.3,50.37,1772,328,29.78,245398,63,2820720,1049.4,100,100,100,37,100,Moderate,True
Sugarcane,6.25,7.1,14.2,4.23,75.0,10.7,84.5,75.5,14.28,2266,379,5.05,101644,6,312375,207.3,5,5,5,5,5,Poor,True
Sugarcane,16.0,31.7,69.7,7.24,1935.0,199.8,39.7,49.3,76.67,1870,333,38.84,235493,99,4293520,1723.2,100,100,100,100,100,Good,True
Sugarcane,0.25,29.3,75.2,6.53,1984.0,192.7,71.6,93.8,74.08,1791,324,0.65,3945,99,64820,1543.1,100,100,100,100,100,Good,True
Sugarcane,9.0,13.8,80.4,5.15,1827.0,16.9,97.0,93.8,26.99,1820,376,10.54,153306,24,850185,454.6,5,20,100,100,5,Poor,True
Sugarcane,2.0,23.9,80.0,6.14,855.0,158.7,74.1,24.7,52.89,1751,327,3.69,31904,64,370230,1060.5,100,100,100,40,100,Moderate,True
Sugarcane,3.0,5.9,13.3,4.37,66.0,15.7,82.6,34.7,14.62,2367,366,2.49,48163,7,153510,218.7,5,5,5,5,5,Poor,True
Sugarcane,2.25,12.3,38.0,4.33,1525.0,173.3,59.5,97.6,27.04,2310,375,2.64,35406,26,212940,501.4,5,5,14,100,100,Poor,True
Sugarcane,1.5,30.3,48.6,5.89,770.0,65.5,30.9,20.9,35.63,2074,327,2.17,21650,39,187058,764.0,100,89,48,28,21,Poor,True
Sugarcane,5.0,6.6,94.6,4.54,3073.0,38.9,77.9,92.9,15.51,2344,366,4.42,82749,8,271425,228.0,5,5,8,17,5,Poor,True
Sugarcane,3.0,29.5,65.4,7.32,1630.0,145.5,63.7,58.1,73.21,1783,332,7.71,46847,99,768705,1540.9,100,100,100,100,100,Good,True
Sugarcane,0.25,34.3,73.0,5.91,1354.0,101.7,95.4,98.6,58.93,1789,333,0.51,4287,78,51564,1102.8,100,91,100,100,60,Moderate,True
Sugarcane,4.0,8.2,15.8,4.89,289.0,12.9,69.4,66.0,14.59,2311,367,3.28,63306,5,204260,222.7,5,5,5,5,5,Poor,True
Sugarcane,3.0,33.1,67.3,6.16,2543.0,81.3,90.5,71.6,47.3,1769,329,5.44,49890,60,496650,895.5,100,100,100,67,38,Moderate,True
Sugarcane,2.25,7.7,14.5,4.39,176.0,15.6,52.3,72.7,14.05,2268,368,1.86,35414,5,110644,212.4,5,5,5,5,5,Poor,True
Sugarcane,16.0,12.1,64.5,6.34,1883.0,202.7,38.7,69.5,38.86,1760,371,24.6,239096,43,2176160,810.2,5,100,98,100,100,Poor,True
Sugarcane,3.5,10.4,17.2,4.6,160.0,11.6,55.5,89.0,14.6,2275,368,2.9,56492,5,178850,216.6,5,5,5,5,5,Poor,True
Sugarcane,2.25,25.1,65.4,6.36,1347.0,193.9,96.2,38.0,72.88,1776,325,5.58,36739,99,573930,1462.2,100,100,100,100,100,Good,True
Sugarcane,0.5,31.2,81.1,7.33,1337.0,195.8,43.8,96.5,74.33,1739,332,1.25,7450,99,130078,1646.0,100,100,100,100,100,Good,True
Sugarcane,2.0,36.3,74.6,6.68,1391.0,23.0,31.3,45.6,38.38,1783,326,3.01,29226,41,268660,819.2,96,100,100,100,5,Poor,True
Sugarcane,0.5,23.2,28.5,6.24,2057.0,149.9,85.4,75.1,39.32,2291,329,0.73,8253,43,68810,733.8,100,100,5,100,100,Poor,True
Sugarcane,3.5,35.4,22.8,7.52,2157.0,213.9,53.4,35.9,39.17,2370,331,5.1,50837,43,479832,843.9,100,100,5,100,100,Poor,True
Sugarcane,12.25,41.5,52.7,7.61,1774.0,120.3,87.9,86.1,49.23,2052,350,21.61,201145,57,2110736,949.4,41,99,61,100,79,Moderate,True
Sugarcane,0.5,25.4,81.2,7.17,1405.0,145.6,36.9,37.7,75.88,1807,324,1.25,7408,99,132790,1692.5,100,100,100,100,100,Good,True
Sugarcane,0.25,34.7,68.2,6.76,1187.0,217.6,31.4,58.5,68.46,1825,319,0.56,3570,91,59902,1577.9,100,100,100,85,100,Good,True
Sugarcane,1.5,29.1,78.5,7.29,1672.0,149.9,49.4,39.9,73.48,1765,319,3.79,22268,97,385770,1632.4,100,100,100,100,100,Good,True
Sugarcane,12.25,24.1,75.4,7.08,1832.0,218.2,92.9,74.3,72.75,1798,333,29.91,201455,99,3119156,1448.3,100,100,100,100,100,Good,True
Sugarcane,4.0,39.0,63.9,6.83,1311.0,180.3,33.5,98.9,61.66,1844,357,8.51,60145,80,863240,1335.3,68,100,96,100,100,Good,True
Sugarcane,2.0,8.8,11.0,4.14,94.0,12.1,47.7,70.7,13.93,2379,366,1.64,29724,7,97510,228.1,5,5,5,5,5,Poor,True
Sugarcane,7.5,39.2,64.4,6.18,3018.0,187.0,67.7,35.3,42.34,1798,342,12.16,110816,50,1111425,902.9,66,100,98,22,100,Moderate,True
Sugarcane,1.5,13.4,17.3,4.48,3036.0,44.0,55.6,48.5,15.21,2296,381,1.3,23531,6,79852,239.3,5,5,5,21,5,Poor,True
Sugarcane,1.0,21.1,88.4,7.11,1648.0,43.7,33.8,67.0,35.53,1981,335,1.39,14853,37,124355,737.2,88,100,68,100,5,Poor,True
Sugarcane,1.0,30.0,81.0,7.5,2613.0,216.2,97.6,70.7,61.8,1797,326,2.0,16863,76,216300,1182.7,100,100,100,61,100,Good,True
Sugarcane,5.0,23.9,74.9,6.44,2574.0,159.2,78.9,41.9,59.07,1774,326,10.7,78275,77,1033725,1220.6,100,100,100,64,100,Good,True
Sugarcane,4.0,11.1,68.3,7.44,968.0,68.2,51.4,26.3,29.74,1748,369,5.04,58132,30,416360,616.2,5,100,100,55,24,Poor,True
Sugarcane,3.0,10.6,13.7,4.3,63.0,9.8,65.7,85.0,14.27,2326,364,2.54,47224,5,149835,217.3,5,5,5,5,5,Poor,True
Sugarcane,4.0,14.5,97.2,5.08,3138.0,56.2,98.2,69.3,15.91,2297,375,3.47,69160,7,222740,222.1,5,13,5,11,12,Poor,True
Sugarcane,1.5,35.1,71.4,6.16,3200.0,194.4,55.1,96.0,39.32,1787,340,2.29,23672,43,206430,772.0,100,100,100,5,100,Poor,True
Sugarcane,4.0,38.9,59.9,7.75,2711.0,198.8,92.6,51.4,53.44,1921,340,7.64,65173,64,748160,1048.0,69,85,84,51,100,Moderate,True
Sugarcane,3.5,25.7,56.4,5.56,943.0,76.1,85.8,33.9,41.49,1958,329,5.51,55432,45,508252,816.9,100,58,73,52,33,Moderate,True
Sugarcane,4.0,33.4,71.6,7.16,1358.0,181.9,66.0,72.0,74.7,1785,333,9.44,61630,99,1045800,1596.9,100,100,100,100,100,Good,True
Sugarcane,7.5,30.2,66.1,6.95,1483.0,193.5,98.6,52.8,74.89,1774,328,19.08,128114,99,1965862,1434.5,100,100,100,100,100,Good,True
Sugarcane,1.5,44.6,68.3,6.58,1857.0,139.7,39.4,88.2,40.0,1746,365,2.29,23336,47,210000,799.9,10,100,100,100,100,Moderate,True
Sugarcane,12.25,21.4,72.3,7.89,988.0,92.9,77.0,89.8,52.17,1866,334,23.32,200854,60,2236789,1013.6,92,72,100,58,50,Moderate,True
Sugarcane,9.0,26.2,76.4,7.38,1634.0,165.7,76.0,91.3,74.33,1760,332,23.32,142171,97,2341395,1546.9,100,100,100,100,100,Good,True
Sugarcane,2.0,26.4,74.8,7.15,1913.0,219.0,80.1,39.0,75.16,1734,334,4.94,31075,99,526120,1593.1,100,100,100,100,100,Good,True
Sugarcane,0.5,24.0,97.3,7.49,1500.0,134.1,60.5,25.9,39.25,2373,328,0.75,7512,42,68688,814.4,100,100,5,100,94,Poor,True
Sugarcane,7.5,44.9,66.1,6.58,1728.0,188.2,65.1,48.7,39.38,1839,360,11.89,116651,42,1033725,786.2,6,100,100,100,100,Poor,True
Sugarcane,7.5,25.3,61.8,7.04,1148.0,107.1,75.6,67.7,56.87,1870,332,15.43,115482,76,1492838,1192.7,100,100,90,79,65,Good,True
Sugarcane,1.5,34.2,67.4,7.03,1598.0,155.0,62.2,26.2,75.37,1785,333,3.78,22717,99,395692,1641.8,100,100,100,100,100,Good,True
Sugarcane,4.0,22.1,66.7,7.84,1634.0,92.1,43.3,37.3,55.51,1799,329,7.88,59620,68,777140,1203.5,100,78,100,100,49,Moderate,True
Sugarcane,2.25,23.4,81.2,6.87,1472.0,161.2,97.5,21.9,72.92,1838,333,5.51,34978,99,574245,1541.7,100,100,100,100,100,Good,True
Sugarcane,0.5,28.5,78.0,6.37,1912.0,205.6,95.3,23.4,73.71,1779,323,1.26,7957,99,128992,1521.1,100,100,100,100,100,Good,True
Sugarcane,0.5,11.9,10.4,4.04,187.0,16.5,59.2,27.7,13.93,2283,370,0.43,7574,7,24378,221.9,5,5,5,5,5,Poor,True
Sugarcane,1.0,23.5,84.5,7.08,1533.0,239.3,33.5,37.3,50.85,1876,330,1.89,13952,62,177975,1175.6,100,100,100,100,39,Moderate,True
Sugarcane,2.25,20.9,22.1,7.26,1880.0,148.6,67.7,36.6,38.03,2266,334,3.41,33391,47,299486,796.9,85,100,5,100,100,Poor,True
Sugarcane,1.5,22.8,76.5,4.8,1400.0,147.1,57.0,39.4,39.43,1794,337,2.2,22535,46,207008,818.6,100,5,100,100,100,Poor,True
Sugarcane,0.5,27.2,71.8,7.8,1510.0,147.5,66.6,52.6,65.48,1788,330,1.19,7791,88,114590,1370.8,100,81,100,100,100,Good,True
Sugarcane,1.0,43.3,97.1,5.12,3074.0,23.4,58.0,64.5,16.83,2312,356,0.92,15528,8,58905,279.3,23,16,5,17,5,Poor,True
Sugarcane,7.5,12.8,24.1,4.86,456.0,42.0,96.1,43.2,14.57,2332,364,6.47,122883,5,382462,211.2,5,5,5,5,5,Poor,True
Sugarcane,1.5,11.2,27.4,5.05,1318.0,3.5,66.1,78.2,20.97,2203,361,1.5,24177,16,110092,355.4,5,10,5,100,5,Poor,True
Sugarcane,10.0,30.4,69.1,6.9,2665.0,210.2,79.8,22.3,58.42,1802,331,20.69,156079,72,2044700,1210.0,100,100,100,56,100,Moderate,True
Sugarcane,1.0,26.3,14.5,6.0,1386.0,176.9,83.2,66.7,39.11,2302,325,1.52,16347,45,136885,737.4,100,100,5,100,100,Poor,True
Sugarcane,12.25,43.6,20.0,8.85,282.0,56.9,56.5,61.2,16.05,2351,356,10.76,188225,7,688144,265.6,19,5,5,5,12,Poor,True
Sugarcane,7.5,43.6,29.5,4.51,3078.0,50.2,44.5,44.3,16.28,2335,362,6.76,111574,10,427350,283.0,19,5,5,17,5,Poor,True
Sugarcane,0.25,44.1,80.0,7.13,2215.0,143.3,44.7,94.6,41.09,1815,362,0.39,3741,48,35954,861.1,15,100,100,99,100,Moderate,True
Sugarcane,3.0,44.9,66.2,6.2,1724.0,151.6,60.0,80.7,39.63,1813,356,4.57,46895,43,416115,787.3,6,100,100,100,100,Poor,True
Sugarcane,0.5,25.3,56.5,7.81,1277.0,177.2,45.0,81.6,62.7,1991,327,1.04,7766,83,109725,1312.9,100,80,73,97,100,Good,True
Sugarcane,5.0,11.3,14.8,4.19,152.0,6.5,64.7,64.6,14.39,2306,367,4.18,76277,5,251825,230.1,5,5,5,5,5,Poor,True
Sugarcane,0.5,35.6,67.1,6.97,1432.0,210.2,37.6,82.6,74.66,1796,326,1.25,7546,98,130655,1631.4,100,100,100,100,100,Good,True
Sugarcane,12.25,24.8,84.0,6.81,1933.0,164.7,88.8,28.6,72.3,1774,322,29.4,192229,99,3099862,1512.6,100,100,100,100,100,Good,True
Sugarcane,4.0,33.7,88.2,6.17,2534.0,178.9,49.8,58.4,62.68,1932,324,8.14,62740,79,877520,1298.7,100,100,70,68,100,Good,True
Sugarcane,16.0,35.1,95.3,6.74,2243.0,132.2,76.5,31.1,38.33,2342,340,23.03,253609,41,2146480,746.4,100,100,5,96,92,Poor,True
Sugarcane,0.25,43.2,96.3,4.35,426.0,36.2,64.7,70.5,15.19,2346,364,0.23,3861,7,13291,244.2,24,5,5,5,5,Poor,True
Sugarcane,3.5,31.8,55.9,5.9,2771.0,96.1,46.6,60.8,48.85,1970,331,6.16,53030,62,598412,1028.4,100,90,71,46,54,Moderate,True
Sugarcane,12.25,28.9,78.7,7.15,1675.0,146.3,39.5,50.2,73.55,1793,328,31.06,182561,99,3153456,1627.3,100,100,100,100,100,Good,True
Sugarcane,2.0,44.0,17.7,8.69,3169.0,39.0,45.8,21.4,15.65,2268,362,1.72,29834,8,109550,267.2,16,5,5,8,5,Poor,True
Sugarcane,12.25,24.6,86.6,9.0,2174.0,140.9,52.0,41.7,38.01,1858,336,18.06,183710,44,1629679,787.1,100,5,85,100,100,Poor,True
Sugarcane,0.5,21.7,58.6,5.45,1681.0,224.6,82.8,32.2,52.58,1862,333,0.96,7818,63,92015,1077.0,96,48,80,100,85,Moderate,True
Sugarcane,2.25,38.7,59.0,5.92,1874.0,84.3,73.3,75.5,50.57,1997,340,4.01,36389,62,398239,994.4,71,92,81,100,41,Moderate,True
Sugarcane,16.0,8.2,15.2,4.64,74.0,10.1,61.7,46.2,14.62,2307,368,13.24,242786,8,818720,237.2,5,5,5,5,5,Poor,True
Sugarcane,10.0,28.2,47.2,5.86,2174.0,161.8,58.3,20.3,52.03,2132,327,18.39,142912,64,1821050,1174.2,100,87,44,100,100,Moderate,True
Sugarcane,5.0,32.2,80.5,7.22,1692.0,152.6,38.9,23.0,77.05,1796,334,12.38,70842,99,1348375,1803.4,100,100,100,100,100,Good,True
Sugarcane,3.5,27.6,95.9,7.42,2148.0,223.0,56.8,57.4,38.48,2277,328,5.47,54484,43,471380,765.2,100,100,5,100,90,Poor,True
Sugarcane,1.5,35.0,44.2,5.95,1677.0,171.2,89.7,98.0,49.2,2189,324,2.72,24736,59,258300,944.2,100,95,34,100,100,Moderate,True
Sugarcane,3.5,33.0,66.8,5.56,1570.0,144.6,37.1,48.8,60.91,1812,334,7.06,51371,73,746148,1352.5,100,58,100,100,100,Moderate,True
Sugarcane,2.0,35.2,73.4,7.03,2028.0,194.9,76.2,61.5,72.01,1813,333,4.82,32392,99,504070,1456.2,100,100,100,100,100,Good,True
Sugarcane,10.0,12.6,33.2,4.93,3117.0,7.4,68.0,29.2,14.79,2351,375,8.48,153469,6,517650,237.3,5,5,5,13,5,Poor,True
Sugarcane,2.25,37.4,95.4,7.6,1601.0,211.0,84.0,58.9,37.84,2323,324,3.34,36846,42,297990,708.7,85,100,5,100,100,Poor,True
Sugarcane,0.25,20.7,60.4,5.66,2491.0,227.0,73.0,66.7,56.75,1864,335,0.49,3908,71,49656,1170.6,82,68,85,72,78,Moderate,True
Sugarcane,5.0,20.3,27.4,4.41,508.0,78.2,52.6,64.1,20.96,2351,339,4.94,78504,18,366800,367.2,76,5,5,5,35,Poor,True
Sugarcane,2.0,29.4,76.0,4.3,1709.0,207.5,41.2,98.2,37.68,1786,333,2.95,30893,42,263760,753.8,100,5,100,100,100,Poor,True
Sugarcane,12.25,25.9,65.0,7.51,1687.0,146.6,78.6,31.9,74.26,1865,332,30.72,190681,99,3183898,1569.8,100,100,100,100,100,Good,True
Sugarcane,10.0,31.5,65.6,6.82,1497.0,216.0,67.6,86.9,76.49,1836,336,25.37,161753,99,2677150,1555.1,100,100,100,100,100,Good,True
Sugarcane,1.5,24.5,74.7,6.61,1434.0,171.6,43.4,25.6,73.85,1814,324,3.74,21441,97,387712,1708.3,100,100,100,100,100,Good,True
Sugarcane,2.25,39.7,31.1,4.38,1164.0,45.3,35.2,86.8,22.78,2336,344,2.38,34259,18,179392,423.6,61,5,5,82,5,Poor,True
Sugarcane,16.0,9.4,58.0,7.48,1203.0,76.1,71.1,29.7,31.45,1876,359,21.71,240116,33,1761200,633.5,5,100,78,87,33,Poor,True
Sugarcane,3.0,32.3,81.9,6.89,1176.0,99.2,48.4,29.7,56.5,1742,324,5.95,42274,73,593250,1303.3,100,100,100,83,57,Moderate,True
Sugarcane,16.0,11.9,16.7,4.33,107.0,5.4,61.8,82.6,13.77,2252,363,13.14,252316,5,771120,205.6,5,5,5,5,5,Poor,True
Sugarcane,4.0,33.9,56.1,7.81,1212.0,201.8,36.5,60.1,59.84,2003,321,8.42,59270,79,837760,1313.5,100,80,72,88,100,Good,True
Sugarcane,5.0,38.3,21.2,4.51,1782.0,159.9,38.8,45.2,30.23,2297,345,6.57,74890,32,529025,606.4,75,5,5,100,100,Poor,True
Sugarcane,0.25,42.9,96.1,7.38,515.0,60.8,64.0,64.8,22.78,2362,361,0.26,3995,17,19932,398.9,27,100,5,5,16,Poor,True
Sugarcane,0.25,12.0,34.3,4.34,348.0,22.2,96.4,47.3,14.17,2251,369,0.22,3974,5,12399,212.0,5,5,5,5,5,Poor,True
Sugarcane,5.0,19.8,77.2,7.79,1727.0,232.1,36.0,76.3,58.58,1770,336,9.98,75022,71,1025150,1266.5,70,82,100,100,62,Moderate,True
Sugarcane,3.5,11.3,67.3,6.22,1803.0,0.4,51.8,23.1,31.73,1797,363,4.84,51438,32,388692,655.7,5,100,100,100,5,Poor,True
Sugarcane,10.0,44.0,97.0,8.55,354.0,10.8,86.7,48.3,15.4,2249,357,8.31,164810,6,539000,227.0,16,10,5,5,5,Poor,True
Sugarcane,1.0,26.0,70.7,7.34,1838.0,146.7,93.7,41.7,76.57,1774,319,2.33,16202,97,267995,1554.1,100,100,100,100,100,Good,True
Sugarcane,2.0,35.7,86.1,5.77,1606.0,210.6,63.2,95.7,67.7,1869,328,4.65,31588,86,473900,1400.3,100,78,89,100,100,Good,True
Sugarcane,9.0,27.1,97.0,5.72,1795.0,146.0,72.0,83.2,36.36,2268,338,13.07,146078,40,1145340,684.1,100,74,5,100,100,Poor,True
Sugarcane,1.0,10.1,98.0,8.71,82.0,38.5,79.6,51.5,14.57,2295,364,0.82,16057,5,50995,217.6,5,5,5,5,5,Poor,True
Sugarcane,0.5,37.2,80.6,7.5,1971.0,18.0,43.0,70.4,38.88,1863,332,0.75,7340,43,68040,827.0,87,100,100,100,5,Poor,True
Sugarcane,1.5,29.0,74.2,4.07,2147.0,192.0,45.7,54.1,38.38,1827,334,2.29,22703,42,201495,787.5,100,5,100,100,100,Poor,True
Sugarcane,4.0,41.1,77.1,7.97,1417.0,74.8,86.6,48.0,42.42,1812,360,6.36,64158,54,593880,825.7,47,65,100,100,31,Moderate,True
Sugarcane,10.0,31.6,83.2,6.66,2137.0,192.1,95.8,76.2,75.59,1815,333,25.94,167846,99,2645650,1476.2,100,100,100,100,100,Good,True
Sugarcane,10.0,35.3,64.6,7.61,2243.0,7.0,64.2,95.8,38.0,1882,331,15.3,164969,43,1330000,706.2,100,99,99,96,5,Poor,True
Sugarcane,6.25,26.8,84.3,7.4,1966.0,202.9,46.9,74.8,73.84,1804,325,15.74,95641,99,1615250,1588.9,100,100,100,100,100,Good,True
Sugarcane,7.5,44.0,75.9,5.91,2102.0,217.0,75.1,43.6,42.88,1762,364,11.82,117019,47,1125600,861.9,16,92,100,100,100,Moderate,True
Sugarcane,5.0,30.7,63.5,5.7,2525.0,153.5,85.1,33.3,59.95,1787,331,10.75,78130,77,1049125,1242.8,100,72,95,69,100,Good,True
Sugarcane,4.0,19.2,74.8,6.95,1742.0,96.3,45.8,23.0,53.33,1777,345,7.77,58011,70,746620,1187.0,62,100,100,100,54,Moderate,True
Sugarcane,2.25,25.3,72.9,7.01,1580.0,188.1,95.2,21.7,73.09,1788,335,5.6,36215,99,575584,1489.4,100,100,100,100,100,Good,True
Sugarcane,1.5,32.0,63.3,6.93,1976.0,224.5,49.7,43.2,70.86,1867,337,3.54,22339,90,372015,1565.3,100,100,95,100,86,Good,True
Sugarcane,10.0,26.0,89.2,6.09,2110.0,23.0,72.0,90.1,36.7,2033,326,14.34,165359,40,1284500,676.8,100,100,60,100,5,Poor,True
Sugarcane,6.25,28.5,66.8,6.83,2111.0,143.1,56.5,70.8,72.96,1749,333,15.22,96356,99,1596000,1556.4,100,100,100,100,100,Good,True
Sugarcane,0.5,35.9,70.7,6.18,1913.0,200.2,70.9,61.5,75.86,1780,327,1.29,7802,99,132755,1601.6,100,100,100,100,100,Good,True
Sugarcane,5.0,7.4,12.5,4.06,52.0,14.7,58.4,28.5,15.16,2338,356,4.22,77010,7,265300,244.5,5,5,5,5,5,Poor,True
Sugarcane,3.0,35.7,75.3,6.76,1357.0,185.6,99.2,93.7,74.4,1808,332,7.51,50830,99,781200,1436.9,100,100,100,100,100,Good,True
Sugarcane,3.5,23.2,52.2,7.77,1389.0,189.9,83.6,37.8,59.31,2005,326,6.91,55191,75,726548,1216.4,100,84,59,100,100,Moderate,True
Sugarcane,9.0,32.8,80.5,6.2,1306.0,172.1,63.6,65.9,76.14,1814,328,22.09,142234,99,2398410,1586.2,100,100,100,100,100,Good,True
Sugarcane,0.25,29.2,86.8,6.31,1375.0,90.4,51.7,35.8,52.62,1893,329,0.49,3780,66,46042,1118.0,100,100,83,100,48,Moderate,True
Sugarcane,0.25,7.8,22.2,8.69,3001.0,38.9,41.9,27.4,16.03,2292,372,0.21,3598,7,14026,289.8,5,5,5,24,5,Poor,True
Sugarcane,9.0,23.4,84.3,8.98,1946.0,169.2,53.4,67.4,40.07,1767,333,12.85,141226,45,1262205,793.7,100,5,100,100,100,Poor,True
Sugarcane,0.5,19.9,60.0,7.48,1210.0,195.8,61.3,38.2,59.52,1853,340,1.09,7443,80,104160,1299.4,71,100,84,88,100,Good,True
Sugarcane,12.25,24.3,81.7,6.07,2023.0,163.2,46.3,73.0,79.31,1815,331,30.82,191592,98,3400416,1674.8,100,100,100,100,100,Good,True
Sugarcane,2.0,35.0,71.0,6.76,1574.0,199.9,51.2,65.2,74.95,1771,328,4.99,30583,98,524650,1615.5,100,100,100,100,100,Good,True
Sugarcane,4.0,40.0,47.1,7.12,1467.0,82.2,58.5,76.1,44.22,2159,343,6.72,62853,51,619080,885.0,58,100,43,100,39,Moderate,True
Sugarcane,0.5,22.2,82.8,6.39,2134.0,185.7,54.0,95.2,74.8,1790,328,1.26,7751,99,130900,1588.8,100,100,100,100,100,Good,True
Sugarcane,10.0,41.9,58.9,5.86,2183.0,107.9,46.0,98.9,46.97,1856,362,17.79,151219,57,1643950,987.1,38,86,81,100,66,Moderate,True
Sugarcane,1.0,10.3,28.7,8.78,401.0,26.2,58.3,47.8,14.71,2291,363,0.85,15091,5,51485,241.2,5,5,5,5,5,Poor,True
Sugarcane,7.5,33.7,76.7,6.5,1526.0,157.0,80.4,77.4,77.52,1771,324,19.11,124619,99,2034900,1532.9,100,100,100,100,100,Good,True
Sugarcane,5.0,27.0,56.1,7.16,1184.0,112.6,97.0,69.1,60.86,1913,332,10.73,82027,77,1065050,1198.4,100,100,72,84,71,Good,True
Sugarcane,1.0,28.8,63.2,5.5,1584.0,83.1,75.3,56.5,48.57,1822,335,1.73,15891,56,169995,969.8,100,53,94,100,40,Moderate,True
Sugarcane,2.25,33.6,60.1,6.03,1124.0,190.3,37.3,56.4,63.91,1893,330,5.0,33278,85,503291,1412.4,100,100,85,76,100,Good,True
Sugarcane,10.0,29.3,67.6,6.52,2197.0,44.1,83.4,75.6,39.57,1777,337,14.86,165776,46,1384950,735.4,100,100,100,100,5,Poor,True
Sugarcane,1.0,38.1,62.3,6.99,867.0,86.4,40.8,60.5,46.23,1851,334,1.74,14697,57,161805,1000.9,78,100,92,41,43,Moderate,True
Sugarcane,7.5,41.6,50.0,7.58,1125.0,213.0,80.2,32.2,48.48,2078,348,13.48,119574,58,1272600,964.3,41,100,52,76,100,Moderate,True
Sugarcane,7.5,25.2,76.6,7.55,1531.0,205.3,94.3,83.4,72.86,1774,327,18.74,124065,98,1912575,1441.6,100,100,100,100,100,Good,True
Sugarcane,12.25,36.3,75.7,5.57,2932.0,227.6,86.8,85.8,42.81,1799,338,20.08,202975,49,1835479,804.3,97,59,100,30,76,Moderate,True
Sugarcane,3.0,20.0,71.1,6.48,1754.0,21.9,53.1,72.9,37.55,1815,332,4.39,47030,43,394275,738.3,73,100,100,100,5,Poor,True
Sugarcane,1.5,35.0,79.1,6.41,1565.0,210.4,88.5,32.3,76.47,1788,327,3.88,23376,97,401468,1617.4,100,100,100,100,100,Good,True
Sugarcane,6.25,22.6,80.9,6.15,1549.0,156.4,63.5,85.0,76.86,1790,336,15.81,100871,99,1681312,1566.8,100,100,100,100,100,Good,True
Sugarcane,3.0,25.8,48.5,6.27,2877.0,118.6,68.7,73.1,44.92,2109,326,5.26,47332,52,471660,896.5,100,100,48,36,77,Moderate,True
Sugarcane,12.25,15.4,17.0,8.63,800.0,115.3,85.4,91.6,21.59,2322,361,12.2,206443,15,925671,348.4,11,5,5,32,74,Poor,True
Sugarcane,9.0,24.0,84.1,6.91,1444.0,215.9,63.7,68.7,73.81,1855,321,22.73,142187,99,2325015,1535.2,100,100,100,100,100,Good,True
Sugarcane,0.25,36.0,82.0,6.45,1536.0,204.3,60.8,22.7,74.98,1774,326,0.63,3824,99,65608,1615.7,100,100,100,100,100,Good,True
Sugarcane,0.25,8.7,77.8,6.81,2131.0,203.8,63.4,38.3,37.26,1887,369,0.38,3891,44,32602,737.9,5,100,100,100,100,Poor,True
Sugarcane,5.0,23.3,74.0,8.03,843.0,208.5,52.4,68.6,47.86,1784,331,8.8,79311,58,837550,956.0,100,59,100,38,100,Moderate,True
Sugarcane,2.0,21.3,87.5,6.29,832.0,230.9,38.3,77.4,45.97,1918,335,3.46,30884,55,321790,941.9,90,100,76,37,65,Moderate,True
Sugarcane,9.0,43.7,28.0,8.59,3120.0,5.9,95.7,73.0,15.66,2377,358,8.04,151599,8,493290,225.4,19,6,5,13,5,Poor,True
Sugarcane,16.0,30.1,68.6,4.36,1752.0,155.8,72.0,39.0,39.08,1808,323,23.6,251052,41,2188480,771.7,100,5,100,100,100,Poor,True
Sugarcane,12.25,11.0,14.8,4.67,65.0,13.1,57.7,96.3,14.18,2334,372,10.37,194395,5,607968,212.7,5,5,5,5,5,Poor,True
Sugarcane,2.25,31.0,69.4,5.92,2032.0,48.4,55.3,30.1,39.17,1753,331,3.25,34112,44,308464,804.3,100,92,100,100,5,Poor,True
Sugarcane,0.25,24.6,77.7,6.67,1323.0,213.6,88.4,71.9,74.55,1785,332,0.64,4221,99,65231,1445.4,100,100,100,100,100,Good,True
Sugarcane,10.0,24.3,66.0,7.03,1780.0,213.4,53.0,69.7,78.21,1842,328,24.94,156182,99,2737350,1652.7,100,100,100,100,100,Good,True
Sugarcane,3.0,28.6,87.0,6.2,2183.0,78.1,42.2,98.8,47.13,1902,329,5.22,45748,58,494865,981.7,100,100,81,100,35,Moderate,True
Sugarcane,12.25,5.3,70.0,7.92,2409.0,22.2,84.0,24.4,29.96,1766,368,14.97,190735,31,1284535,573.5,5,70,100,80,5,Poor,True
Sugarcane,0.25,28.0,62.0,8.05,2021.0,99.0,87.3,53.9,56.1,1827,324,0.49,4047,69,49088,1112.9,100,57,91,100,57,Moderate,True
Sugarcane,1.5,27.8,80.0,6.11,89.0,160.8,69.3,83.0,38.48,1793,326,2.21,24595,42,202020,721.4,100,100,100,5,100,Poor,True
Sugarcane,0.25,43.7,77.2,7.13,338.0,189.5,89.9,20.1,31.94,1833,366,0.33,3869,36,27948,622.4,19,100,100,5,100,Poor,True
Sugarcane,3.0,38.2,86.4,6.23,1331.0,186.7,77.1,64.5,65.26,1854,339,7.04,47859,87,685230,1331.8,77,100,86,100,100,Good,True
Sugarcane,2.25,6.3,17.6,4.42,95.0,19.6,88.3,70.0,14.27,2287,369,1.91,37667,5,112376,198.3,5,5,5,5,5,Poor,True
Sugarcane,2.0,22.8,87.3,6.6,2018.0,43.4,63.5,35.7,38.67,1943,337,2.84,29943,37,270690,804.0,100,100,78,100,5,Poor,True
Sugarcane,0.25,24.7,95.8,7.2,2008.0,210.6,67.0,59.5,38.48,2314,327,0.38,3727,46,33670,803.4,100,100,5,100,100,Poor,True
Sugarcane,10.0,14.0,95.1,5.16,395.0,47.5,67.1,30.9,15.48,2333,366,8.64,155348,9,541800,248.8,5,21,5,5,5,Poor,True
Sugarcane,7.5,6.3,14.1,4.6,129.0,19.8,87.5,29.7,14.57,2387,370,6.18,121519,7,382462,214.7,5,5,5,5,5,Poor,True
Sugarcane,1.5,8.5,16.4,4.5,158.0,17.4,40.9,53.1,14.8,2302,375,1.24,21568,6,77700,260.3,5,5,5,5,5,Poor,True
Sugarcane,1.5,35.6,72.1,6.18,792.0,101.3,52.2,70.1,45.94,1791,331,2.57,23505,55,241185,926.1,100,100,100,31,59,Moderate,True
Sugarcane,16.0,28.6,84.9,7.04,871.0,95.0,71.4,53.1,50.17,1781,327,28.51,251242,60,2809520,1018.3,100,100,100,42,53,Moderate,True
Sugarcane,3.0,27.7,46.1,6.95,2877.0,115.1,62.4,41.9,43.01,2083,323,5.02,45287,52,451605,897.2,100,100,40,36,74,Moderate,True
Sugarcane,0.5,23.5,88.8,6.22,1631.0,212.6,88.6,31.8,63.5,2042,322,1.08,7808,79,111125,1323.2,100,100,64,100,100,Good,True
Sugarcane,1.5,12.0,16.7,4.57,160.0,14.9,98.4,31.2,14.62,2279,365,1.25,23462,5,76755,227.1,5,5,5,5,5,Poor,True
Sugarcane,10.0,41.0,23.4,8.43,2435.0,161.0,93.8,34.0,28.47,2226,350,12.37,158433,24,996450,528.9,47,21,5,78,100,Poor,True
Sugarcane,4.0,40.5,31.6,6.92,1855.0,124.9,52.5,88.8,34.24,2376,337,5.74,63288,36,479360,657.4,52,100,5,100,84,Poor,True
Sugarcane,3.5,22.9,82.2,6.07,1911.0,165.5,95.5,45.0,75.48,1862,321,8.71,57446,99,924630,1509.6,100,100,100,100,100,Good,True
Sugarcane,0.25,35.5,78.2,6.28,2136.0,175.5,93.5,53.2,75.87,1771,340,0.61,4060,99,66386,1535.1,100,100,100,100,100,Good,True
Sugarcane,2.0,34.6,79.8,7.06,1375.0,213.5,48.0,44.1,76.54,1789,332,5.02,30150,99,535780,1677.0,100,100,100,100,100,Good,True
Sugarcane,0.25,38.3,64.2,5.49,1039.0,189.3,66.4,80.8,50.58,1816,341,0.47,3910,61,44258,1031.9,76,51,97,65,100,Moderate,True
Sugarcane,3.0,40.5,56.7,7.59,1681.0,77.7,47.4,93.7,45.01,1946,345,5.23,46677,52,472605,912.5,52,100,74,100,34,Moderate,True
Sugarcane,1.5,30.2,79.0,7.65,1362.0,22.6,98.0,29.3,37.56,1790,328,2.22,24870,41,197190,692.9,100,95,100,100,5,Poor,True
Sugarcane,2.25,34.4,72.2,7.17,1588.0,163.9,51.6,97.7,73.49,1789,335,5.68,35727,99,578734,1519.9,100,100,100,100,100,Good,True
Sugarcane,1.5,28.1,11.2,6.44,1718.0,218.3,52.4,60.0,38.37,2299,322,2.14,23349,43,201442,762.7,100,100,5,100,100,Poor,True
Sugarcane,7.5,5.8,13.3,4.56,139.0,14.9,78.6,81.7,14.43,2276,370,6.43,123632,7,378788,206.4,5,5,5,5,5,Poor,True
Sugarcane,3.0,34.9,89.6,6.9,3200.0,198.3,67.1,94.3,35.76,2086,335,4.31,49456,37,375480,659.2,100,100,57,5,100,Poor,True
Sugarcane,1.0,6.7,87.3,6.67,2123.0,200.9,78.2,21.3,37.11,1989,360,1.41,15612,41,129885,732.0,5,100,78,100,100,Poor,True
Sugarcane,9.0,12.6,22.8,8.88,457.0,22.8,50.8,62.8,14.37,2288,370,7.48,135672,8,452655,233.6,5,5,5,5,5,Poor,True
Sugarcane,0.25,28.8,56.2,7.44,1856.0,96.4,30.5,69.8,58.09,1920,326,0.48,3611,71,50829,1307.6,100,100,72,100,54,Moderate,True
Sugarcane,6.25,35.8,49.3,7.81,1730.0,97.6,54.1,69.5,50.08,2043,328,11.8,95180,65,1095500,1051.0,100,80,50,100,55,Moderate,True
Sugarcane,6.25,33.1,67.1,6.89,1394.0,176.2,69.7,59.2,75.77,1806,328,15.83,98963,99,1657469,1574.8,100,100,100,100,100,Good,True
Sugarcane,3.5,40.0,72.6,7.03,1452.0,233.9,83.9,77.7,54.88,1762,346,6.8,57415,68,672280,1070.9,58,100,100,100,56,Moderate,True
Sugarcane,1.0,35.1,75.4,7.19,1481.0,183.9,97.9,83.7,77.44,1771,331,2.6,17666,99,271040,1434.2,100,100,100,100,100,Good,True
Sugarcane,16.0,43.2,94.6,4.08,213.0,9.0,63.6,37.3,15.43,2338,356,13.92,243949,9,864080,254.2,24,5,9,5,5,Poor,True
Sugarcane,10.0,32.2,49.2,7.08,1902.0,64.7,57.4,93.8,40.58,2012,327,15.94,161539,46,1420300,779.2,100,100,50,100,21,Moderate,True
Sugarcane,9.0,28.7,71.0,7.04,2165.0,190.5,30.8,76.8,74.09,1797,328,21.54,141870,99,2333835,1545.1,100,100,100,100,100,Good,True
Sugarcane,0.25,37.9,62.7,6.74,3200.0,212.3,90.4,28.3,37.67,1741,342,0.37,3991,41,32961,725.9,80,100,93,5,100,Poor,True
Sugarcane,10.0,29.9,19.1,5.77,1534.0,225.3,44.4,22.5,36.41,2324,320,14.48,149795,40,1274350,750.7,100,79,5,100,83,Poor,True
Sugarcane,1.5,10.4,62.2,6.0,1619.0,183.7,32.2,95.8,38.19,1893,374,2.24,22918,44,200498,774.8,5,100,91,100,100,Poor,True
Sugarcane,3.5,11.3,15.8,4.13,88.0,14.6,39.8,57.3,14.58,2278,369,2.97,49868,6,178605,258.2,5,5,5,5,5,Poor,True
Sugarcane,9.0,33.4,80.7,6.35,1902.0,217.6,97.3,87.1,76.5,1810,328,23.22,153797,99,2409750,1466.8,100,100,100,100,100,Good,True
Sugarcane,16.0,35.1,95.1,7.34,2025.0,194.4,77.8,61.7,38.93,2318,336,24.38,254606,45,2180080,756.3,100,100,5,100,100,Poor,True
Sugarcane,4.0,6.8,11.7,4.35,157.0,19.7,83.4,43.2,14.44,2358,371,3.37,63679,5,202160,217.5,5,5,5,5,5,Poor,True
Sugarcane,10.0,24.8,60.7,4.15,2188.0,217.5,30.5,69.4,37.43,1803,334,14.69,151057,43,1310050,767.3,100,5,86,100,100,Poor,True
Sugarcane,12.25,44.9,74.6,7.51,1718.0,183.6,47.7,73.9,39.06,1788,374,18.23,184819,47,1674698,806.1,6,100,100,100,100,Poor,True
Sugarcane,0.25,26.0,83.4,6.73,1712.0,209.5,60.6,77.3,76.57,1784,338,0.64,3869,98,66999,1631.7,100,100,100,100,100,Good,True
Sugarcane,9.0,9.4,17.0,4.61,81.0,10.9,34.6,70.0,14.45,2349,367,7.78,129247,5,455175,252.2,5,5,5,5,5,Poor,True
Sugarcane,4.0,34.7,53.9,6.13,754.0,128.7,81.1,48.3,43.98,2007,333,6.52,64671,49,615720,852.1,100,100,65,26,88,Moderate,True
Sugarcane,12.25,5.8,17.1,4.01,105.0,6.2,65.9,69.5,14.38,2271,375,10.57,188111,5,616542,227.8,5,5,5,5,5,Poor,True
Sugarcane,16.0,12.2,15.0,8.41,86.0,18.2,32.7,79.7,15.86,2323,368,13.5,247743,8,888160,258.5,5,23,5,5,5,Poor,True
Sugarcane,2.0,26.2,10.3,8.52,2042.0,136.6,91.4,71.2,32.3,2213,336,2.73,33655,37,226100,571.8,100,12,5,100,96,Poor,True
Sugarcane,2.0,24.8,41.8,6.02,3052.0,205.1,43.8,56.6,37.68,2159,325,3.05,30217,44,263760,772.9,100,100,26,19,100,Poor,True
Sugarcane,9.0,37.3,61.7,8.9,2326.0,28.3,97.0,22.4,32.07,1888,337,11.57,145530,31,1010205,594.2,87,5,90,88,5,Poor,True
Sugarcane,3.5,43.1,95.1,8.82,458.0,16.3,30.1,49.9,15.89,2302,358,3.06,50199,5,194652,287.8,25,5,5,5,5,Poor,True
Sugarcane,7.5,13.2,10.6,4.02,65.0,10.9,70.6,20.3,14.35,2335,365,6.2,115375,5,376688,226.5,5,5,5,5,5,Poor,True
Sugarcane,1.0,20.6,64.7,6.92,1748.0,17.9,85.2,46.5,36.65,1830,341,1.43,16283,43,128275,687.8,81,100,99,100,5,Poor,True
Sugarcane,2.25,6.2,94.5,5.0,385.0,24.7,52.2,21.5,14.55,2321,370,1.85,32038,5,114581,257.6,5,5,10,5,5,Poor,True
Sugarcane,0.25,43.2,14.3,8.82,274.0,12.3,85.5,64.2,15.3,2317,359,0.22,4079,5,13388,228.2,24,5,5,5,5,Poor,True
Sugarcane,0.5,6.4,96.2,4.28,3030.0,32.3,58.3,95.1,15.59,2341,372,0.44,8058,6,27282,238.6,5,5,5,21,5,Poor,True
Sugarcane,16.0,43.3,13.1,8.79,246.0,30.5,79.3,64.2,15.77,2282,360,14.18,250640,8,883120,252.3,23,5,5,5,5,Poor,True
Sugarcane,4.0,27.6,59.1,6.0,2953.0,205.1,42.4,23.2,46.0,1855,321,6.88,57626,55,644000,1017.6,100,100,81,28,100,Moderate,True
Sugarcane,2.25,8.3,50.1,6.66,154.0,47.6,47.8,97.1,22.92,2038,382,2.37,33759,18,180495,434.7,5,100,53,5,5,Poor,True
Sugarcane,7.5,38.6,57.1,5.85,1364.0,114.3,86.2,62.7,61.82,1907,336,15.45,120317,78,1622775,1248.7,73,85,75,100,73,Good,True
Sugarcane,4.0,12.2,10.1,4.61,121.0,17.6,60.2,83.9,14.82,2271,377,3.32,61450,7,207480,237.6,5,5,5,5,5,Poor,True
Sugarcane,1.0,39.0,37.9,8.51,616.0,198.3,45.4,96.6,26.58,2239,335,1.19,15529,23,93030,499.1,69,14,14,7,100,Poor,True
Sugarcane,12.25,8.0,16.9,4.24,160.0,13.9,42.7,46.1,14.77,2337,367,9.94,187477,5,633264,237.8,5,5,5,5,5,Poor,True
Sugarcane,6.25,34.1,83.7,6.43,1394.0,156.1,85.5,65.1,72.93,1750,336,15.6,103517,99,1595344,1441.1,100,100,100,100,100,Good,True
Sugarcane,3.0,22.7,50.0,7.0,2949.0,17.7,77.6,82.8,32.22,2048,335,3.86,49838,32,338310,578.8,100,100,53,29,5,Poor,True
Sugarcane,12.25,37.7,57.4,5.72,2169.0,220.9,99.3,83.8,62.39,1922,342,26.41,211202,81,2674971,1166.5,82,73,76,100,97,Good,True
Sugarcane,12.25,36.0,95.9,6.39,2103.0,197.0,62.7,97.7,38.8,2307,333,17.97,199310,43,1663550,734.7,100,100,5,100,100,Poor,True
Sugarcane,4.0,9.0,12.5,4.61,152.0,6.3,57.2,64.0,14.36,2329,372,3.28,62870,5,201040,219.8,5,5,5,5,5,Poor,True
Sugarcane,5.0,13.8,18.5,4.77,136.0,18.7,32.7,80.5,15.02,2263,366,4.2,74242,6,262850,254.0,5,5,5,5,5,Poor,True
Sugarcane,6.25,27.0,43.9,7.47,2540.0,209.3,91.5,72.7,48.5,2148,343,11.1,101274,58,1060938,947.6,100,100,33,68,100,Moderate,True
Sugarcane,0.5,24.9,77.3,7.44,2082.0,145.6,97.5,34.5,73.75,1816,321,1.24,8195,99,129062,1474.9,100,100,100,100,100,Good,True
Sugarcane,4.0,27.3,71.0,6.75,2393.0,171.2,84.4,36.1,68.75,1813,336,9.55,63676,89,962500,1411.6,100,100,100,82,100,Good,True
Sugarcane,1.5,41.4,69.2,8.1,2426.0,133.4,79.7,67.6,48.05,1725,350,2.66,24395,56,252262,934.1,43,53,100,79,93,Moderate,True
Sugarcane,5.0,9.4,18.3,4.16,3002.0,20.4,93.2,79.2,15.56,2336,360,4.36,82610,6,272300,229.6,5,5,5,24,5,Poor,True
Sugarcane,5.0,34.9,75.7,6.86,2290.0,95.8,91.9,87.7,54.92,1805,330,10.22,83947,73,961100,1044.9,100,100,100,91,53,Moderate,True
Sugarcane,6.25,10.1,19.5,8.53,1052.0,78.8,33.4,82.7,21.13,2272,371,6.43,92403,15,462219,400.2,5,11,5,66,35,Poor,True
Sugarcane,0.5,12.6,12.1,4.54,162.0,18.2,77.4,90.6,14.3,2284,376,0.42,7970,5,25025,214.0,5,5,5,5,5,Poor,True
Sugarcane,9.0,24.9,86.2,7.87,2668.0,120.2,40.2,49.2,55.71,1933,337,17.66,134256,69,1754865,1207.1,100,74,88,56,79,Moderate,True
Sugarcane,5.0,43.1,93.5,8.88,286.0,40.5,62.9,59.7,16.44,2283,359,4.46,73801,7,287700,289.8,26,5,19,5,5,Poor,True
Sugarcane,9.0,23.4,76.1,6.49,1537.0,157.8,49.9,66.6,77.5,1761,329,22.44,139237,99,2441250,1653.3,100,100,100,100,100,Good,True
Sugarcane,2.25,29.5,80.5,7.64,2489.0,156.4,51.9,74.7,62.97,1806,333,4.82,33894,85,495889,1363.1,100,96,100,73,100,Good,True
Sugarcane,10.0,10.8,12.5,4.64,92.0,17.7,33.0,52.2,14.44,2339,376,8.87,144800,5,505400,249.0,5,5,5,5,5,Poor,True
Sugarcane,3.0,29.7,68.0,6.34,1752.0,157.4,93.4,33.6,75.4,1818,324,7.47,49860,99,791700,1487.8,100,100,100,100,100,Good,True
Sugarcane,2.0,27.8,79.1,7.36,817.0,81.1,59.8,50.8,45.77,1848,340,3.38,30558,55,320390,948.5,100,100,100,34,38,Moderate,True
Sugarcane,9.0,19.2,59.9,5.62,1571.0,121.7,84.0,47.5,54.33,1831,341,17.2,148196,72,1711395,1054.8,62,64,84,100,81,Moderate,True
Sugarcane,10.0,43.7,31.1,8.42,210.0,55.6,66.1,96.4,16.68,2361,360,9.01,166563,10,583800,250.5,19,23,5,5,11,Poor,True
Sugarcane,2.0,22.9,78.3,6.58,1460.0,196.1,74.6,89.0,75.59,1737,324,5.08,33618,98,529130,1473.9,100,100,100,100,100,Good,True
Sugarcane,5.0,37.1,76.3,6.54,2737.0,225.7,81.9,57.0,53.03,1862,335,9.52,80032,66,928025,1059.6,89,100,100,49,82,Moderate,True
Sugarcane,9.0,38.9,41.2,5.9,2175.0,181.0,72.4,82.6,43.76,2167,333,14.74,146715,51,1378440,839.5,69,91,25,100,100,Moderate,True
Sugarcane,10.0,34.5,69.1,7.27,3200.0,219.3,65.5,37.8,38.17,1818,322,15.12,151311,42,1335950,782.9,100,100,100,5,100,Poor,True
Sugarcane,6.25,38.9,58.5,7.18,1138.0,170.8,77.0,46.4,60.8,1836,346,13.26,99448,76,1330000,1237.4,69,100,80,78,100,Good,True
Sugarcane,1.5,31.6,81.8,4.36,1483.0,61.9,87.7,99.3,33.59,1804,327,2.02,25773,36,176348,584.2,100,5,100,100,18,Poor,True
Sugarcane,9.0,32.8,76.3,6.97,1843.0,142.9,77.4,59.1,75.81,1773,340,22.47,142699,99,2388015,1573.5,100,100,100,100,100,Good,True
Sugarcane,6.25,43.8,93.5,4.56,244.0,32.1,67.4,51.0,15.13,2217,357,5.52,97729,11,330969,238.7,18,5,19,5,5,Poor,True
Sugarcane,0.5,43.8,18.5,8.69,148.0,45.0,45.7,81.2,14.96,2305,368,0.43,7685,9,26180,240.7,18,5,5,5,5,Poor,True
Sugarcane,2.25,43.5,93.7,7.42,1239.0,39.1,62.1,45.1,27.05,2246,368,2.72,34665,26,213019,514.5,21,100,18,92,5,Poor,True
Sugarcane,6.25,31.8,39.8,4.59,1907.0,31.2,71.6,24.3,26.43,2199,329,7.18,97455,26,578156,493.3,100,5,20,100,5,Poor,True
Sugarcane,2.25,23.0,68.0,7.27,1358.0,158.0,39.8,30.2,76.15,1754,328,5.84,32061,98,599681,1770.4,100,100,100,100,100,Good,True
Sugarcane,10.0,35.2,80.6,7.47,1338.0,140.2,48.7,59.0,76.9,1811,322,24.46,151950,98,2691500,1671.3,100,100,100,100,100,Good,True
Sugarcane,12.25,43.2,95.9,8.57,593.0,7.0,58.8,57.6,15.82,2358,365,10.61,191066,9,678282,255.0,24,8,5,5,5,Poor,True
Sugarcane,1.0,26.8,86.6,6.28,1163.0,161.8,35.2,53.4,66.96,1897,331,2.32,14538,86,234360,1512.1,100,100,85,81,100,Good,True
Sugarcane,6.25,21.9,83.8,8.97,2118.0,145.8,69.5,83.9,37.83,1713,328,9.64,100469,45,827531,723.7,99,5,100,100,100,Poor,True
Sugarcane,5.0,27.9,66.2,7.4,2180.0,185.4,85.9,28.9,75.87,1857,323,12.51,80780,99,1327725,1543.6,100,100,100,100,100,Good,True
Sugarcane,3.5,28.0,76.3,7.33,1636.0,183.9,41.2,64.1,76.17,1821,333,8.75,51587,99,933083,1708.8,100,100,100,100,100,Good,True
Sugarcane,4.0,32.8,33.2,6.04,2153.0,179.5,63.4,78.6,39.62,2331,327,6.21,63380,43,554680,775.2,100,100,5,100,100,Poor,True
Sugarcane,1.0,12.1,18.4,4.26,116.0,11.1,93.4,33.5,14.59,2309,372,0.82,16567,5,51065,208.2,5,5,5,5,5,Poor,True
Sugarcane,4.0,41.7,70.2,7.68,1884.0,177.8,40.5,98.3,51.69,1829,347,7.44,62015,64,723660,1066.9,40,92,100,100,100,Moderate,True
Sugarcane,7.5,24.1,43.3,5.89,1734.0,121.6,75.4,72.5,48.38,2167,341,13.03,121451,55,1269975,945.7,100,89,31,100,81,Moderate,True
Sugarcane,10.0,43.6,95.8,8.4,3135.0,36.9,33.6,97.6,17.18,2353,362,9.3,152536,9,601300,294.2,19,24,5,11,5,Poor,True
Sugarcane,7.5,33.6,86.8,7.56,1252.0,120.5,44.9,46.6,63.82,1879,332,17.03,107238,85,1675275,1462.2,100,100,83,94,79,Good,True
Sugarcane,2.0,44.5,70.7,6.48,1499.0,226.8,94.6,37.3,39.58,1828,361,3.07,31429,41,277060,781.5,10,100,100,100,79,Poor,True
Sugarcane,1.0,11.8,96.0,4.81,350.0,27.0,56.4,72.9,14.62,2312,368,0.85,15494,5,51170,230.3,5,5,5,5,5,Poor,True
Sugarcane,9.0,23.6,65.2,7.53,1582.0,195.0,87.4,31.4,77.25,1789,332,21.68,140340,99,2433375,1633.9,100,100,100,100,100,Good,True
Sugarcane,0.25,43.4,90.1,6.81,633.0,137.1,40.5,65.1,31.94,1986,360,0.33,3760,35,27948,643.3,22,100,52,9,97,Poor,True
Sugarcane,1.0,8.4,13.4,4.02,66.0,16.6,32.6,71.5,14.54,2318,368,0.85,15626,7,50890,225.7,5,5,5,5,5,Poor,True
Sugarcane,4.0,41.6,12.1,7.61,2873.0,135.6,42.1,24.5,30.25,2323,346,5.21,57608,29,423500,635.1,40,99,5,36,95,Poor,True
Sugarcane,12.25,30.3,64.7,6.4,2629.0,69.1,70.9,36.7,41.99,1884,323,19.71,186905,53,1800321,863.2,100,100,99,59,25,Moderate,True
Sugarcane,4.0,44.0,25.8,4.46,437.0,37.3,74.5,87.1,14.92,2375,366,3.47,67105,6,208880,211.3,16,5,5,5,5,Poor,True
Sugarcane,4.0,43.8,30.0,4.0,3168.0,7.3,33.9,64.7,15.79,2364,366,3.36,58950,5,221060,275.0,17,5,5,8,5,Poor,True
Sugarcane,16.0,13.0,15.1,4.52,117.0,9.2,61.8,24.3,14.36,2266,368,12.91,242869,6,804160,231.1,5,5,5,5,5,Poor,True
Sugarcane,2.0,33.9,76.9,6.01,2115.0,218.7,50.0,64.8,76.87,1813,327,4.88,30453,99,538090,1667.0,100,100,100,100,100,Good,True
Sugarcane,9.0,41.9,60.7,6.48,1406.0,147.6,64.4,63.3,50.29,1871,355,15.81,141598,60,1584135,1018.8,38,100,86,100,100,Moderate,True
Sugarcane,6.25,30.1,81.0,6.59,1965.0,209.5,92.2,83.1,76.51,1806,329,15.76,105604,99,1673656,1484.8,100,100,100,100,100,Good,True
Sugarcane,16.0,14.0,21.2,5.15,299.0,54.6,48.1,76.3,15.47,2302,372,14.27,243170,6,866320,256.3,5,19,5,5,10,Poor,True
Sugarcane,6.25,20.3,70.0,8.73,1430.0,153.7,64.4,21.1,36.35,1787,336,9.49,94573,39,795156,740.8,76,5,100,100,100,Poor,True
Sugarcane,3.0,27.5,63.7,7.21,1943.0,23.8,78.5,21.6,37.82,1830,330,4.42,45439,44,397110,773.9,100,100,96,100,5,Poor,True
Sugarcane,0.5,30.9,78.6,6.5,1616.0,215.6,59.9,86.4,76.97,1826,337,1.25,7862,99,134698,1613.3,100,100,100,100,100,Good,True
Sugarcane,1.5,43.8,33.1,8.51,3106.0,5.8,30.3,75.8,15.77,2399,360,1.31,22027,7,82792,275.9,17,14,5,14,5,Poor,True
Sugarcane,6.25,10.5,14.2,4.38,119.0,18.0,99.6,26.9,14.64,2300,372,5.04,101775,5,320250,214.7,5,5,5,5,5,Poor,True
Sugarcane,9.0,29.9,79.2,7.23,1543.0,147.0,93.3,61.1,75.72,1789,330,21.73,150850,98,2385180,1481.2,100,100,100,100,100,Good,True
Sugarcane,6.25,11.5,24.6,4.95,545.0,43.9,82.9,40.6,14.71,2322,374,5.4,100561,6,321781,220.0,5,5,5,5,5,Poor,True
Sugarcane,2.0,9.9,93.4,8.59,362.0,9.1,88.8,71.3,15.42,2176,354,1.68,32538,5,107940,231.7,5,6,20,5,5,Poor,True
Sugarcane,12.25,43.0,26.6,8.84,149.0,59.1,77.1,41.6,16.09,2343,352,10.71,187183,11,689859,268.5,26,5,5,5,15,Poor,True
Sugarcane,7.5,13.5,93.4,4.67,564.0,43.1,84.6,74.8,15.3,2233,365,6.33,124898,5,401625,221.6,5,5,20,5,5,Poor,True
Sugarcane,4.0,33.4,81.5,7.1,2469.0,104.8,64.0,91.9,59.44,1833,332,8.28,64663,73,832160,1186.9,100,100,100,74,63,Good,True
Sugarcane,6.25,19.7,13.5,6.34,400.0,189.8,63.0,42.8,30.38,2292,350,7.87,96257,29,664562,590.4,69,100,5,5,100,Poor,True
Sugarcane,3.0,25.8,72.7,6.11,1508.0,197.3,49.9,38.0,73.67,1800,334,7.53,44849,99,773535,1624.8,100,100,100,100,100,Good,True
Sugarcane,5.0,43.4,25.7,4.78,428.0,10.0,94.8,65.7,15.35,2288,357,4.41,85001,6,268625,216.0,22,5,5,5,5,Poor,True
Sugarcane,7.5,22.2,50.5,5.94,1772.0,97.6,30.0,74.1,53.22,2093,326,14.26,114594,69,1397025,1119.1,100,94,54,100,55,Moderate,True
Sugarcane,10.0,44.5,87.8,6.48,1899.0,148.5,32.0,34.1,39.83,1962,368,15.28,142219,42,1394050,880.2,10,100,73,100,100,Poor,True
Sugarcane,9.0,43.9,25.0,4.84,123.0,39.1,92.0,49.2,15.51,2291,362,7.87,145344,6,488565,236.1,17,5,5,5,5,Poor,True
Sugarcane,10.0,26.0,51.3,7.9,1781.0,155.4,73.7,68.2,56.6,2071,331,20.08,160403,72,1981000,1135.0,100,71,57,100,100,Moderate,True
Sugarcane,12.25,35.9,70.4,6.61,1733.0,199.2,48.8,56.9,74.3,1765,329,30.83,186193,99,3185612,1610.9,100,100,100,100,100,Good,True
Sugarcane,10.0,20.0,71.5,8.95,2198.0,135.4,52.5,89.4,36.48,1809,343,14.85,158318,39,1276800,706.5,74,5,100,100,95,Poor,True
Sugarcane,16.0,23.8,82.1,6.23,2028.0,207.6,99.1,79.9,75.41,1879,331,41.27,261549,99,4222960,1514.6,100,100,100,100,100,Good,True
Sugarcane,7.5,37.5,49.7,6.17,888.0,132.0,47.8,80.8,48.13,2027,332,13.5,110944,58,1263412,1038.8,84,100,52,44,92,Moderate,True
Sugarcane,3.5,18.9,44.5,7.39,1885.0,148.4,76.8,33.3,48.57,2133,338,6.16,53387,57,594982,1014.5,57,100,35,100,100,Moderate,True
Sugarcane,4.0,25.7,84.2,8.71,1719.0,186.1,84.5,36.9,37.51,1788,325,5.98,62571,44,525140,739.3,100,5,100,100,100,Poor,True
Sugarcane,1.5,35.4,62.5,8.92,2054.0,179.8,36.5,91.8,36.59,1875,329,2.25,22842,39,192098,741.0,100,5,92,100,100,Poor,True
Sugarcane,9.0,20.3,81.4,7.29,1619.0,87.1,43.1,56.7,51.88,1790,333,17.01,133199,64,1634220,1126.9,77,100,100,100,44,Moderate,True
Sugarcane,5.0,36.2,65.1,5.15,1388.0,84.7,82.6,79.3,41.15,1837,330,7.43,80425,43,720125,795.4,97,19,100,100,42,Moderate,True
Sugarcane,1.5,36.6,41.8,6.45,2850.0,107.4,84.0,74.9,39.41,2261,329,2.32,23709,48,206902,772.7,94,100,26,38,66,Moderate,True
Sugarcane,5.0,43.5,93.0,8.78,3069.0,33.7,73.1,51.3,16.85,2164,356,4.57,78308,9,294875,276.6,21,5,24,17,5,Poor,True
Sugarcane,6.25,25.4,34.8,6.94,201.0,11.7,96.9,83.8,27.15,2279,332,7.25,103737,28,593906,472.5,100,100,5,5,5,Poor,True
Sugarcane,1.5,25.1,25.4,7.67,2054.0,88.8,48.6,22.1,34.75,2340,348,2.15,21280,41,182438,757.3,100,93,5,100,46,Poor,True
Sugarcane,3.5,10.6,15.6,4.17,89.0,16.5,52.2,97.9,14.71,2318,367,2.88,54607,7,180198,230.0,5,5,5,5,5,Poor,True
Sugarcane,6.25,12.6,97.8,8.83,3115.0,37.8,87.3,26.1,15.16,2335,369,5.46,98866,5,331625,235.4,5,5,5,13,5,Poor,True
Sugarcane,1.0,38.1,54.8,5.44,1893.0,226.7,55.0,66.1,48.87,2008,342,1.85,15319,59,171045,1016.6,78,47,68,100,79,Moderate,True
Sugarcane,3.0,9.7,69.9,4.26,2011.0,144.6,43.9,42.0,32.0,1711,367,4.01,46003,35,336000,630.4,5,5,100,100,100,Poor,True
Sugarcane,3.5,28.4,86.0,7.09,2455.0,101.3,95.6,62.5,59.32,1876,335,7.1,58997,72,726670,1131.7,100,100,91,76,59,Moderate,True
Sugarcane,0.25,13.9,97.3,8.71,3173.0,51.8,50.8,86.1,14.67,2373,364,0.21,3797,7,12836,238.1,5,5,5,8,7,Poor,True
Sugarcane,3.5,12.4,15.2,4.71,123.0,16.9,90.5,77.5,13.93,2364,367,2.87,56422,7,170642,202.4,5,5,5,5,5,Poor,True
Sugarcane,16.0,25.5,83.6,6.62,1583.0,195.7,39.9,25.1,72.56,1761,329,39.52,221706,99,4063360,1732.8,100,100,100,100,100,Good,True
Sugarcane,10.0,35.3,35.4,8.86,841.0,145.8,49.6,44.4,29.12,2291,330,12.14,152764,26,1019200,567.2,100,5,6,38,100,Poor,True
Sugarcane,10.0,44.4,70.9,7.37,1974.0,146.5,97.1,58.5,39.71,1688,369,16.1,165430,44,1389850,740.1,11,100,100,100,100,Moderate,True
Sugarcane,0.5,32.0,66.4,6.8,1774.0,202.3,68.3,40.2,74.77,1777,333,1.24,8149,99,130848,1505.7,100,100,100,100,100,Good,True
Sugarcane,0.25,18.7,80.7,7.81,1856.0,176.1,63.2,83.6,54.71,1869,350,0.5,3879,71,47871,1134.1,56,80,100,100,100,Moderate,True
Sugarcane,3.5,34.7,81.4,7.31,1426.0,161.1,42.6,41.0,74.46,1783,327,8.49,51721,98,912135,1663.6,100,100,100,100,100,Good,True
Sugarcane,9.0,26.1,81.5,7.51,1793.0,170.8,35.5,34.7,74.54,1811,332,23.12,128507,99,2348010,1727.1,100,100,100,100,100,Good,True
Sugarcane,6.25,20.6,84.5,7.28,1827.0,162.5,53.5,23.8,67.87,1808,346,13.56,89307,86,1484656,1562.4,81,100,100,100,100,Good,True
Sugarcane,10.0,7.4,18.0,4.5,185.0,11.4,90.5,87.1,14.48,2339,372,8.33,168948,5,506800,200.0,5,5,5,5,5,Poor,True
Sugarcane,1.0,10.6,15.0,4.52,118.0,19.9,66.7,95.3,14.28,2240,372,0.83,15746,5,49980,217.4,5,5,5,5,5,Poor,True
Sugarcane,7.5,28.9,74.4,6.82,1403.0,203.4,53.1,42.3,75.8,1805,327,18.8,110595,99,1989750,1699.1,100,100,100,100,100,Good,True
Sugarcane,3.5,32.5,68.4,7.29,1808.0,199.1,65.9,90.7,74.28,1825,327,8.72,55252,98,909930,1546.9,100,100,100,100,100,Good,True
Sugarcane,10.0,11.8,19.7,4.19,51.0,18.8,94.8,30.9,14.34,2311,369,8.35,162878,5,501900,208.1,5,5,5,5,5,Poor,True
Sugarcane,4.0,42.4,99.2,8.92,1306.0,178.1,30.2,46.3,27.85,2331,358,5.09,56648,27,389900,588.3,32,5,5,100,100,Poor,True
Sugarcane,2.0,29.1,26.4,6.27,2024.0,12.8,78.9,36.7,31.89,2389,327,2.56,31236,33,223230,614.7,100,100,5,100,5,Poor,True
Sugarcane,2.0,9.4,97.2,4.95,3042.0,27.4,94.5,25.6,15.62,2329,364,1.74,30684,6,109340,256.3,5,5,5,20,5,Poor,True
Sugarcane,1.5,26.8,84.6,6.66,1773.0,133.8,55.2,64.4,74.47,1771,323,3.69,22282,95,390968,1654.6,100,100,100,100,93,Good,True
Sugarcane,9.0,22.5,80.3,6.14,125.0,181.0,90.7,25.0,39.42,1778,335,13.48,144318,42,1241730,760.4,100,100,100,5,100,Poor,True
Sugarcane,6.25,30.6,57.3,5.91,1046.0,112.7,95.9,57.2,57.39,1941,327,12.81,104140,74,1255406,1105.5,100,91,76,66,71,Moderate,True
Sugarcane,7.5,43.7,23.9,4.12,314.0,18.6,44.9,55.2,15.2,2279,358,6.41,111593,6,399000,257.5,19,5,5,5,5,Poor,True
Sugarcane,12.25,36.2,87.7,5.88,1803.0,165.7,77.3,84.7,64.34,1947,326,27.18,206184,84,2758578,1237.9,98,88,75,100,100,Good,True
Sugarcane,2.0,36.2,71.1,6.59,2594.0,78.9,94.0,77.2,47.32,1812,325,3.43,32865,58,331240,907.9,98,100,100,63,36,Moderate,True
Sugarcane,1.5,26.6,61.2,6.29,87.0,194.8,49.9,56.5,38.22,1858,328,2.26,22838,42,200655,778.6,100,100,88,5,100,Poor,True
Sugarcane,2.0,34.5,79.0,7.41,2122.0,214.2,91.2,53.5,70.63,1782,335,4.93,32821,97,494410,1406.4,100,100,100,100,100,Good,True
Sugarcane,4.0,13.8,15.0,8.82,3040.0,27.9,52.3,90.6,15.4,2344,376,3.38,63437,5,215600,239.9,5,5,5,20,5,Poor,True
Sugarcane,12.25,8.1,18.6,4.27,110.0,8.5,60.3,76.7,14.56,2390,370,10.18,184370,5,624260,238.6,5,5,5,5,5,Poor,True
Sugarcane,16.0,26.5,65.9,7.51,1453.0,174.0,50.8,61.8,74.13,1749,331,39.93,242486,99,4151280,1612.0,100,100,100,100,100,Good,True
Sugarcane,2.25,25.9,73.5,7.18,1420.0,163.0,32.0,70.3,75.31,1828,330,5.72,33703,99,593066,1659.7,100,100,100,100,100,Good,True
Sugarcane,0.5,27.0,57.0,5.69,320.0,34.3,76.4,76.4,29.24,1937,326,0.63,8394,29,51170,509.6,100,71,75,5,5,Poor,True
Sugarcane,6.25,28.7,80.7,6.29,1994.0,154.8,56.7,66.7,75.89,1783,328,14.9,94750,99,1660094,1652.1,100,100,100,100,100,Good,True
Sugarcane,12.25,35.7,78.8,6.72,2193.0,161.8,93.8,45.3,73.41,1782,328,29.68,202272,99,3147454,1456.1,100,100,100,100,100,Good,True
Sugarcane,2.25,13.6,12.7,4.47,157.0,12.9,51.7,62.9,14.68,2311,368,1.87,35168,5,115605,228.7,5,5,5,5,5,Poor,True
Sugarcane,7.5,31.1,97.5,6.58,1402.0,137.0,61.4,22.9,38.27,2299,321,11.28,115040,44,1004588,773.3,100,100,5,100,97,Poor,True
Sugarcane,12.25,30.8,82.6,7.02,2623.0,235.2,40.8,39.4,53.43,1787,327,23.32,174778,69,2290811,1210.7,100,100,100,60,52,Moderate,True
Sugarcane,3.0,40.0,85.0,8.18,1867.0,90.2,76.9,87.2,48.2,1776,349,5.15,48183,59,506100,950.4,58,45,100,100,47,Moderate,True
Sugarcane,12.25,6.5,16.2,4.44,186.0,6.4,81.4,89.2,14.58,2324,375,10.01,203226,5,625118,207.6,5,5,5,5,5,Poor,True
Sugarcane,3.0,13.4,24.3,4.08,2616.0,188.9,66.6,98.4,23.78,2327,366,3.32,48215,20,249690,417.9,5,5,5,61,100,Poor,True
Sugarcane,0.5,43.6,93.7,8.47,464.0,13.2,65.4,93.0,16.86,2180,369,0.46,7994,7,29505,269.1,20,17,18,5,5,Poor,True
Sugarcane,9.0,31.3,78.6,6.79,3084.0,193.7,61.4,38.1,43.74,1775,333,14.7,132909,51,1377810,936.7,100,100,100,16,100,Moderate,True
Sugarcane,9.0,31.0,70.4,4.44,1705.0,195.7,58.5,73.3,39.9,1793,325,13.32,139892,42,1256850,798.4,100,5,100,100,100,Poor,True
Sugarcane,12.25,7.0,12.2,4.51,102.0,18.1,83.0,96.5,14.95,2283,371,10.23,209077,5,640981,206.6,5,5,5,5,5,Poor,True
Sugarcane,2.0,43.5,32.5,8.83,340.0,8.1,53.1,47.2,15.74,2316,362,1.74,30171,8,110180,265.2,21,5,5,5,5,Poor,True
Sugarcane,5.0,22.4,52.8,7.71,1248.0,185.2,55.0,66.7,58.12,2001,322,10.01,74532,74,1017100,1264.6,100,89,61,93,100,Moderate,True
Sugarcane,12.25,35.2,75.8,7.55,1654.0,200.6,45.3,95.3,75.19,1813,332,30.68,190606,99,3223771,1591.3,100,100,100,100,100,Good,True
Sugarcane,3.0,25.3,84.8,6.85,1311.0,143.5,84.3,37.7,71.6,1843,328,7.41,47840,98,751800,1471.5,100,100,100,100,100,Good,True
Sugarcane,2.25,24.7,57.3,6.18,784.0,107.1,74.5,86.0,44.89,1963,331,3.78,35455,53,353509,897.1,100,100,75,30,65,Moderate,True
Sugarcane,2.0,36.1,97.4,6.14,1951.0,219.4,94.6,21.8,38.94,2319,335,3.03,32432,42,272580,740.5,99,100,5,100,100,Poor,True
Sugarcane,5.0,24.8,59.4,6.71,2134.0,83.5,79.6,83.1,51.84,1881,321,9.23,84175,64,907200,977.8,100,100,82,100,40,Moderate,True
Sugarcane,0.25,6.4,94.7,4.63,3041.0,40.7,50.5,28.3,15.84,2350,374,0.22,3648,7,13860,279.9,5,5,8,20,5,Poor,True
Sugarcane,4.0,30.6,71.7,7.09,1377.0,184.5,63.4,64.6,74.97,1777,331,9.97,61566,99,1049580,1604.8,100,100,100,100,100,Good,True
Sugarcane,7.5,44.4,83.8,7.59,1930.0,216.8,58.0,71.6,42.19,1839,365,11.96,118569,50,1107487,834.0,11,100,100,100,100,Moderate,True
Sugarcane,3.0,27.8,83.2,6.75,1795.0,152.6,46.3,51.3,73.12,1857,332,7.52,43242,99,767760,1675.5,100,100,100,100,100,Good,True
Sugarcane,5.0,36.5,88.6,5.9,129.0,192.8,49.5,73.7,34.99,1943,333,7.26,78072,39,612325,684.3,95,91,65,5,100,Poor,True
Sugarcane,2.0,23.3,74.5,4.75,1624.0,185.3,44.5,76.9,39.02,1790,333,2.99,29491,42,273140,826.2,100,5,100,100,100,Poor,True
Sugarcane,3.5,22.6,43.9,6.94,2976.0,84.4,73.7,25.6,38.51,2186,340,5.26,52748,42,471748,794.3,100,100,33,26,41,Poor,True
Sugarcane,6.25,26.9,72.2,7.13,1064.0,206.9,78.3,42.7,63.46,1777,332,13.47,99099,84,1388188,1300.8,100,100,100,68,100,Good,True
Sugarcane,3.5,37.6,81.8,5.9,1421.0,19.9,67.4,93.4,36.52,1824,347,5.11,59201,41,447370,655.7,83,90,100,100,5,Poor,True
Sugarcane,0.5,22.5,11.0,8.25,2684.0,47.8,73.0,95.2,25.65,2241,331,0.55,8159,25,44888,450.2,100,39,5,54,5,Poor,True
Sugarcane,16.0,34.6,79.2,5.54,1869.0,71.6,70.8,67.4,44.53,1844,324,27.08,251663,54,2493680,890.9,100,56,100,100,28,Moderate,True
Sugarcane,16.0,12.6,19.6,4.34,55.0,11.2,74.5,67.6,14.7,2245,368,13.79,259877,7,823200,216.8,5,5,5,5,5,Poor,True
Sugarcane,3.0,29.9,78.4,6.27,1542.0,94.0,44.4,26.8,57.12,1752,321,5.89,43660,71,599760,1273.7,100,100,100,100,51,Moderate,True
Sugarcane,9.0,7.3,68.1,7.04,1975.0,193.6,78.6,39.3,39.15,1813,370,13.62,145119,45,1233225,749.8,5,100,100,100,100,Poor,True
Sugarcane,12.25,30.9,75.9,6.8,1798.0,176.8,96.2,59.9,74.26,1761,329,30.71,202866,98,3183898,1469.5,100,100,100,100,100,Good,True
Sugarcane,16.0,32.7,74.7,7.57,1695.0,207.5,90.7,50.1,74.56,1757,327,40.33,266223,99,4175360,1468.4,100,100,100,100,100,Good,True
Sugarcane,7.5,26.8,32.3,6.12,1911.0,64.1,92.1,82.0,32.81,2276,318,10.17,125229,34,861263,587.8,100,100,5,100,20,Poor,True
Sugarcane,3.5,8.0,58.7,4.08,439.0,163.7,44.5,42.4,25.54,1878,369,3.98,50654,21,312865,517.7,5,5,80,5,100,Poor,True
Sugarcane,6.25,37.3,39.3,6.29,475.0,131.2,64.4,60.9,33.6,2218,340,8.2,94983,32,735000,673.8,86,100,19,5,91,Poor,True
Sugarcane,6.25,31.9,54.7,7.67,2725.0,205.6,62.3,99.8,51.98,1991,331,12.02,100977,68,1137062,1026.1,100,94,68,50,100,Moderate,True
Sugarcane,2.25,32.2,65.6,6.17,1996.0,128.2,94.8,49.3,69.94,1803,332,5.32,37631,94,550778,1363.6,100,100,100,100,88,Good,True
Sugarcane,10.0,24.9,44.5,6.9,1780.0,112.1,60.2,69.7,50.4,2174,324,17.4,156304,62,1764000,1028.6,100,100,35,100,71,Moderate,True
Sugarcane,6.25,35.4,81.0,7.35,1568.0,208.5,62.4,93.3,74.07,1793,324,16.03,99209,99,1620281,1533.2,100,100,100,100,100,Good,True
Sugarcane,6.25,19.0,74.4,5.51,2027.0,85.0,76.7,43.7,47.94,1801,349,10.74,98243,57,1048688,967.4,60,53,100,100,42,Moderate,True
Sugarcane,1.0,43.7,94.9,4.03,438.0,29.4,51.0,49.2,15.41,2315,367,0.88,14865,6,53935,262.8,19,5,6,5,5,Poor,True
Sugarcane,2.25,14.0,24.9,8.47,3013.0,54.2,84.2,71.6,16.84,2330,372,2.03,38148,10,132615,247.6,5,18,5,23,9,Poor,True
Sugarcane,3.0,10.5,21.1,4.73,3018.0,21.2,50.7,31.9,15.85,2242,375,2.56,44962,6,166425,270.1,5,5,5,22,5,Poor,True
Sugarcane,2.0,30.0,73.5,6.97,1682.0,160.1,86.3,23.2,75.89,1778,326,5.18,31584,99,531230,1582.0,100,100,100,100,100,Good,True
Sugarcane,9.0,22.1,75.7,6.8,2133.0,142.9,86.5,30.8,74.46,1736,332,22.53,138130,99,2345490,1598.0,100,100,100,100,100,Good,True
Sugarcane,4.0,37.6,66.5,5.59,2560.0,229.4,74.1,81.2,54.51,1886,341,7.94,66364,70,763140,1049.9,83,61,100,66,70,Moderate,True
Sugarcane,2.25,40.3,51.7,4.13,2219.0,109.4,51.0,24.5,30.8,1959,364,2.89,34056,28,242550,612.2,55,5,58,98,68,Poor,True
Sugarcane,1.0,12.4,13.6,4.69,76.0,19.1,85.0,79.0,14.22,2363,372,0.85,16431,5,49770,202.9,5,5,5,5,5,Poor,True
Sugarcane,2.0,30.0,62.5,7.03,944.0,150.7,49.9,99.3,57.15,1898,341,4.04,31802,70,400050,1157.9,100,100,92,52,100,Moderate,True
Sugarcane,4.0,25.8,46.4,7.19,1574.0,117.7,30.7,76.2,50.61,2191,325,7.21,57536,63,708540,1131.5,100,100,41,100,76,Moderate,True
Sugarcane,16.0,43.0,17.4,4.69,3020.0,44.5,76.2,48.3,16.59,2379,358,14.69,251138,8,929040,269.9,26,5,5,22,5,Poor,True
Sugarcane,9.0,22.3,75.3,6.12,2186.0,19.3,69.8,76.6,39.6,1800,320,14.06,138581,42,1247400,800.1,100,100,100,100,5,Poor,True
Sugarcane,0.5,36.6,89.4,8.79,1347.0,200.4,36.2,84.0,35.6,2003,338,0.69,7459,37,62300,735.2,94,5,58,100,100,Poor,True
Sugarcane,2.0,35.5,73.8,6.98,1978.0,199.4,75.9,92.3,74.38,1858,333,4.93,31815,99,520660,1536.5,100,100,100,100,100,Good,True
Sugarcane,6.25,7.9,14.1,4.07,185.0,6.3,97.7,29.1,14.11,2398,365,5.19,101879,5,308656,203.0,5,5,5,5,5,Poor,True
Sugarcane,3.5,27.6,80.0,7.18,1995.0,177.4,86.0,79.3,76.62,1820,326,8.69,58523,99,938595,1503.8,100,100,100,100,100,Good,True
Sugarcane,1.0,35.8,78.7,6.2,1424.0,191.9,81.1,38.7,77.33,1811,339,2.52,15248,98,270655,1675.0,100,100,100,100,100,Good,True
Sugarcane,3.5,26.9,50.7,6.35,2412.0,209.7,86.1,76.8,57.0,2045,330,7.08,58467,72,698250,1094.3,100,100,55,80,100,Moderate,True
Sugarcane,1.0,23.0,78.0,7.85,3200.0,162.0,78.4,91.4,36.48,1764,335,1.42,16235,44,127680,686.4,100,76,100,5,100,Poor,True
Sugarcane,0.25,30.2,84.6,7.36,1627.0,164.5,59.9,53.3,75.3,1783,325,0.61,3870,99,65888,1602.5,100,100,100,100,100,Good,True
Sugarcane,2.0,6.7,12.4,4.66,67.0,6.7,31.8,33.2,14.94,2297,364,1.66,28848,5,104580,262.5,5,5,5,5,5,Poor,True
Sugarcane,3.5,6.8,23.6,8.7,371.0,35.6,75.1,76.9,13.68,2359,365,3.0,58862,5,167580,184.7,5,5,5,5,5,Poor,True
Sugarcane,4.0,38.0,43.6,7.45,2890.0,74.3,70.5,74.2,38.38,2187,348,6.01,63762,43,537320,742.7,78,100,32,34,31,Poor,True
Sugarcane,10.0,28.7,81.3,7.58,1802.0,174.6,51.1,48.8,74.64,1795,324,25.01,150372,99,2612400,1637.3,100,100,100,100,100,Good,True
Sugarcane,1.0,6.7,18.2,4.09,136.0,13.9,65.9,25.6,14.48,2317,368,0.87,15124,5,50680,235.1,5,5,5,5,5,Poor,True
Sugarcane,3.5,35.7,46.9,7.5,1087.0,115.1,45.2,45.7,50.91,2124,330,6.35,50544,61,623648,1133.9,100,100,43,71,74,Moderate,True
Sugarcane,1.5,27.5,81.1,6.67,1601.0,171.9,97.5,78.2,79.71,1764,318,3.7,25101,99,418478,1567.2,100,100,100,100,100,Good,True
Sugarcane,12.25,12.3,95.2,4.59,554.0,43.0,93.1,27.4,14.77,2270,364,10.52,193600,5,633264,227.1,5,5,5,5,5,Poor,True
Sugarcane,4.0,36.5,57.9,7.99,1375.0,136.8,38.1,60.5,59.34,1945,331,8.22,59026,73,830760,1307.4,95,63,78,100,97,Moderate,True
Sugarcane,6.25,22.0,51.7,6.99,2120.0,99.6,83.4,43.2,57.5,1997,336,12.6,97535,67,1257812,1189.6,100,100,58,100,57,Moderate,True
Sugarcane,5.0,35.2,85.0,6.39,1503.0,206.9,52.5,89.3,75.36,1774,336,12.51,76461,99,1318800,1624.8,100,100,100,100,100,Good,True
Sugarcane,5.0,7.0,12.5,8.8,304.0,19.1,66.3,81.6,14.31,2295,364,4.1,78587,9,250425,218.7,5,5,5,5,5,Poor,True
Sugarcane,3.5,18.8,84.4,6.48,1106.0,140.7,55.1,88.8,55.4,1782,351,6.95,54785,72,678650,1138.8,57,100,100,74,100,Moderate,True
Sugarcane,9.0,21.2,61.5,6.72,3200.0,134.7,82.9,36.7,36.69,1933,333,12.9,141965,43,1155735,714.1,89,100,89,5,94,Poor,True
Sugarcane,3.5,43.2,34.1,4.11,3022.0,58.7,98.0,96.3,17.73,2331,355,3.16,61038,9,217192,255.8,24,5,5,22,14,Poor,True
Sugarcane,3.5,43.4,94.0,4.48,3078.0,55.3,90.4,97.4,17.21,2315,371,3.09,58572,9,210822,259.9,22,5,14,17,11,Poor,True
Sugarcane,6.25,41.8,51.0,7.84,2458.0,180.4,57.8,68.4,46.75,1993,354,10.4,95816,53,1022656,967.3,38,77,56,76,100,Moderate,True
Sugarcane,0.5,36.5,95.7,6.94,1793.0,138.2,34.1,59.5,38.34,2378,332,0.75,7341,43,67095,814.0,95,100,5,100,98,Poor,True
Sugarcane,7.5,12.7,30.0,8.42,3163.0,16.9,32.1,80.2,15.84,2311,364,6.17,111673,5,415800,272.3,5,22,5,8,5,Poor,True
Sugarcane,5.0,22.3,63.0,8.91,2124.0,208.9,50.0,75.7,38.22,1819,332,7.45,75390,43,668850,787.2,100,5,94,100,100,Poor,True
Sugarcane,5.0,11.2,15.5,4.5,148.0,8.7,53.5,78.6,14.57,2310,371,4.25,78495,6,254975,224.8,5,5,5,5,5,Poor,True
Sugarcane,0.5,12.6,14.9,4.11,178.0,9.9,67.9,75.4,14.51,2304,373,0.41,8074,6,25392,214.5,5,5,5,5,5,Poor,True
Sugarcane,9.0,43.4,29.1,8.78,3007.0,33.6,41.6,80.1,16.63,2307,363,8.09,134907,8,523845,288.3,21,5,5,23,5,Poor,True
Sugarcane,5.0,41.4,72.2,6.31,802.0,237.9,60.0,63.4,40.74,1710,352,7.96,78496,49,712950,808.3,43,100,100,32,43,Moderate,True
Sugarcane,0.25,13.2,15.5,4.39,109.0,13.4,74.4,31.6,14.24,2252,371,0.2,3849,5,12460,223.7,5,5,5,5,5,Poor,True
Sugarcane,3.0,24.9,71.7,6.11,1470.0,198.9,46.8,21.4,76.6,1725,328,7.53,44737,99,804300,1697.8,100,100,100,100,100,Good,True
Sugarcane,6.25,33.2,74.3,8.76,2069.0,130.2,55.5,44.9,37.79,1855,323,9.16,92602,44,826656,792.7,100,5,100,100,90,Poor,True
Sugarcane,2.25,43.2,97.7,4.12,148.0,30.2,54.2,33.5,15.46,2316,362,1.93,32983,9,121748,269.1,24,5,5,5,5,Poor,True
Sugarcane,0.25,22.7,46.0,4.61,1139.0,60.4,65.9,28.9,27.65,2163,327,0.3,3675,28,24194,558.3,100,5,40,78,16,Poor,True
Sugarcane,2.25,29.6,67.3,7.45,1507.0,209.2,84.3,40.2,73.48,1839,325,5.52,35779,99,578655,1517.3,100,100,100,100,100,Good,True
Sugarcane,10.0,5.7,14.4,4.44,156.0,15.7,79.2,91.3,14.71,2376,367,8.58,165913,6,514850,210.3,5,5,5,5,5,Poor,True
Sugarcane,9.0,41.7,45.1,7.7,932.0,108.2,35.1,63.1,40.62,2069,348,14.52,135126,47,1279530,846.9,39,91,37,50,66,Moderate,True
Sugarcane,3.5,6.0,73.9,6.54,1615.0,172.1,90.2,90.2,38.61,1766,365,5.23,56733,45,472972,733.7,5,100,100,100,100,Poor,True
Sugarcane,4.0,18.8,49.3,6.74,1652.0,211.7,35.3,61.3,53.56,2139,353,7.62,57472,65,749840,1204.7,57,100,50,100,100,Moderate,True
Sugarcane,12.25,32.6,63.5,7.49,2130.0,100.7,41.6,79.9,58.45,1859,333,24.82,192671,75,2506044,1200.7,100,100,95,100,59,Moderate,True
Sugarcane,2.0,24.6,69.1,7.5,1448.0,167.7,31.5,46.6,79.27,1788,327,4.82,28078,99,554890,1876.2,100,100,100,100,100,Good,True
Sugarcane,16.0,18.6,66.8,5.9,1117.0,51.6,81.9,60.1,33.88,1782,348,21.9,258695,35,1897280,633.4,54,90,100,75,7,Poor,True
Sugarcane,3.5,28.0,79.2,6.45,1408.0,219.9,47.3,60.5,72.91,1806,329,8.82,54007,99,893148,1553.8,100,100,100,100,100,Good,True
Sugarcane,10.0,29.7,80.7,7.08,1755.0,181.0,47.9,87.9,72.43,1854,333,25.05,154889,98,2535050,1536.7,100,100,100,100,100,Good,True
Sugarcane,6.25,30.7,95.3,7.24,1306.0,148.5,86.5,35.9,38.47,2343,335,9.42,98916,42,841531,750.8,100,100,5,100,100,Poor,True
Sugarcane,16.0,34.2,84.3,7.0,2111.0,205.2,91.4,74.1,74.35,1798,326,39.39,256044,99,4163600,1526.1,100,100,100,100,100,Good,True
Sugarcane,2.25,30.3,38.3,8.96,2558.0,70.8,58.7,53.9,26.12,2274,327,2.64,35732,26,205695,475.7,100,5,16,66,27,Poor,True
Sugarcane,0.5,25.8,86.8,6.29,1470.0,84.0,30.6,99.4,52.04,1867,337,0.91,7304,62,91070,1146.9,100,100,83,100,41,Moderate,True
Sugarcane,12.25,23.7,68.6,7.35,1801.0,176.4,89.6,27.4,74.27,1770,325,30.66,195766,99,3184326,1526.6,100,100,100,100,100,Good,True
Sugarcane,6.25,21.1,57.7,6.15,2435.0,88.7,96.9,71.5,50.98,1840,334,12.14,105774,63,1115188,954.3,87,100,77,78,46,Moderate,True
Sugarcane,1.5,10.5,54.7,4.75,740.0,104.5,86.0,57.7,23.44,1984,363,1.58,24269,19,123060,407.1,5,5,67,24,63,Poor,True
Sugarcane,1.0,8.4,96.6,8.8,3154.0,41.2,91.2,95.4,14.93,2345,362,0.86,17185,7,52255,204.1,5,5,5,9,5,Poor,True
Sugarcane,3.5,43.3,12.5,4.31,3016.0,6.8,37.9,35.1,16.65,2356,361,3.1,50864,10,203962,301.0,23,5,5,22,5,Poor,True
Sugarcane,2.25,13.2,97.1,8.49,3193.0,14.5,64.1,65.6,15.03,2413,363,1.87,35920,5,118361,229.5,5,15,5,6,5,Poor,True
Sugarcane,1.5,29.6,67.9,6.91,1862.0,175.4,79.9,66.1,74.66,1796,335,3.84,23500,98,391965,1567.9,100,100,100,100,100,Good,True
Sugarcane,2.25,29.9,78.7,5.92,1386.0,191.0,91.3,29.9,70.94,1735,337,5.35,35734,96,558652,1463.4,100,92,100,100,100,Good,True
Sugarcane,3.5,12.3,15.9,4.28,93.0,16.2,59.9,46.3,13.98,2286,368,2.95,54642,6,171255,213.4,5,5,5,5,5,Poor,True
Sugarcane,3.0,28.8,73.0,7.3,2145.0,215.4,39.7,26.8,75.66,1730,335,7.5,43167,99,794430,1740.4,100,100,100,100,100,Good,True
Sugarcane,9.0,20.7,71.5,5.94,1032.0,92.8,81.9,75.7,51.29,1853,328,16.75,146605,65,1615635,1002.0,82,94,100,64,50,Moderate,True
Sugarcane,1.5,40.8,79.4,7.94,1448.0,236.1,89.0,75.9,49.17,1722,351,2.75,24685,60,258142,945.7,49,68,100,100,49,Moderate,True
Sugarcane,9.0,28.7,78.7,6.9,1424.0,167.8,54.8,54.8,75.1,1894,335,22.56,129014,99,2365650,1733.6,100,100,100,100,100,Good,True
Sugarcane,0.25,9.3,11.7,4.01,52.0,11.2,95.1,91.1,14.56,2321,358,0.21,4240,5,12740,200.5,5,5,5,5,5,Poor,True
Sugarcane,12.25,44.6,71.2,7.07,1879.0,227.3,51.4,66.4,37.79,1809,371,18.94,187070,45,1620246,766.1,10,100,100,100,77,Poor,True
Sugarcane,5.0,12.0,17.0,4.26,78.0,9.7,38.2,52.7,14.06,2231,366,4.21,75242,5,246050,227.0,5,5,5,5,5,Poor,True
Sugarcane,3.5,21.2,97.5,6.3,1252.0,199.2,49.5,78.6,37.06,2327,338,5.1,52828,40,453985,759.4,89,100,5,93,100,Poor,True
Sugarcane,1.0,34.6,66.5,6.15,1457.0,26.9,36.4,96.4,38.59,1762,329,1.53,15290,43,135065,783.4,100,100,100,100,5,Poor,True
Sugarcane,7.5,29.1,69.2,6.21,1939.0,201.3,89.7,24.2,74.38,1769,328,19.24,120709,99,1952475,1517.5,100,100,100,100,100,Good,True
Sugarcane,16.0,9.0,14.7,4.77,66.0,15.2,73.6,70.9,14.52,2337,378,13.2,249761,5,813120,225.6,5,5,5,5,5,Poor,True
Sugarcane,2.25,29.6,81.8,4.45,1320.0,171.8,32.9,41.6,40.34,1790,326,3.26,33123,46,317678,859.1,100,5,100,100,100,Poor,True
Sugarcane,2.25,43.1,93.4,4.21,243.0,48.3,92.1,91.4,17.27,2128,361,2.02,38851,9,136001,250.1,26,5,20,5,5,Poor,True
Sugarcane,1.0,26.5,73.4,7.18,1702.0,192.7,44.1,37.1,76.16,1776,321,2.46,14284,99,266560,1766.1,100,100,100,100,100,Good,True
Sugarcane,9.0,6.5,15.3,4.38,104.0,11.1,64.4,99.5,14.35,2252,361,7.59,143930,6,452025,214.1,5,5,5,5,5,Poor,True
Sugarcane,5.0,22.4,88.4,8.2,822.0,180.2,38.7,36.6,44.0,1939,333,8.5,73015,54,770000,954.6,100,43,67,35,100,Moderate,True
Sugarcane,3.5,13.3,14.1,4.26,91.0,11.8,79.8,27.7,14.39,2302,363,2.94,54182,5,176278,225.3,5,5,5,5,5,Poor,True
Sugarcane,1.0,33.9,68.2,7.33,1620.0,176.6,35.8,61.4,77.7,1829,337,2.67,14946,99,271950,1719.6,100,100,100,100,100,Good,True
Sugarcane,2.25,7.2,97.3,8.74,118.0,31.8,70.4,29.3,14.62,2259,366,1.89,34266,5,115132,236.0,5,5,5,5,5,Poor,True
Sugarcane,0.25,8.7,10.8,4.75,89.0,10.7,75.5,97.4,14.06,2390,363,0.21,4342,6,12302,183.3,5,5,5,5,5,Poor,True
Sugarcane,0.5,15.0,95.9,8.49,3102.0,58.4,42.9,59.8,16.45,2299,376,0.45,7292,7,28788,294.8,5,16,5,14,14,Poor,True
Sugarcane,0.25,35.8,42.9,7.68,2520.0,149.9,80.5,58.6,45.01,2151,328,0.43,4119,54,39384,856.2,100,92,30,70,100,Moderate,True
Sugarcane,1.5,16.7,70.7,8.86,1537.0,0.9,62.8,64.8,27.92,1778,349,1.81,23687,26,146580,518.8,28,5,100,100,5,Poor,True
Sugarcane,0.5,27.4,47.0,6.78,2508.0,133.7,38.5,31.8,50.8,2121,333,0.91,7357,64,88900,1108.4,100,100,43,71,93,Moderate,True
Sugarcane,1.5,7.2,13.3,4.08,63.0,14.7,84.0,86.3,14.48,2358,370,1.28,25610,6,76020,196.8,5,5,5,5,5,Poor,True
Sugarcane,12.25,18.5,76.6,6.57,2281.0,144.3,68.5,33.1,56.25,1782,351,24.73,177929,70,2411719,1255.4,52,100,100,92,100,Moderate,True
Sugarcane,9.0,11.6,53.5,8.86,275.0,81.8,58.4,78.2,20.24,1972,371,8.93,139584,12,637560,356.8,5,5,64,5,39,Poor,True
Sugarcane,6.25,24.1,79.5,7.05,1563.0,211.4,40.4,54.4,73.88,1811,329,15.42,93499,99,1616125,1628.5,100,100,100,100,100,Good,True
Sugarcane,9.0,41.4,85.9,6.75,724.0,114.2,99.8,56.7,40.11,1808,350,13.81,150050,45,1263465,742.0,43,100,91,22,73,Poor,True
Sugarcane,3.5,34.6,46.5,7.13,1430.0,186.3,58.7,52.2,52.99,2149,332,6.63,55628,63,649128,1066.9,100,100,41,100,100,Moderate,True
Sugarcane,1.5,38.0,57.7,8.88,2329.0,0.2,31.0,74.6,28.91,1891,336,1.85,21833,30,151778,595.2,79,5,77,88,5,Poor,True
Sugarcane,0.5,20.4,57.3,5.76,1755.0,200.0,82.2,20.8,62.93,1931,343,1.09,7984,80,110128,1279.4,78,77,76,100,100,Good,True
Sugarcane,12.25,39.6,86.8,7.91,882.0,111.2,83.0,67.5,46.34,1820,355,19.93,204652,54,1986828,870.8,61,70,83,43,70,Moderate,True
Sugarcane,2.25,21.7,67.2,5.43,1803.0,113.1,98.9,55.8,51.78,1815,336,4.21,36321,62,407768,1022.7,96,45,100,100,72,Moderate,True
Sugarcane,5.0,12.3,14.9,4.62,129.0,12.7,81.3,93.5,14.27,2366,364,4.17,81021,6,249725,208.2,5,5,5,5,5,Poor,True
Sugarcane,6.25,35.9,80.4,6.45,1985.0,213.8,79.4,54.8,75.8,1766,329,15.16,102051,99,1658125,1524.8,100,100,100,100,100,Good,True
Sugarcane,7.5,19.1,62.6,7.02,1589.0,106.9,86.5,66.4,57.7,1809,345,15.61,121714,68,1514625,1144.4,61,100,92,100,65,Moderate,True
Sugarcane,6.25,26.2,67.2,6.84,1150.0,195.4,41.5,59.9,67.01,1829,335,14.69,92470,86,1465844,1485.2,100,100,100,80,100,Good,True
Sugarcane,2.25,24.1,69.5,6.73,2092.0,192.0,88.8,80.2,74.81,1766,336,5.83,37339,99,589129,1477.8,100,100,100,100,100,Good,True
Sugarcane,1.0,22.9,73.9,6.65,1445.0,161.1,32.5,97.1,75.02,1796,328,2.51,15229,99,262570,1624.1,100,100,100,100,100,Good,True
Sugarcane,1.5,19.7,79.0,5.81,1212.0,187.1,92.3,38.8,62.12,1796,344,3.11,23840,78,326130,1268.0,69,82,100,88,100,Good,True
Sugarcane,7.5,43.4,94.5,5.04,3130.0,48.9,77.1,41.5,16.62,2279,368,6.67,120196,9,436275,263.0,22,9,10,12,5,Poor,True
Sugarcane,1.5,9.1,95.0,4.11,3111.0,32.4,70.4,20.3,14.92,2270,369,1.29,22692,5,78330,245.2,5,5,5,13,5,Poor,True
Sugarcane,2.0,6.9,80.7,6.09,2101.0,170.2,82.8,24.9,39.18,1755,369,2.99,32010,41,274260,756.8,5,100,100,100,100,Poor,True
Sugarcane,3.0,8.9,11.8,4.49,197.0,5.9,38.8,79.5,14.79,2328,366,2.43,45402,5,155295,242.0,5,5,5,5,5,Poor,True
Sugarcane,2.25,11.0,19.0,4.28,193.0,10.6,61.0,39.3,14.26,2338,376,1.83,34994,5,112298,220.9,5,5,5,5,5,Poor,True
Sugarcane,1.0,24.7,65.0,7.12,1528.0,217.7,72.8,77.3,73.73,1814,325,2.51,16431,99,258055,1470.5,100,100,100,100,100,Good,True
Sugarcane,12.25,32.7,67.0,7.1,1399.0,180.7,32.3,99.4,75.45,1793,330,30.08,194066,99,3234919,1566.9,100,100,100,100,100,Good,True
Sugarcane,3.5,28.1,67.6,7.03,1964.0,215.8,82.7,85.6,73.92,1771,329,8.56,57162,98,905520,1484.1,100,100,100,100,100,Good,True
Sugarcane,6.25,12.0,10.4,4.3,100.0,11.5,54.0,71.8,14.28,2366,363,5.3,93910,5,312375,232.6,5,5,5,5,5,Poor,True
Sugarcane,2.0,43.6,20.5,4.58,112.0,27.0,94.7,52.7,15.64,2285,357,1.76,33064,5,109480,231.1,20,5,5,5,5,Poor,True
Sugarcane,6.25,32.8,14.9,5.98,1333.0,142.5,45.2,40.6,38.69,2300,329,9.62,91551,44,846344,824.5,100,98,5,100,100,Poor,True
Sugarcane,12.25,11.0,94.9,7.49,562.0,189.3,66.4,57.2,26.82,2349,365,13.94,193819,25,1149908,493.3,5,100,6,5,100,Poor,True
Sugarcane,0.25,23.7,95.5,7.62,1460.0,150.6,82.6,36.6,38.95,2252,330,0.38,3966,40,34081,759.3,100,99,5,100,100,Poor,True
Sugarcane,6.25,29.0,75.5,7.49,2133.0,145.0,32.5,84.8,77.08,1822,329,16.04,92589,99,1686125,1721.1,100,100,100,100,100,Good,True
Sugarcane,1.0,11.5,18.2,4.59,157.0,5.8,68.0,66.7,14.28,2290,350,0.83,15519,5,49980,222.1,5,5,5,5,5,Poor,True
Sugarcane,16.0,35.0,81.5,6.67,1590.0,153.2,40.0,36.6,75.23,1798,325,40.46,235258,98,4212880,1690.7,100,100,100,100,100,Good,True
Sugarcane,10.0,19.7,50.5,7.13,943.0,75.7,95.5,22.7,40.28,2046,346,15.77,158312,46,1409800,790.5,69,100,54,52,32,Moderate,True
Sugarcane,3.5,11.7,10.1,4.16,85.0,16.4,77.8,70.6,14.86,2316,371,2.99,55760,5,182035,226.5,5,5,5,5,5,Poor,True
Sugarcane,4.0,10.8,24.3,4.15,220.0,37.6,86.1,71.3,14.36,2329,367,3.43,64247,5,201040,212.9,5,5,5,5,5,Poor,True
Sugarcane,6.25,29.1,69.6,6.54,1564.0,201.8,56.0,94.8,74.44,1842,328,15.88,101044,99,1628375,1511.6,100,100,100,100,100,Good,True
Sugarcane,3.0,44.6,70.9,7.85,1798.0,186.1,67.8,91.5,37.59,1800,370,4.54,47682,44,394695,727.8,9,76,100,100,100,Poor,True
Sugarcane,1.0,25.0,74.3,7.18,2108.0,198.3,75.7,50.9,74.6,1804,319,2.5,16478,99,261100,1484.5,100,100,100,100,100,Good,True
Sugarcane,3.0,25.9,46.5,6.0,2412.0,169.8,55.9,76.5,52.35,2178,330,5.61,47115,62,549675,1066.7,100,100,41,80,100,Moderate,True
Sugarcane,3.5,7.8,17.3,4.55,64.0,12.3,78.8,83.3,14.53,2274,375,2.98,57850,5,177992,207.7,5,5,5,5,5,Poor,True
Sugarcane,1.5,43.3,18.7,8.63,352.0,19.5,97.3,62.1,15.61,2297,365,1.29,25370,7,81952,223.0,23,5,5,5,5,Poor,True
Sugarcane,1.0,23.8,64.9,7.52,2249.0,237.9,68.9,70.9,53.34,1795,328,1.85,15627,65,186690,1094.7,100,100,100,95,43,Moderate,True
Sugarcane,0.25,32.4,73.4,6.9,2021.0,160.2,70.1,37.7,77.37,1792,332,0.63,3865,99,67699,1651.6,100,100,100,100,100,Good,True
Sugarcane,16.0,20.9,78.0,6.4,387.0,211.1,77.4,26.4,36.59,1778,330,23.69,242792,43,2049040,743.9,85,100,100,5,100,Poor,True
Sugarcane,2.0,37.7,80.0,7.93,2489.0,104.0,56.1,39.0,56.68,1849,338,3.94,29613,71,396760,1239.8,82,68,100,73,62,Moderate,True
Sugarcane,0.5,27.2,73.4,6.1,1409.0,161.0,36.6,60.8,74.33,1799,322,1.25,7525,99,130078,1628.6,100,100,100,100,100,Good,True
Sugarcane,12.25,28.9,68.6,6.34,2021.0,42.1,59.4,47.6,39.01,1750,333,18.24,186793,42,1672554,795.4,100,100,100,100,5,Poor,True
Sugarcane,2.25,9.3,93.1,8.86,3047.0,40.5,45.6,43.8,16.49,2274,369,1.97,32592,9,129859,298.4,5,5,23,20,5,Poor,True
Sugarcane,4.0,21.7,71.9,6.9,3200.0,193.3,47.3,64.8,39.97,1736,325,6.09,60677,43,559580,822.2,96,100,100,5,100,Poor,True
Sugarcane,1.0,8.2,16.2,4.71,50.0,12.9,43.0,31.7,15.0,2337,373,0.83,14710,5,52500,256.9,5,5,5,5,5,Poor,True
Sugarcane,2.25,36.6,44.4,6.59,1328.0,207.0,62.9,33.5,50.29,2201,335,4.21,33626,61,396034,1077.8,94,100,35,100,100,Moderate,True
Sugarcane,10.0,5.9,13.5,4.61,86.0,15.2,50.6,65.8,14.48,2340,371,7.96,148968,6,506800,240.2,5,5,5,5,5,Poor,True
Sugarcane,12.25,23.5,65.3,6.48,1389.0,204.1,99.0,38.2,72.49,1775,331,30.63,206701,99,3108009,1403.6,100,100,100,100,100,Good,True
Sugarcane,7.5,20.1,87.6,7.43,1416.0,16.6,53.6,67.7,35.19,1952,341,10.84,119698,37,923737,671.7,74,100,76,100,5,Poor,True
Sugarcane,3.5,43.4,96.7,8.79,3106.0,16.9,33.8,79.1,16.11,2372,356,2.98,51713,6,197348,281.6,21,5,5,14,5,Poor,True
Soybean,6.25,37.6,16.6,4.59,192.0,19.1,56.6,50.1,0.71,661,111,3.38,27289,11,204125,648.0,33,5,5,5,48,Poor,True
Soybean,7.5,29.6,32.7,6.9,577.0,38.2,77.8,97.8,1.89,588,98,7.77,35315,62,652050,1746.4,100,100,34,100,100,Moderate,True
Soybean,4.0,29.9,65.5,6.56,683.0,47.5,54.6,51.2,2.89,502,101,5.64,16822,99,531760,3061.1,100,100,100,100,100,Good,True
Soybean,0.25,27.3,60.9,6.36,81.0,75.3,41.9,78.4,1.37,505,99,0.21,1063,40,15755,1382.1,100,100,100,5,94,Poor,True
Soybean,12.25,39.0,15.0,4.21,82.0,19.7,59.8,51.3,0.69,641,111,6.42,53284,13,388815,629.7,17,5,5,5,51,Poor,True
Soybean,4.0,36.9,62.2,4.17,130.0,109.7,60.2,77.6,0.98,493,110,2.5,17577,23,180320,925.9,42,5,100,5,58,Poor,True
Soybean,6.25,18.4,36.4,6.23,618.0,126.4,80.9,79.8,1.77,579,104,6.06,29269,55,508875,1638.6,81,100,48,100,40,Moderate,True
Soybean,4.0,18.5,94.7,6.71,753.0,28.6,51.7,93.9,1.37,653,105,3.24,17646,42,252080,1328.5,82,100,5,100,93,Poor,True
Soybean,2.0,29.1,50.0,6.51,816.0,43.6,61.3,81.5,2.7,506,99,2.9,8759,99,248400,2735.9,100,100,100,100,100,Good,True
Soybean,0.25,21.2,60.2,6.21,526.0,68.6,92.1,70.2,2.79,504,100,0.34,1155,99,32085,2677.9,100,100,100,100,100,Good,True
Soybean,1.5,28.9,57.9,6.36,568.0,64.1,43.8,57.5,2.74,515,100,2.12,6282,99,189060,2909.6,100,100,100,100,100,Good,True
Soybean,0.5,40.5,13.2,4.94,2294.0,9.4,95.6,76.6,0.55,668,113,0.24,2367,5,12650,434.4,5,5,5,5,5,Poor,True
Soybean,12.25,27.0,64.1,6.44,472.0,121.8,76.3,71.1,1.98,503,100,13.11,54663,64,1115730,1941.1,100,100,100,91,45,Moderate,True
Soybean,3.5,26.7,33.7,6.27,934.0,111.3,69.1,21.2,1.79,590,101,3.39,15001,57,288190,1821.1,100,100,38,89,56,Moderate,True
Soybean,5.0,25.7,68.6,6.09,603.0,61.3,54.5,59.3,2.92,506,101,6.82,20546,99,671600,3168.8,100,100,100,100,100,Good,True
Soybean,10.0,26.8,90.4,6.51,625.0,61.7,47.8,59.5,1.45,657,100,8.49,41941,44,667000,1490.3,100,100,5,100,100,Poor,True
Soybean,12.25,19.4,53.1,8.09,1342.0,136.3,44.9,96.8,1.46,507,100,10.22,53804,46,822710,1429.1,93,35,100,38,30,Poor,True
Soybean,12.25,25.5,18.1,7.03,503.0,52.0,82.1,82.9,1.43,653,98,10.15,57509,44,805805,1301.2,100,100,5,100,100,Poor,True
Soybean,2.25,24.5,51.6,6.44,633.0,45.0,96.1,46.0,2.9,494,99,3.12,10724,98,300150,2698.9,100,100,100,100,100,Good,True
Soybean,1.0,31.4,65.0,7.13,540.0,52.8,65.1,65.8,2.92,498,99,1.39,4330,99,134320,3002.1,100,100,100,100,100,Good,True
Soybean,12.25,40.6,23.9,8.78,169.0,19.6,49.1,85.2,0.66,636,111,6.42,52553,10,371910,607.7,5,5,5,5,51,Poor,True
Soybean,0.25,39.5,16.1,4.32,98.0,8.2,32.8,32.6,0.57,621,110,0.12,1004,5,6555,552.9,11,5,5,5,5,Poor,True
Soybean,0.25,17.9,23.5,4.23,2596.0,129.0,88.0,51.2,0.78,651,103,0.14,1167,13,8970,668.6,75,5,5,5,38,Poor,True
Soybean,16.0,31.6,68.2,6.66,170.0,46.8,48.6,37.8,1.42,514,102,13.45,66810,42,1045120,1464.3,100,100,100,5,100,Poor,True
Soybean,10.0,39.9,18.9,5.2,162.0,12.6,34.4,61.7,0.62,645,109,4.89,41570,7,285200,586.1,6,24,5,5,17,Poor,True
Soybean,4.0,6.8,39.7,5.55,1904.0,76.4,30.0,44.0,1.04,557,112,2.66,16026,24,191360,1094.1,5,57,61,5,93,Poor,True
Soybean,0.5,37.1,29.1,6.01,1380.0,91.9,81.4,66.6,1.36,626,111,0.4,2288,37,31280,1267.1,39,100,20,33,77,Poor,True
Soybean,7.5,22.2,57.2,6.34,821.0,34.1,76.0,90.5,2.78,501,100,10.31,34829,99,959100,2653.7,100,100,100,100,100,Good,True
Soybean,16.0,19.6,51.9,5.61,1325.0,127.2,59.8,34.9,1.69,511,101,15.44,65562,55,1243840,1797.2,96,63,100,40,40,Moderate,True
Soybean,2.0,21.4,58.3,6.36,526.0,48.2,38.1,47.0,2.85,495,101,2.78,8023,99,262200,3168.1,100,100,100,100,100,Good,True
Soybean,5.0,20.2,64.3,7.17,600.0,30.7,99.0,39.0,2.82,515,100,6.85,22856,99,648600,2737.8,100,100,100,100,100,Good,True
Soybean,2.0,23.2,54.7,6.87,880.0,9.1,58.4,45.0,1.47,506,100,1.69,8595,42,135240,1473.5,100,100,100,96,5,Poor,True
Soybean,4.0,19.2,74.4,4.55,504.0,58.5,74.7,92.2,1.34,538,99,3.05,18505,38,246560,1232.4,91,5,72,100,100,Poor,True
Soybean,10.0,6.8,80.9,5.51,1010.0,120.4,45.0,49.8,1.02,629,111,6.48,41269,21,469200,1036.9,5,54,31,80,47,Poor,True
Soybean,9.0,20.3,63.3,6.62,878.0,7.1,80.1,52.1,1.5,494,100,7.36,39466,44,621000,1473.5,100,100,100,96,5,Poor,True
Soybean,0.25,30.9,64.2,7.15,654.0,65.2,37.0,37.9,2.81,501,100,0.36,1055,99,32315,2963.0,100,100,100,100,100,Good,True
Soybean,2.0,23.6,55.0,6.48,673.0,56.8,52.0,79.9,2.81,491,101,2.74,8584,98,258520,2911.6,100,100,100,100,100,Good,True
Soybean,7.5,24.5,70.4,6.47,348.0,65.9,83.6,22.1,2.06,509,100,8.33,33472,70,710700,2023.3,100,100,97,52,100,Moderate,True
Soybean,10.0,30.6,60.8,7.01,760.0,32.3,71.0,82.8,2.77,498,100,13.94,46586,99,1274200,2635.2,100,100,100,100,100,Good,True
Soybean,3.0,40.4,17.9,4.01,199.0,18.3,34.8,88.4,0.63,635,110,1.49,12962,9,86940,570.7,5,5,5,5,44,Poor,True
Soybean,10.0,23.4,64.5,4.86,770.0,43.9,93.8,64.7,1.44,496,100,8.04,47262,42,662400,1301.5,100,5,100,100,100,Poor,True
Soybean,3.0,24.3,52.1,6.13,650.0,146.5,56.9,93.1,1.69,513,100,2.86,13702,52,233220,1602.1,100,100,100,100,19,Moderate,True
Soybean,3.5,28.2,59.3,6.71,796.0,44.3,86.6,67.8,2.97,490,99,4.74,16096,99,478170,2870.7,100,100,100,100,100,Good,True
Soybean,3.0,18.8,59.2,7.49,794.0,7.8,70.5,35.2,1.33,506,101,2.44,12838,41,183540,1329.7,85,79,100,100,5,Poor,True
Soybean,10.0,18.8,37.7,8.1,715.0,124.6,58.1,82.8,1.62,576,103,8.96,45002,46,745200,1555.9,86,34,53,100,42,Moderate,True
Soybean,6.25,33.6,51.1,6.22,456.0,107.7,56.2,90.2,2.2,507,104,7.01,28453,74,632500,2123.0,81,100,100,86,60,Moderate,True
Soybean,7.5,8.0,91.6,8.56,89.0,14.6,72.7,31.8,0.59,624,110,3.68,33118,8,203550,514.6,5,5,5,5,27,Poor,True
Soybean,2.25,41.8,12.2,4.72,105.0,9.2,54.7,96.9,0.54,662,111,1.01,10271,5,55890,444.2,5,5,5,5,5,Poor,True
Soybean,3.0,6.7,88.4,8.3,2444.0,8.3,33.7,99.4,0.59,655,110,1.48,12508,8,81420,550.9,5,20,5,5,5,Poor,True
Soybean,2.0,25.5,66.0,7.03,792.0,51.9,44.9,89.8,2.84,510,100,2.78,8404,99,261280,3009.0,100,100,100,100,100,Good,True
Soybean,12.25,42.7,91.3,4.19,127.0,18.6,85.2,79.3,0.66,638,113,6.37,58037,9,371910,540.8,5,5,5,5,46,Poor,True
Soybean,0.5,31.6,56.2,6.74,754.0,55.9,80.5,72.0,2.74,505,101,0.69,2211,97,63020,2750.3,100,100,100,100,100,Good,True
Soybean,3.5,43.4,19.9,4.47,175.0,19.1,60.1,59.2,0.65,638,112,1.75,15027,9,104650,596.4,5,5,5,5,48,Poor,True
Soybean,2.0,28.3,60.6,6.12,506.0,36.8,36.5,28.8,2.77,500,102,2.84,7849,99,254840,3146.8,100,100,100,100,100,Good,True
Soybean,10.0,9.3,19.0,5.04,185.0,7.9,42.7,48.6,0.55,632,112,4.8,41116,5,253000,515.3,5,8,5,5,5,Poor,True
Soybean,0.5,26.0,51.6,6.68,508.0,8.8,70.7,93.2,1.46,506,100,0.41,2202,45,33580,1425.0,100,100,100,100,5,Poor,True
Soybean,9.0,21.8,70.9,5.61,1117.0,34.7,34.2,83.0,2.22,507,100,10.25,36260,74,919080,2434.7,100,63,94,66,100,Moderate,True
Soybean,5.0,24.4,70.2,6.5,1399.0,129.5,45.5,83.3,1.64,495,98,4.55,21606,51,377200,1645.8,100,100,99,31,37,Moderate,True
Soybean,5.0,31.5,70.2,5.92,1281.0,63.0,87.1,47.3,1.98,517,100,5.22,23595,66,455400,1830.1,100,92,99,45,100,Moderate,True
Soybean,3.5,28.9,57.7,6.39,518.0,51.5,60.1,72.6,2.85,498,100,4.89,15257,99,458850,2907.5,100,100,100,100,100,Good,True
Soybean,16.0,9.0,96.2,8.64,1668.0,10.4,54.1,27.1,0.55,626,113,7.49,65871,5,404800,514.5,5,5,5,5,7,Poor,True
Soybean,16.0,17.8,36.8,7.2,579.0,108.1,39.9,23.9,1.96,570,104,17.17,65567,63,1442560,2100.1,74,100,50,100,60,Moderate,True
Soybean,0.25,25.1,61.5,6.36,832.0,52.3,45.2,53.8,2.88,496,99,0.34,1066,99,33120,3006.9,100,100,100,100,100,Good,True
Soybean,2.0,24.3,48.5,5.99,746.0,5.6,85.0,82.1,1.37,519,97,1.65,9331,42,126040,1250.8,100,99,94,100,5,Poor,True
Soybean,0.25,42.7,90.1,7.84,834.0,149.4,86.5,87.2,0.87,635,112,0.15,1171,18,10005,754.4,5,53,5,100,16,Poor,True
Soybean,0.25,23.9,62.7,6.79,745.0,44.0,91.4,76.1,2.76,516,103,0.35,1158,99,31740,2640.9,100,100,100,100,100,Good,True
Soybean,3.5,15.8,45.8,7.31,1431.0,78.5,78.4,60.0,1.59,531,105,3.12,15663,46,255990,1534.4,50,92,84,26,91,Moderate,True
Soybean,6.25,25.9,60.1,6.78,781.0,67.4,37.2,23.1,2.77,484,102,8.8,24748,99,796375,3117.9,100,100,100,100,100,Good,True
Soybean,2.0,34.9,55.4,6.1,1289.0,143.3,84.2,87.3,1.5,518,106,1.68,9315,43,138000,1381.5,66,100,100,44,23,Poor,True
Soybean,6.25,21.2,57.7,7.06,691.0,63.0,49.1,65.1,2.77,507,98,8.73,27168,99,796375,2831.3,100,100,100,100,100,Good,True
Soybean,0.25,20.4,50.5,4.28,725.0,76.8,87.4,20.9,1.4,501,100,0.2,1108,41,16100,1353.1,100,5,100,100,93,Poor,True
Soybean,4.0,41.8,18.5,4.27,186.0,12.5,59.0,30.5,0.57,657,113,1.88,16666,6,104880,529.3,5,5,5,5,17,Poor,True
Soybean,9.0,17.6,42.8,6.29,646.0,29.5,96.1,41.0,2.29,540,102,11.03,40172,84,948060,2260.0,72,100,72,100,98,Good,True
Soybean,5.0,22.4,52.0,6.88,593.0,55.6,57.9,67.5,2.87,497,100,6.96,21339,99,660100,2993.4,100,100,100,100,100,Good,True
Soybean,0.25,19.6,93.3,6.53,500.0,46.4,70.0,23.2,1.46,615,100,0.2,1026,45,16790,1536.5,95,100,5,100,100,Poor,True
Soybean,4.0,25.2,58.3,4.14,817.0,32.8,51.4,73.2,1.47,515,101,3.43,17590,41,270480,1437.7,100,5,100,100,100,Poor,True
Soybean,7.5,28.4,64.8,6.92,585.0,36.1,76.1,43.2,2.81,496,100,10.36,32842,99,969450,2851.9,100,100,100,100,100,Good,True
Soybean,16.0,24.5,59.4,5.81,918.0,82.9,55.1,94.4,2.47,478,99,20.79,71461,88,1817920,2443.9,100,82,100,91,86,Good,True
Soybean,7.5,27.4,60.4,6.58,628.0,46.8,99.8,55.4,2.69,510,99,10.61,35053,99,928050,2547.6,100,100,100,100,100,Good,True
Soybean,3.0,22.2,38.5,4.95,2307.0,106.7,61.8,80.2,1.02,554,101,2.05,13377,25,140760,952.3,100,5,56,5,61,Poor,True
Soybean,1.0,23.6,52.1,6.78,743.0,56.0,72.3,90.3,2.82,517,102,1.41,4434,99,129720,2825.6,100,100,100,100,100,Good,True
Soybean,16.0,37.3,27.6,4.48,2821.0,193.4,64.7,62.0,0.62,638,106,8.11,70366,10,456320,548.5,38,5,15,5,5,Poor,True
Soybean,12.25,41.4,11.2,4.79,151.0,10.6,66.3,66.6,0.55,608,112,5.98,53301,5,309925,481.5,5,5,5,5,8,Poor,True
Soybean,1.0,42.9,95.1,8.76,2607.0,11.5,83.8,44.7,0.56,646,111,0.47,4331,6,25760,494.8,5,5,5,5,12,Poor,True
Soybean,10.0,24.7,60.9,6.44,703.0,69.4,66.5,41.6,2.82,514,100,14.29,41820,98,1297200,3001.9,100,100,100,100,100,Good,True
Soybean,0.25,28.2,59.3,7.09,2551.0,40.7,63.8,23.7,1.5,499,100,0.21,1012,45,17250,1604.5,100,100,100,5,100,Poor,True
Soybean,2.25,39.8,13.8,4.67,162.0,17.3,50.7,32.7,0.62,629,111,1.15,8997,8,64170,613.2,8,5,5,5,40,Poor,True
Soybean,16.0,21.0,58.8,6.84,609.0,31.1,92.8,85.7,2.75,510,98,22.56,76160,99,2024000,2557.6,100,100,100,100,100,Good,True
Soybean,0.25,23.2,49.8,6.75,1414.0,149.1,64.8,30.6,1.44,499,100,0.21,1047,42,16560,1481.7,100,100,99,29,16,Poor,True
Soybean,9.0,31.1,50.7,7.17,611.0,42.7,36.1,95.0,2.9,495,99,12.69,37373,99,1200600,3112.5,100,100,100,100,100,Good,True
Soybean,12.25,20.6,60.7,5.83,1050.0,79.6,52.6,41.9,2.4,516,99,15.34,51400,85,1352400,2531.1,100,84,100,75,90,Good,True
Soybean,0.5,29.5,89.4,7.23,483.0,56.2,88.2,20.1,1.38,651,100,0.42,2167,43,31740,1364.7,100,98,5,95,100,Poor,True
Soybean,4.0,39.2,18.4,4.67,96.0,10.9,34.4,34.4,0.56,653,110,1.89,15692,5,103040,556.6,14,5,5,5,9,Poor,True
Soybean,6.25,34.1,43.3,6.95,1132.0,75.4,55.3,87.9,2.22,551,102,7.02,28068,75,638250,2173.9,75,100,74,64,94,Moderate,True
Soybean,4.0,39.6,96.5,4.24,2120.0,5.2,72.9,86.3,0.57,637,108,1.9,17862,5,104880,487.2,10,5,5,5,5,Poor,True
Soybean,1.0,38.6,16.6,4.19,69.0,15.8,38.7,68.4,0.67,638,111,0.52,4057,7,30820,659.7,22,5,5,5,32,Poor,True
Soybean,0.5,22.7,92.5,7.26,776.0,79.4,92.2,38.1,1.43,647,99,0.41,2295,42,32890,1333.1,100,96,5,100,90,Poor,True
Soybean,0.5,37.8,18.1,4.73,146.0,6.1,90.3,84.6,0.59,644,106,0.25,2262,5,13570,499.9,32,5,5,5,5,Poor,True
Soybean,3.5,9.2,15.4,8.68,2362.0,5.7,40.4,94.2,0.55,618,110,1.67,15157,5,88550,484.2,5,5,5,5,5,Poor,True
Soybean,16.0,25.5,67.8,5.93,716.0,26.5,59.9,62.5,2.6,520,97,20.38,70631,91,1913600,2609.3,100,93,100,100,83,Good,True
Soybean,6.25,31.1,11.4,5.85,470.0,54.2,65.2,72.3,1.39,666,98,5.18,27652,40,399625,1345.2,100,86,5,90,100,Poor,True
Soybean,3.0,22.6,66.0,6.69,510.0,63.9,97.2,84.3,2.74,503,98,4.31,14298,99,378120,2544.6,100,100,100,100,100,Good,True
Soybean,0.25,27.7,23.6,5.55,2923.0,68.8,62.4,81.8,1.12,653,100,0.18,1104,29,12880,1066.7,100,58,5,5,100,Poor,True
Soybean,1.5,24.6,54.2,7.88,1034.0,70.6,82.8,54.8,2.0,500,101,1.58,6703,65,138000,1958.8,100,50,100,77,99,Moderate,True
Soybean,12.25,27.4,89.7,6.67,840.0,46.2,61.6,42.6,1.46,631,100,10.37,51797,43,822710,1488.3,100,100,5,100,100,Poor,True
Soybean,9.0,43.6,13.5,4.1,82.0,15.5,65.2,96.0,0.62,650,110,4.48,40384,7,256680,535.6,5,5,5,5,31,Poor,True
Soybean,3.5,42.0,85.2,8.41,1763.0,19.5,77.6,80.6,0.67,632,110,1.83,15302,10,107870,604.9,5,11,5,5,50,Poor,True
Soybean,2.25,29.3,55.8,6.05,752.0,68.2,68.7,46.5,2.81,508,100,3.17,10062,99,290835,2790.4,100,100,100,100,100,Good,True
Soybean,1.0,40.0,15.0,4.61,2218.0,11.5,94.1,76.7,0.57,624,109,0.47,4596,5,26220,470.5,5,5,5,5,12,Poor,True
Soybean,0.25,31.4,50.3,6.82,553.0,60.8,67.3,63.2,2.85,510,101,0.35,1112,99,32775,2847.4,100,100,100,100,100,Good,True
Soybean,5.0,31.6,51.8,6.18,751.0,47.0,97.9,43.9,2.82,501,100,7.03,23507,99,648600,2659.2,100,100,100,100,100,Good,True
Soybean,2.0,31.8,73.7,6.62,680.0,7.2,80.6,30.4,1.35,521,99,1.68,8691,42,124200,1329.1,100,100,76,100,5,Poor,True
Soybean,2.0,20.7,53.3,6.25,702.0,35.4,73.8,45.1,2.8,490,101,2.76,9017,99,257600,2756.8,100,100,100,100,100,Good,True
Soybean,0.5,33.9,76.6,5.59,1140.0,34.9,35.1,87.4,1.96,578,100,0.51,2093,65,45080,2053.8,77,61,58,63,100,Moderate,True
Soybean,12.25,22.8,34.8,8.08,1369.0,25.6,45.1,92.9,1.55,587,103,10.7,53701,45,873425,1526.5,100,36,42,34,79,Moderate,True
Soybean,1.5,22.1,63.4,6.16,544.0,44.1,68.9,68.3,2.78,507,100,2.16,6527,99,191820,2838.9,100,100,100,100,100,Good,True
Soybean,5.0,19.1,63.5,5.49,1217.0,26.7,37.2,82.2,1.94,510,101,5.09,20970,61,446200,2027.8,90,52,100,54,84,Moderate,True
Soybean,3.0,27.9,15.9,6.23,589.0,58.7,63.7,43.6,1.41,641,102,2.55,12918,43,194580,1406.3,100,100,5,100,100,Poor,True
Soybean,3.5,25.9,55.0,6.34,579.0,51.8,92.9,26.6,2.71,502,98,4.99,15345,99,436310,2743.3,100,100,100,100,100,Good,True
Soybean,9.0,42.5,12.6,4.0,173.0,5.2,57.1,42.2,0.56,670,112,3.99,39497,5,231840,487.0,5,5,5,5,5,Poor,True
Soybean,0.5,29.5,40.2,7.62,542.0,92.6,50.0,31.4,2.11,535,98,0.56,2006,71,48530,2319.2,100,69,63,100,76,Moderate,True
Soybean,1.0,31.4,63.2,7.16,892.0,6.9,51.4,76.6,1.39,500,95,0.82,4500,42,63940,1320.9,100,100,100,95,5,Poor,True
Soybean,3.0,26.6,33.0,6.37,1279.0,122.7,51.8,94.5,1.57,568,102,2.77,13090,48,216660,1555.2,100,100,36,46,44,Moderate,True
Soybean,3.5,23.5,58.4,6.99,748.0,66.6,44.9,67.6,2.73,498,100,4.84,14622,98,439530,2905.9,100,100,100,100,100,Good,True
Soybean,2.25,17.6,60.5,6.35,1270.0,90.9,72.9,58.3,1.93,492,101,2.32,10007,62,199755,1896.2,71,100,100,47,78,Moderate,True
Soybean,1.0,42.7,16.8,4.29,84.0,8.6,49.4,66.5,0.55,624,114,0.48,4370,5,25300,478.9,5,5,5,5,5,Poor,True
Soybean,0.25,22.1,38.8,5.78,473.0,135.2,61.6,69.8,1.58,552,102,0.23,1106,55,18170,1542.9,100,79,57,92,31,Moderate,True
Soybean,6.25,29.7,50.6,6.55,638.0,33.7,88.9,57.4,2.87,499,100,8.64,29187,99,825125,2727.0,100,100,100,100,100,Good,True
Soybean,4.0,8.7,77.5,7.73,2396.0,60.5,50.6,68.0,1.04,578,108,2.62,16947,23,191360,1029.2,5,61,52,5,100,Poor,True
Soybean,3.0,42.0,22.6,4.88,2267.0,5.8,79.7,94.4,0.55,646,111,1.39,13646,6,75900,456.2,5,5,5,5,5,Poor,True
Soybean,2.25,26.9,59.7,6.34,608.0,30.4,91.8,29.2,2.8,504,103,3.09,10202,99,289800,2740.6,100,100,100,100,100,Good,True
Soybean,9.0,22.5,69.7,6.46,728.0,57.8,70.1,32.3,2.72,489,96,12.62,39097,99,1126080,2780.2,100,100,100,100,100,Good,True
Soybean,3.5,25.4,51.6,5.84,662.0,6.3,61.9,98.2,1.41,501,101,2.98,15155,42,227010,1397.9,100,85,100,100,5,Poor,True
Soybean,1.0,30.6,55.5,6.3,590.0,33.8,45.4,30.2,2.68,473,102,1.35,4093,99,123280,2912.0,100,100,100,100,100,Good,True
Soybean,7.5,32.3,66.1,4.58,878.0,59.8,45.0,32.8,1.41,502,102,6.26,31874,42,486450,1426.2,96,5,100,96,100,Poor,True
Soybean,3.5,12.4,88.4,5.61,1715.0,185.9,60.7,43.2,0.67,668,110,1.89,14880,13,107870,624.9,10,63,5,5,5,Poor,True
Soybean,9.0,24.8,58.3,6.38,801.0,60.9,44.5,29.4,2.75,494,99,12.49,34865,99,1138500,3165.5,100,100,100,100,100,Good,True
Soybean,1.0,29.6,61.5,4.73,812.0,75.9,85.8,64.4,1.37,493,98,0.86,4621,41,63020,1263.8,100,5,100,100,94,Poor,True
Soybean,9.0,32.0,42.0,8.0,780.0,112.5,51.7,57.7,1.83,522,101,8.84,37204,58,757620,1936.4,100,41,69,100,55,Moderate,True
Soybean,7.5,25.8,53.9,6.06,88.0,64.5,58.2,52.9,1.45,515,99,6.23,31567,41,500250,1484.7,100,100,100,5,100,Poor,True
Soybean,10.0,42.0,93.1,4.45,183.0,6.8,97.7,83.0,0.54,634,110,4.64,47905,8,248400,418.5,5,5,5,5,5,Poor,True
Soybean,9.0,41.5,11.3,4.46,189.0,17.9,65.2,89.2,0.62,648,111,4.68,40189,9,256680,538.7,5,5,5,5,42,Poor,True
Soybean,4.0,33.3,64.5,5.9,635.0,39.7,67.6,58.5,2.49,497,101,5.29,17321,90,458160,2545.1,85,91,100,100,100,Good,True
Soybean,1.0,42.5,17.6,4.11,89.0,16.9,71.9,35.8,0.6,644,111,0.51,4250,10,27600,549.4,5,5,5,5,38,Poor,True
Soybean,9.0,21.9,61.0,6.22,799.0,58.0,30.8,43.9,2.83,519,100,12.61,35293,99,1171620,3219.7,100,100,100,100,100,Good,True
Soybean,2.0,27.2,67.3,6.36,634.0,44.9,84.5,71.5,2.86,510,101,2.72,9192,98,263120,2762.5,100,100,100,100,100,Good,True
Soybean,12.25,30.4,68.6,5.95,135.0,54.4,93.0,52.1,1.41,486,99,10.17,55092,42,794535,1342.2,100,96,100,5,100,Poor,True
Soybean,0.5,20.2,53.2,6.72,850.0,100.6,97.7,22.6,2.29,488,98,0.6,2221,83,52670,2271.5,100,100,100,100,68,Good,True
Soybean,2.25,21.3,64.9,6.89,822.0,69.3,49.1,48.2,2.72,493,100,3.05,9521,98,281520,2856.8,100,100,100,100,100,Good,True
Soybean,3.5,39.7,87.0,4.63,2329.0,19.7,85.9,48.1,0.66,620,113,1.81,15564,10,106260,582.7,8,5,5,5,51,Poor,True
Soybean,12.25,38.1,12.6,4.09,181.0,16.2,62.7,74.6,0.67,652,110,6.3,51486,11,377545,633.3,28,5,5,5,35,Poor,True
Soybean,2.25,32.2,62.7,5.41,1245.0,142.8,63.2,76.6,1.47,486,98,1.94,9776,44,152145,1456.3,98,44,100,50,23,Poor,True
Soybean,1.0,34.7,53.5,7.22,853.0,138.6,51.5,76.8,1.72,501,104,0.96,4394,55,79120,1700.6,68,99,100,100,28,Moderate,True
Soybean,16.0,25.3,21.8,6.46,756.0,43.3,35.8,52.9,1.41,659,103,13.15,68752,42,1037760,1409.4,100,100,5,100,100,Poor,True
Soybean,10.0,40.4,95.3,4.69,155.0,18.8,44.6,88.3,0.65,641,111,5.06,43648,9,299000,585.0,5,5,5,5,47,Poor,True
Soybean,12.25,23.1,75.9,6.1,1094.0,67.4,43.5,75.1,2.17,558,104,14.46,52922,75,1222795,2210.6,100,100,63,69,100,Moderate,True
Soybean,2.25,27.7,60.5,7.34,1449.0,129.0,53.6,59.7,1.55,504,99,1.97,9593,49,160425,1572.3,100,89,100,24,38,Moderate,True
Soybean,9.0,26.1,62.8,6.0,660.0,46.0,64.2,56.9,2.8,505,101,12.47,38335,99,1159200,2923.9,100,100,100,100,100,Good,True
Soybean,3.5,34.9,48.2,6.72,1004.0,75.6,66.4,58.1,2.25,506,104,4.12,15720,77,362250,2204.4,65,100,93,80,94,Good,True
Soybean,4.0,19.6,28.9,7.94,1333.0,41.7,84.3,27.1,1.42,626,103,3.21,17761,41,261280,1371.1,96,46,20,39,100,Poor,True
Soybean,1.5,21.4,45.5,8.54,864.0,31.0,45.4,85.1,1.37,534,99,1.21,6665,41,94530,1318.3,100,5,83,98,100,Poor,True
Soybean,2.0,19.3,36.9,6.69,1225.0,87.7,68.9,96.8,1.91,587,99,2.09,9116,62,175720,1827.6,91,100,50,52,81,Moderate,True
Soybean,1.0,9.9,17.6,4.23,2286.0,6.7,90.6,22.7,0.53,643,111,0.47,4593,5,24380,430.8,5,5,5,5,5,Poor,True
Soybean,10.0,42.4,66.0,6.27,852.0,21.8,51.6,97.4,1.32,499,109,8.27,45426,40,607200,1236.7,5,100,100,100,61,Poor,True
Soybean,12.25,17.3,26.5,4.99,2918.0,99.9,40.9,26.0,0.86,635,103,7.36,51203,18,484610,846.4,68,5,11,5,68,Poor,True
Soybean,2.0,12.0,93.9,8.86,179.0,9.7,74.0,84.1,0.56,649,111,0.95,9124,7,51520,464.7,5,5,5,5,5,Poor,True
Soybean,12.25,42.8,24.8,8.67,1924.0,7.7,32.6,74.0,0.54,639,111,5.7,48901,5,304290,522.3,5,5,5,5,5,Poor,True
Soybean,0.25,6.7,18.0,8.33,148.0,18.4,93.8,69.6,0.66,659,113,0.13,1162,12,7590,553.2,5,17,5,5,45,Poor,True
Soybean,9.0,23.7,69.9,6.7,707.0,39.6,62.8,73.2,2.79,506,101,12.6,38604,99,1155060,2892.1,100,100,100,100,100,Good,True
Soybean,16.0,15.4,46.5,7.29,574.0,83.0,82.7,49.1,1.93,504,107,17.32,72319,66,1420480,1864.2,46,93,87,100,86,Moderate,True
Soybean,7.5,29.8,69.7,6.58,579.0,30.4,94.1,55.5,2.8,503,100,10.38,34629,98,966000,2689.6,100,100,100,100,100,Good,True
Soybean,2.25,27.5,61.6,7.04,814.0,60.4,43.7,81.5,2.73,507,98,3.13,9569,99,282555,2852.8,100,100,100,100,100,Good,True
Soybean,1.0,16.4,40.7,7.55,1209.0,71.1,64.2,20.6,1.93,548,103,1.04,4321,62,88780,1954.6,57,74,65,55,99,Moderate,True
Soybean,0.25,9.8,50.4,6.9,854.0,74.1,88.3,57.3,1.43,497,114,0.2,1131,44,16445,1354.0,5,100,100,99,96,Poor,True
Soybean,0.5,40.5,16.3,4.15,176.0,11.2,87.2,66.9,0.57,667,109,0.24,2277,6,13110,475.8,5,5,5,5,11,Poor,True
Soybean,10.0,25.3,46.6,6.76,1655.0,128.2,68.5,80.3,1.29,532,99,7.78,45792,35,593400,1195.9,100,100,87,5,39,Poor,True
Soybean,5.0,37.2,17.6,4.27,141.0,8.0,54.3,50.3,0.64,655,105,2.5,21072,8,147200,598.6,38,5,5,5,5,Poor,True
Soybean,2.25,42.4,22.8,8.55,1671.0,8.0,64.3,87.2,0.52,647,111,1.11,10065,6,53820,434.7,5,5,5,5,5,Poor,True
Soybean,7.5,36.7,55.1,6.5,1492.0,43.5,76.0,90.8,1.52,498,106,6.57,32504,49,524400,1513.3,44,100,100,19,100,Moderate,True
Soybean,4.0,26.7,37.2,8.09,1226.0,72.1,83.6,48.1,1.7,581,97,3.6,18230,53,312800,1615.9,100,35,51,52,98,Moderate,True
Soybean,0.25,16.8,50.4,7.76,879.0,56.6,57.6,89.8,2.08,514,105,0.28,1073,69,23920,2129.3,62,59,100,96,100,Moderate,True
Soybean,1.0,19.2,71.8,8.76,800.0,69.6,57.0,40.7,1.36,533,101,0.84,4219,41,62560,1382.8,90,5,89,100,100,Poor,True
Soybean,10.0,23.6,65.9,7.01,616.0,47.7,70.8,41.2,2.77,494,102,14.01,43495,99,1274200,2829.5,100,100,100,100,100,Good,True
Soybean,6.25,27.6,66.6,6.77,523.0,69.6,61.0,26.3,2.73,508,99,8.88,27102,98,784875,2796.0,100,100,100,100,100,Good,True
Soybean,12.25,28.0,58.6,7.14,1007.0,110.3,54.8,70.3,2.17,496,99,13.95,54200,71,1222795,2156.1,100,100,100,80,57,Moderate,True
Soybean,0.5,28.8,60.9,6.12,734.0,39.4,81.7,42.0,2.7,497,99,0.7,2089,99,62100,2872.7,100,100,100,100,100,Good,True
Soybean,9.0,29.1,63.6,6.33,186.0,76.1,80.2,30.4,1.44,493,98,7.03,40036,43,596160,1389.1,100,100,100,5,94,Poor,True
Soybean,1.0,22.8,68.5,6.12,1146.0,141.5,31.6,49.2,1.6,501,100,0.93,4154,49,73600,1671.8,100,100,100,62,24,Moderate,True
Soybean,1.0,24.7,54.8,7.49,1312.0,45.0,61.0,33.6,1.96,492,100,1.01,4166,60,90160,2064.2,100,79,100,42,100,Moderate,True
Soybean,2.25,30.9,60.3,5.36,2512.0,104.8,57.9,90.3,1.25,504,99,1.71,10362,34,129375,1148.6,100,40,100,5,63,Poor,True
Soybean,4.0,30.8,52.5,7.05,638.0,55.6,74.9,40.7,2.92,479,102,5.63,17426,98,537280,2983.2,100,100,100,100,100,Good,True
Soybean,4.0,18.1,70.4,5.8,475.0,139.5,91.4,39.0,1.57,483,103,3.76,18328,52,288880,1476.2,78,81,98,92,27,Moderate,True
Soybean,2.0,24.7,55.4,4.28,818.0,79.8,84.1,58.6,1.41,499,100,1.71,9031,44,129720,1336.4,100,5,100,100,90,Poor,True
Soybean,0.25,37.1,12.3,4.17,159.0,10.6,58.2,35.1,0.63,646,109,0.13,1052,9,7245,588.7,40,5,5,5,8,Poor,True
Soybean,3.5,33.9,20.9,6.04,1201.0,195.2,66.7,75.7,1.08,627,101,2.36,15537,27,173880,1019.1,78,100,5,55,5,Poor,True
Soybean,3.0,24.7,52.2,6.78,789.0,34.7,49.4,82.5,2.79,489,99,4.14,12724,99,385020,2925.9,100,100,100,100,100,Good,True
Soybean,1.0,26.6,52.5,7.21,1934.0,59.1,36.1,20.1,1.46,505,100,0.82,3946,42,67160,1602.0,100,99,100,5,100,Poor,True
Soybean,16.0,39.9,22.9,8.83,1923.0,14.5,60.2,36.2,0.58,634,114,7.95,67257,8,426880,534.7,6,5,5,5,26,Poor,True
Soybean,2.0,27.4,36.5,6.72,940.0,80.5,50.4,51.6,2.02,578,101,2.2,8276,68,185840,2145.5,100,100,49,89,89,Moderate,True
Soybean,5.0,24.1,50.2,6.76,830.0,45.4,49.7,54.2,2.72,522,99,7.14,20572,99,625600,2941.0,100,100,100,100,100,Good,True
Soybean,16.0,41.8,20.0,4.76,109.0,11.5,32.6,37.5,0.56,644,111,7.57,63078,5,412160,553.4,5,5,5,5,12,Poor,True
Soybean,7.5,39.3,22.3,6.43,2484.0,114.1,63.2,28.9,0.92,629,109,4.76,30607,22,317400,937.0,13,100,5,5,53,Poor,True
Soybean,7.5,42.1,22.6,8.68,85.0,15.2,71.7,29.2,0.6,650,113,3.74,33161,7,207000,524.2,5,5,5,5,30,Poor,True
Soybean,1.0,30.5,64.1,8.63,629.0,50.8,63.3,70.7,1.38,520,100,0.8,4257,43,63480,1391.2,100,5,100,100,100,Poor,True
Soybean,7.5,27.8,17.8,7.19,856.0,28.7,59.9,41.1,1.39,636,99,6.39,31879,43,479550,1404.3,100,100,5,99,94,Poor,True
Soybean,0.5,38.5,13.2,4.69,106.0,15.6,63.1,67.2,0.64,643,110,0.25,2159,8,14720,581.8,23,5,5,5,32,Poor,True
Soybean,2.0,28.3,58.2,6.59,578.0,31.4,89.9,21.8,2.77,515,99,2.73,8939,99,254840,2750.9,100,100,100,100,100,Good,True
Soybean,1.5,10.9,85.8,8.54,120.0,12.2,74.6,93.1,0.57,649,114,0.7,6911,8,39330,469.1,5,5,5,5,16,Poor,True
Soybean,0.25,26.7,94.8,8.71,1839.0,47.8,80.3,93.8,0.99,643,95,0.16,1168,27,11385,874.7,100,5,5,5,100,Poor,True
Soybean,16.0,24.2,53.1,6.26,568.0,44.9,90.4,65.6,2.8,511,100,22.58,74283,99,2060800,2674.3,100,100,100,100,100,Good,True
Soybean,0.25,24.4,91.0,5.8,492.0,53.8,71.9,67.1,1.4,665,102,0.2,1093,41,16100,1373.0,100,81,5,97,100,Poor,True
Soybean,5.0,11.8,21.1,8.86,81.0,12.3,34.6,23.6,0.57,624,113,2.4,19465,5,131100,573.5,5,5,5,5,16,Poor,True
Soybean,0.25,33.3,69.2,5.88,177.0,46.0,87.3,41.4,1.35,495,98,0.21,1088,40,15525,1326.9,85,89,100,5,100,Poor,True
Soybean,4.0,26.5,62.2,6.93,719.0,39.3,64.7,97.2,2.82,498,102,5.48,18062,99,518880,2772.8,100,100,100,100,100,Good,True
Soybean,3.5,25.9,64.6,7.19,619.0,56.6,66.9,80.9,2.81,495,100,4.81,14545,99,452410,3010.4,100,100,100,100,100,Good,True
Soybean,0.5,31.9,62.5,7.19,664.0,54.9,77.7,44.1,2.79,498,102,0.67,2184,99,64170,2838.2,100,100,100,100,100,Good,True
Soybean,6.25,28.8,51.4,6.95,703.0,61.3,67.2,41.5,2.84,489,99,9.01,27939,99,816500,2822.4,100,100,100,100,100,Good,True
Soybean,9.0,30.7,57.6,7.18,685.0,38.3,97.8,84.4,2.75,505,102,12.59,42169,99,1138500,2599.9,100,100,100,100,100,Good,True
Soybean,1.0,21.5,95.9,6.19,846.0,69.6,62.4,54.6,1.45,646,101,0.82,4359,41,66700,1430.2,100,100,5,100,100,Poor,True
Soybean,6.25,18.1,62.8,4.66,873.0,48.7,90.8,90.2,1.4,502,100,5.11,30103,41,402500,1237.1,77,5,100,97,100,Poor,True
Soybean,2.25,26.1,57.9,6.31,573.0,57.1,73.4,58.3,2.83,486,99,3.11,10215,98,292905,2767.4,100,100,100,100,100,Good,True
Soybean,4.0,29.8,61.7,7.14,764.0,48.0,66.0,69.1,2.79,497,100,5.57,18029,99,513360,2747.4,100,100,100,100,100,Good,True
Soybean,9.0,12.6,88.0,6.77,2476.0,49.0,76.4,51.2,0.99,647,110,6.05,40001,24,409860,924.6,12,100,5,5,100,Poor,True
Soybean,16.0,43.9,12.5,4.76,114.0,16.2,52.8,69.9,0.61,627,110,8.08,70181,8,448960,539.7,5,5,5,5,34,Poor,True
Soybean,1.0,42.8,91.3,5.2,104.0,11.9,92.1,54.9,0.62,666,112,0.48,4461,5,28520,539.3,5,24,5,5,14,Poor,True
Soybean,0.5,27.3,68.2,6.23,846.0,44.6,89.1,86.0,2.83,520,99,0.73,2332,99,65090,2691.2,100,100,100,100,100,Good,True
Soybean,3.5,11.2,65.7,7.91,460.0,72.3,44.5,93.0,1.24,506,114,2.74,15801,35,199640,1163.5,5,48,100,87,98,Poor,True
Soybean,6.25,31.0,68.9,6.68,668.0,60.3,32.6,30.4,2.79,487,97,8.49,25438,99,802125,3053.3,100,100,100,100,100,Good,True
Soybean,0.5,28.4,59.1,6.19,840.0,67.7,96.3,72.7,2.83,482,100,0.69,2430,99,65090,2578.6,100,100,100,100,100,Good,True
Soybean,2.25,30.2,50.8,6.64,670.0,64.3,58.2,35.7,2.77,512,100,3.13,9409,99,286695,2947.0,100,100,100,100,100,Good,True
Soybean,1.0,20.2,37.6,7.1,310.0,122.9,31.5,68.0,1.69,572,103,0.96,3967,55,77740,1859.7,100,100,53,40,44,Moderate,True
Soybean,0.25,29.9,68.9,7.14,532.0,66.8,92.4,92.8,2.89,502,101,0.36,1122,99,33235,2862.1,100,100,100,100,100,Good,True
Soybean,7.5,42.9,15.4,4.04,176.0,17.1,77.8,36.7,0.62,628,109,3.8,33405,8,213900,540.3,5,5,5,5,39,Poor,True
Soybean,12.25,33.6,66.3,6.59,1138.0,120.0,41.4,29.4,1.84,499,103,12.79,49668,66,1036840,1987.5,81,100,100,63,47,Moderate,True
Soybean,12.25,25.7,53.1,6.46,756.0,54.0,90.6,70.2,2.8,503,102,16.3,55690,99,1577800,2733.2,100,100,100,100,100,Good,True
Soybean,2.25,24.1,52.5,6.97,546.0,58.9,55.0,27.5,2.76,499,104,3.19,9358,99,285660,2952.6,100,100,100,100,100,Good,True
Soybean,7.5,26.1,66.7,6.61,576.0,57.4,98.3,46.1,2.78,493,101,10.38,34364,99,959100,2691.0,100,100,100,100,100,Good,True
Soybean,2.25,7.0,59.8,6.57,682.0,32.7,79.0,80.6,1.46,497,110,1.97,10208,41,151110,1380.3,5,100,100,100,100,Poor,True
Soybean,10.0,30.3,35.4,6.0,1228.0,136.0,78.5,50.8,1.56,571,100,8.95,45743,46,717600,1468.8,100,100,45,52,30,Moderate,True
Soybean,2.0,25.7,82.7,4.28,1632.0,24.9,78.5,65.3,0.96,624,101,1.32,8976,24,88320,884.0,100,5,20,5,76,Poor,True
Soybean,16.0,24.6,58.0,6.46,445.0,135.8,93.7,24.5,1.74,517,99,15.94,72049,58,1280640,1677.5,100,100,100,83,31,Moderate,True
Soybean,6.25,40.2,86.3,8.79,186.0,9.1,80.2,71.0,0.55,651,113,2.99,28868,5,158125,447.8,5,5,5,5,5,Poor,True
Soybean,5.0,19.8,68.1,6.54,947.0,108.5,52.9,62.1,2.25,493,101,5.69,21313,74,517500,2328.1,97,100,100,88,59,Moderate,True
Soybean,1.0,37.7,18.6,4.43,123.0,17.9,43.1,61.2,0.69,631,107,0.53,4161,7,31740,662.8,32,5,5,5,42,Poor,True
Soybean,10.0,10.5,93.9,8.26,1802.0,173.6,36.9,47.5,0.59,643,112,4.82,40043,6,271400,577.8,5,23,5,5,5,Poor,True
Soybean,10.0,40.5,20.9,4.4,109.0,13.6,81.0,88.2,0.57,634,111,4.8,48453,5,262200,441.1,5,5,5,5,22,Poor,True
Soybean,1.5,22.3,64.7,6.63,847.0,61.4,73.4,87.6,2.84,490,99,2.03,6870,99,195960,2752.4,100,100,100,100,100,Good,True
Soybean,0.5,34.4,78.8,5.56,1411.0,46.4,48.3,60.1,1.49,586,103,0.43,2093,45,34270,1537.4,71,58,44,29,100,Poor,True
Soybean,3.0,36.4,50.1,5.98,1476.0,58.5,57.1,74.0,1.57,476,109,2.64,12880,48,216660,1582.1,48,98,100,21,100,Moderate,True
Soybean,2.0,26.0,50.9,8.85,761.0,47.6,65.9,42.5,1.44,501,100,1.73,8891,42,132480,1390.0,100,5,100,100,100,Poor,True
Soybean,12.25,42.5,21.6,8.47,85.0,11.7,89.5,67.7,0.57,635,113,5.65,56866,6,321195,464.8,5,7,5,5,13,Poor,True
Soybean,1.0,8.2,16.8,5.03,2225.0,9.5,83.7,56.2,0.55,640,108,0.48,4550,5,25300,456.0,5,8,5,5,5,Poor,True
Soybean,0.5,28.1,74.1,7.01,190.0,21.1,55.9,90.4,1.23,543,100,0.38,2268,35,28290,1147.4,100,100,74,5,58,Poor,True
Soybean,1.5,18.3,58.2,6.31,551.0,149.8,38.2,37.3,1.59,503,102,1.34,6267,45,109710,1650.6,80,100,100,100,16,Moderate,True
Soybean,0.5,22.9,86.6,7.68,2455.0,49.7,71.7,69.3,1.11,623,99,0.35,2212,32,25530,1054.2,100,65,5,5,100,Poor,True
Soybean,0.5,39.2,96.4,8.49,135.0,11.5,39.3,74.2,0.59,633,112,0.25,2125,6,13570,538.6,14,6,5,5,12,Poor,True
Soybean,0.25,24.8,53.9,8.83,536.0,45.9,38.2,46.4,1.48,507,103,0.21,1023,45,17020,1563.7,100,5,100,100,100,Poor,True
Soybean,1.0,41.1,13.4,4.02,75.0,11.8,61.3,69.9,0.56,655,114,0.49,4477,5,25760,475.4,5,5,5,5,13,Poor,True
Soybean,1.0,30.5,49.6,6.44,1253.0,20.9,85.4,50.0,1.97,482,101,1.08,4415,67,90620,1952.5,100,100,99,49,57,Moderate,True
Soybean,9.0,37.9,11.5,4.62,73.0,7.2,63.8,48.8,0.59,635,106,4.3,38630,9,244260,532.3,30,5,5,5,5,Poor,True
Soybean,1.0,29.6,68.9,7.1,634.0,61.5,86.4,95.4,2.82,509,100,1.38,4634,99,129720,2699.3,100,100,100,100,100,Good,True
Soybean,0.5,42.7,19.5,4.55,80.0,6.5,93.4,71.0,0.52,648,111,0.24,2356,5,11960,407.6,5,5,5,5,5,Poor,True
Soybean,12.25,40.4,86.6,8.67,2109.0,17.0,97.1,53.9,0.61,617,112,6.15,55579,5,343735,518.5,5,5,5,5,38,Poor,True
Soybean,7.5,33.4,67.5,6.88,535.0,9.8,76.4,36.3,1.42,510,102,6.13,32811,41,489900,1393.1,83,100,100,100,5,Poor,True
Soybean,12.25,27.3,61.7,6.25,771.0,34.8,85.6,94.2,2.8,494,97,17.11,56254,99,1577800,2704.8,100,100,100,100,100,Good,True
Soybean,3.0,42.9,83.8,4.91,84.0,9.4,35.6,27.1,0.57,627,112,1.44,12570,5,78660,525.8,5,5,13,5,5,Poor,True
Soybean,1.0,20.7,63.0,7.09,778.0,62.0,93.8,74.4,2.86,507,101,1.44,4704,97,131560,2696.8,100,100,100,100,100,Good,True
Soybean,16.0,27.4,78.9,4.47,2183.0,91.4,46.2,51.3,1.06,555,101,10.66,69070,23,780160,1029.5,100,5,43,5,77,Poor,True
Soybean,3.0,28.1,70.0,7.27,183.0,76.9,90.9,73.5,1.42,507,99,2.47,14260,42,195960,1274.2,100,95,100,5,93,Poor,True
Soybean,0.5,18.9,50.5,5.79,1163.0,42.3,59.4,61.9,2.28,513,106,0.56,2260,72,52440,2220.4,87,80,100,60,100,Moderate,True
Soybean,6.25,31.7,59.6,6.88,739.0,31.8,96.9,90.7,3.0,497,100,8.66,29765,99,862500,2797.7,100,100,100,100,100,Good,True
Soybean,0.5,19.4,62.5,7.89,555.0,94.3,98.8,63.7,2.09,484,102,0.52,2377,67,48070,1922.3,93,50,100,100,74,Moderate,True
Soybean,2.25,22.4,58.0,7.16,593.0,47.1,75.2,22.0,2.69,510,102,3.14,9532,99,278415,2820.8,100,100,100,100,100,Good,True
Soybean,7.5,23.1,58.2,7.05,626.0,52.8,36.2,49.5,2.73,494,100,10.01,30381,99,941850,3000.1,100,100,100,100,100,Good,True
Soybean,16.0,10.7,13.2,8.4,86.0,15.3,81.3,76.6,0.61,640,112,8.3,71063,7,448960,531.8,5,13,5,5,30,Poor,True
Soybean,2.25,40.7,19.6,8.83,142.0,13.4,73.0,62.3,0.56,654,108,1.08,9978,5,57960,480.9,5,5,5,5,21,Poor,True
Soybean,3.0,16.3,94.5,6.6,2283.0,82.4,61.7,52.3,1.1,665,106,2.12,13200,28,151800,1050.0,56,100,5,5,87,Poor,True
Soybean,12.25,25.9,75.3,6.43,1480.0,90.6,82.3,41.8,1.52,553,103,10.91,55124,46,856520,1453.8,100,100,66,20,78,Moderate,True
Soybean,3.5,29.6,92.1,7.06,898.0,48.1,65.9,27.4,1.4,644,101,2.91,14578,43,225400,1446.2,100,100,5,94,100,Poor,True
Soybean,3.5,39.1,17.4,4.32,94.0,9.2,81.0,53.0,0.57,652,109,1.62,15279,6,91770,500.6,16,5,5,5,5,Poor,True
Soybean,0.25,39.1,20.4,8.66,2219.0,12.8,77.8,64.0,0.6,639,111,0.12,1134,7,6900,508.5,15,5,5,5,18,Poor,True
Soybean,2.25,29.9,55.0,6.34,579.0,63.6,61.1,88.4,2.82,518,100,3.08,10273,99,291870,2741.1,100,100,100,100,100,Good,True
Soybean,0.25,41.3,17.0,8.87,1904.0,8.7,86.7,46.4,0.53,631,110,0.11,1098,5,6095,455.1,5,5,5,5,5,Poor,True
Soybean,5.0,20.6,55.4,6.33,634.0,53.7,60.6,44.9,2.76,494,101,6.94,21525,99,634800,2849.1,100,100,100,100,100,Good,True
Soybean,16.0,20.2,50.4,6.59,770.0,53.1,40.1,69.2,2.8,501,97,22.21,64385,99,2060800,3100.7,100,100,100,100,100,Good,True
Soybean,2.0,26.6,47.1,6.33,1318.0,141.4,30.7,32.2,1.59,519,101,1.76,7541,46,146280,1839.8,100,100,89,41,25,Moderate,True
Soybean,2.25,20.2,81.5,7.8,2556.0,187.7,86.4,41.5,0.94,607,100,1.42,10142,23,97290,859.3,100,57,27,5,5,Poor,True
Soybean,5.0,33.7,49.8,6.03,662.0,6.9,59.3,99.7,1.4,489,101,3.97,21673,45,322000,1385.7,80,100,99,100,5,Poor,True
Soybean,4.0,21.2,59.3,6.67,753.0,44.2,66.4,96.7,2.79,488,100,5.72,18089,99,513360,2738.0,100,100,100,100,100,Good,True
Soybean,4.0,28.3,31.6,6.39,302.0,41.5,38.5,98.9,1.7,611,99,3.7,17189,48,312800,1719.8,100,100,30,37,100,Moderate,True
Soybean,12.25,24.3,22.6,7.34,566.0,53.2,47.0,81.8,1.42,636,98,10.08,50954,46,800170,1470.4,100,90,5,100,100,Poor,True
Soybean,12.25,18.2,68.4,6.69,1051.0,68.6,74.1,90.5,2.41,509,102,14.57,56149,82,1358035,2318.6,78,100,100,75,100,Good,True
Soybean,2.25,30.0,64.7,6.67,758.0,42.7,39.5,50.7,2.83,506,101,3.1,9028,99,292905,3144.4,100,100,100,100,100,Good,True
Soybean,12.25,40.4,11.9,4.04,120.0,8.5,79.5,81.9,0.53,635,111,5.83,55710,5,298655,436.1,5,5,5,5,5,Poor,True
Soybean,9.0,37.4,13.9,4.57,81.0,11.2,94.4,76.5,0.62,662,106,4.66,41354,9,256680,520.7,36,5,5,5,11,Poor,True
Soybean,6.25,33.8,72.5,5.95,828.0,76.2,99.3,97.1,2.43,536,105,7.84,29996,80,698625,2229.1,78,95,84,100,93,Good,True
Soybean,5.0,30.5,68.5,6.21,809.0,47.9,64.7,39.6,2.84,498,100,6.84,21283,99,653200,2969.1,100,100,100,100,100,Good,True
Soybean,0.25,25.0,63.1,7.02,517.0,55.1,95.0,83.0,2.77,498,98,0.35,1178,99,31855,2604.2,100,100,100,100,100,Good,True
Soybean,10.0,20.5,48.3,8.84,679.0,76.5,77.3,55.9,1.39,516,99,8.27,43650,42,639400,1364.8,100,5,93,100,93,Poor,True
Soybean,1.5,22.1,53.9,6.28,644.0,78.2,58.0,85.6,2.53,515,100,1.99,6517,94,174570,2578.7,100,100,100,100,91,Good,True
Soybean,1.5,26.4,50.4,6.05,720.0,58.9,94.1,98.5,2.81,504,100,2.06,7151,98,193890,2611.4,100,100,100,100,100,Good,True
Soybean,10.0,24.5,50.2,6.44,672.0,51.2,87.8,56.8,2.87,505,96,13.86,45890,99,1320200,2776.9,100,100,100,100,100,Good,True
Soybean,10.0,23.8,52.5,6.08,797.0,44.6,57.0,74.2,2.96,513,102,14.68,44280,99,1361600,2975.0,100,100,100,100,100,Good,True
Soybean,3.5,26.9,51.4,6.63,789.0,51.6,33.8,48.2,2.85,498,101,4.94,14197,99,458850,3132.0,100,100,100,100,100,Good,True
Soybean,0.25,37.5,17.3,4.73,146.0,12.2,59.7,71.1,0.64,642,107,0.13,1085,10,7360,578.3,35,5,5,5,15,Poor,True
Soybean,7.5,17.0,67.7,6.93,1290.0,66.8,95.8,41.1,1.9,499,102,7.67,34112,65,655500,1821.6,64,100,100,44,100,Moderate,True
Soybean,2.25,18.9,45.5,7.4,187.0,27.2,55.7,28.6,1.26,533,102,1.67,9396,38,130410,1287.9,87,86,83,5,87,Poor,True
Soybean,2.25,33.5,48.1,6.88,1031.0,34.5,97.3,48.4,2.34,504,101,2.82,10364,84,242190,2236.8,82,100,93,77,100,Good,True
Soybean,0.5,23.0,65.0,6.98,710.0,67.9,91.8,84.0,2.67,497,101,0.72,2358,99,61410,2504.3,100,100,100,100,100,Good,True
Soybean,2.25,38.2,10.6,4.12,197.0,12.7,61.0,56.5,0.6,666,109,1.14,9512,9,62100,552.9,26,5,5,5,18,Poor,True
Soybean,5.0,29.5,64.0,6.08,511.0,63.6,37.0,49.5,2.78,497,101,6.93,20457,99,639400,3025.6,100,100,100,100,100,Good,True
Soybean,1.5,6.7,70.4,7.28,613.0,79.2,70.0,62.2,1.39,506,112,1.23,6616,43,95910,1349.7,5,94,97,100,90,Poor,True
Soybean,12.25,41.6,17.3,8.83,1723.0,19.8,93.9,86.6,0.66,642,113,6.41,57970,10,371910,541.6,5,5,5,5,52,Poor,True
Soybean,10.0,30.2,48.4,7.02,584.0,7.5,95.0,91.9,1.41,501,100,8.28,48342,42,648600,1241.7,100,100,94,100,5,Poor,True
Soybean,1.0,23.3,67.7,6.26,367.0,63.4,58.8,99.6,2.25,513,104,1.18,4666,74,103500,2118.2,100,100,100,58,100,Moderate,True
Soybean,2.25,28.9,34.5,7.61,370.0,79.0,43.0,59.2,1.73,591,100,2.14,9348,58,179055,1815.4,100,70,41,59,90,Moderate,True
Soybean,5.0,28.3,71.6,7.47,589.0,8.5,33.3,42.3,1.36,494,101,3.95,19906,40,312800,1471.4,100,80,90,100,5,Poor,True
Soybean,6.25,21.8,55.9,6.64,544.0,59.5,44.5,63.8,2.86,505,100,8.78,27018,97,822250,2943.3,100,100,100,100,100,Good,True
Soybean,4.0,23.0,57.1,6.54,662.0,65.4,30.1,23.2,2.83,509,100,5.56,15412,99,520720,3278.7,100,100,100,100,100,Good,True
Soybean,0.25,17.9,45.4,5.52,544.0,62.2,98.7,84.0,2.06,534,101,0.27,1236,67,23690,1816.7,75,54,83,100,100,Moderate,True
Soybean,2.25,15.2,44.8,6.02,347.0,78.0,73.1,26.2,1.8,514,106,2.27,9352,56,186300,1892.1,43,100,80,51,92,Moderate,True
Soybean,16.0,39.2,92.0,8.84,2673.0,14.3,31.5,87.8,0.6,654,109,7.94,67594,5,441600,553.3,15,5,5,5,25,Poor,True
Soybean,5.0,30.1,69.9,6.99,1888.0,77.1,36.7,29.0,1.51,512,98,4.07,20145,41,347300,1624.0,100,100,100,5,92,Poor,True
Soybean,1.0,29.6,51.7,4.22,465.0,46.6,33.1,95.4,1.38,508,101,0.83,4173,43,63480,1421.2,100,5,100,89,100,Poor,True
Soybean,5.0,26.0,31.2,7.55,1241.0,115.6,30.4,58.7,1.44,597,101,4.31,20458,46,331200,1518.9,100,75,28,50,52,Poor,True
Soybean,3.5,35.9,74.5,5.99,1144.0,104.1,81.2,79.4,1.93,545,109,3.56,16274,63,310730,1809.4,53,100,72,63,64,Moderate,True
Soybean,6.25,35.9,45.6,7.74,1280.0,142.8,55.6,37.7,1.35,531,106,4.94,27116,38,388125,1331.4,53,61,83,46,23,Poor,True
Soybean,5.0,32.0,72.6,6.63,62.0,62.7,92.8,98.3,1.38,539,104,4.17,24331,43,317400,1204.5,100,100,83,5,100,Poor,True
Soybean,2.0,41.2,15.7,8.37,109.0,9.3,35.8,30.1,0.58,629,111,0.96,8017,7,53360,565.6,5,15,5,5,5,Poor,True
Soybean,7.5,39.0,18.0,4.14,114.0,10.3,89.9,34.0,0.56,661,109,3.64,32565,8,193200,493.3,17,5,5,5,6,Poor,True
Soybean,7.5,30.7,50.2,6.01,848.0,30.8,44.1,26.9,2.89,488,100,10.79,29882,99,997050,3236.6,100,100,100,100,100,Good,True
Soybean,16.0,8.5,85.2,8.5,135.0,15.1,58.4,91.3,0.59,635,115,7.72,71815,8,434240,504.7,5,5,5,5,29,Poor,True
Soybean,3.5,6.0,66.9,6.71,693.0,75.6,30.5,91.1,1.42,488,112,2.94,14852,44,228620,1439.3,5,100,100,100,94,Poor,True
Soybean,3.0,31.8,71.8,8.92,475.0,37.5,68.5,23.3,1.44,522,102,2.5,12924,41,198720,1437.6,100,5,89,92,100,Poor,True
Soybean,4.0,15.9,66.6,7.98,906.0,144.0,70.5,45.5,1.38,505,105,3.24,18040,42,253920,1307.5,52,43,100,93,22,Poor,True
Soybean,1.0,20.8,76.0,7.65,513.0,52.8,97.0,81.8,2.1,564,99,1.16,4713,76,96600,1949.6,100,67,62,100,100,Moderate,True
Soybean,10.0,33.3,91.8,7.14,540.0,71.1,61.8,75.1,1.4,640,102,8.25,44009,44,644000,1363.3,85,100,5,100,99,Poor,True
Soybean,16.0,13.1,26.2,5.2,2418.0,37.5,86.2,80.8,0.86,615,110,9.33,71186,18,632960,789.2,18,24,10,5,100,Poor,True
Soybean,12.25,18.5,96.2,7.26,568.0,71.1,67.1,78.7,1.37,638,102,10.01,54070,40,771995,1327.8,82,95,5,100,99,Poor,True
Soybean,1.0,22.9,57.4,6.21,551.0,63.8,79.1,97.5,2.82,500,98,1.39,4622,98,129720,2706.6,100,100,100,100,100,Good,True
Soybean,4.0,33.2,69.1,7.94,1494.0,21.5,91.0,53.5,1.35,504,101,3.29,18902,39,248400,1214.1,86,46,100,18,60,Poor,True
Soybean,4.0,23.9,15.0,6.21,961.0,29.1,37.6,62.2,1.41,624,99,3.42,16681,39,259440,1455.3,100,100,5,86,96,Poor,True
Soybean,5.0,6.3,34.4,5.98,869.0,150.0,84.9,70.2,1.07,604,115,3.49,22644,29,246100,986.8,5,98,41,98,16,Poor,True
Soybean,5.0,34.7,43.3,6.38,1209.0,30.7,77.9,79.1,2.03,523,104,5.36,22663,68,466900,1960.2,68,100,74,54,100,Moderate,True
Soybean,0.25,27.9,22.8,4.17,300.0,155.0,93.4,45.8,0.86,636,101,0.15,1117,20,9890,785.4,100,5,5,37,10,Poor,True
Soybean,1.0,23.6,76.1,7.4,1130.0,75.4,51.3,60.4,2.08,542,100,1.09,4225,71,95680,2164.6,100,85,61,64,94,Moderate,True
Soybean,3.0,24.1,55.4,4.1,664.0,28.3,49.9,82.0,1.41,501,100,2.5,12696,42,194580,1432.6,100,5,100,100,92,Poor,True
Soybean,0.5,27.2,67.9,6.18,540.0,70.0,80.6,37.9,2.83,511,100,0.7,2218,99,65090,2834.6,100,100,100,100,100,Good,True
Soybean,2.0,39.9,17.6,4.01,122.0,16.6,79.0,35.5,0.61,634,111,0.99,8760,9,56120,540.6,6,5,5,5,36,Poor,True
Soybean,16.0,41.9,10.5,4.46,131.0,9.2,58.4,99.3,0.55,625,112,7.11,71539,5,404800,465.8,5,5,5,5,5,Poor,True
Soybean,0.5,14.3,93.6,4.17,1976.0,19.2,62.4,86.3,0.71,638,106,0.26,2180,12,16330,649.1,33,5,5,5,49,Poor,True
Soybean,1.0,10.5,22.6,4.66,2889.0,6.4,74.9,87.7,0.54,622,111,0.48,4597,7,24840,440.4,5,5,5,5,5,Poor,True
Soybean,1.5,21.8,68.6,6.98,550.0,32.0,56.2,62.3,2.82,486,102,2.06,6369,98,194580,2955.1,100,100,100,100,100,Good,True
Soybean,3.0,31.2,54.4,5.98,107.0,61.9,54.8,27.6,1.46,490,99,2.54,12690,43,201480,1487.7,100,98,100,5,100,Poor,True
Soybean,12.25,43.7,12.4,4.55,134.0,5.5,79.1,98.5,0.55,634,113,5.71,56807,5,309925,445.6,5,5,5,5,5,Poor,True
Soybean,3.5,25.7,58.9,5.57,1336.0,132.7,78.0,77.7,1.63,499,103,3.12,15397,50,262430,1604.4,100,59,100,38,34,Moderate,True
Soybean,6.25,23.8,47.4,6.98,532.0,5.4,56.5,81.5,1.42,502,100,5.19,27247,43,408250,1398.3,100,100,90,100,5,Poor,True
Soybean,0.25,27.5,52.0,6.71,846.0,60.1,43.2,77.4,2.8,496,99,0.35,1051,99,32200,2963.7,100,100,100,100,100,Good,True
Soybean,0.25,40.8,73.2,5.94,586.0,35.8,50.1,60.0,1.32,536,108,0.19,1042,40,15180,1356.8,5,94,80,100,100,Poor,True
Soybean,1.5,36.3,31.1,7.11,1248.0,56.4,66.3,77.1,1.53,613,106,1.31,6450,46,105570,1536.7,49,100,28,50,100,Moderate,True
Soybean,6.25,23.4,54.5,7.06,563.0,61.8,48.0,44.0,2.75,498,99,8.62,24927,99,790625,3071.8,100,100,100,100,100,Good,True
Soybean,16.0,28.7,50.8,6.64,2748.0,43.3,95.0,89.6,1.45,495,103,13.42,77625,44,1067200,1274.8,100,100,100,5,100,Poor,True
Soybean,4.0,42.8,19.8,4.27,80.0,17.6,62.7,73.1,0.63,625,110,2.04,17730,8,115920,553.8,5,5,5,5,41,Poor,True
Soybean,3.5,30.7,78.6,5.88,801.0,41.5,89.7,99.2,2.01,581,98,3.72,16913,65,323610,1813.4,100,88,45,100,100,Moderate,True
Soybean,1.5,27.5,67.7,7.17,669.0,35.6,90.6,20.5,2.81,501,98,2.11,6786,99,193890,2757.2,100,100,100,100,100,Good,True
Soybean,10.0,32.1,60.2,8.93,774.0,72.7,67.7,71.8,1.45,501,98,8.47,44913,43,667000,1385.1,98,5,100,100,97,Poor,True
Soybean,6.25,26.2,53.7,6.34,513.0,44.7,59.8,72.2,2.81,490,100,8.57,26937,98,807875,2899.1,100,100,100,100,100,Good,True
Soybean,10.0,28.2,66.4,6.65,518.0,35.8,80.5,56.0,2.82,487,104,13.51,45116,99,1297200,2775.3,100,100,100,100,100,Good,True
Soybean,3.5,21.0,56.7,6.27,459.0,8.3,41.2,22.1,1.4,504,101,2.85,14442,44,225400,1460.7,100,100,100,87,5,Poor,True
Soybean,5.0,36.8,79.0,6.7,1242.0,48.6,39.0,94.6,1.79,574,106,4.79,21558,54,411700,1809.7,44,100,43,50,100,Moderate,True
Soybean,9.0,29.2,68.0,6.53,724.0,40.7,74.2,50.6,2.79,483,100,12.45,39124,99,1155060,2852.3,100,100,100,100,100,Good,True
Soybean,2.0,42.2,19.6,4.1,115.0,17.9,31.4,29.4,0.63,639,109,0.96,7864,11,57960,637.0,5,5,5,5,43,Poor,True
Soybean,3.0,31.1,55.4,6.37,620.0,34.1,99.3,90.9,2.77,490,101,4.03,14389,99,382260,2556.6,100,100,100,100,100,Good,True
Soybean,0.5,29.2,60.0,6.64,801.0,59.6,85.2,54.9,2.8,523,99,0.67,2199,99,64400,2828.6,100,100,100,100,100,Good,True
Soybean,0.25,34.3,45.4,8.04,903.0,41.4,30.2,71.9,1.86,541,107,0.24,996,57,21390,2047.6,73,39,83,93,100,Moderate,True
Soybean,1.0,28.4,74.5,6.51,1004.0,140.7,71.3,87.5,1.66,544,100,0.92,4591,49,76360,1563.3,100,100,71,80,25,Moderate,True
Soybean,4.0,40.3,49.0,7.41,768.0,56.0,33.4,89.8,1.45,491,112,3.16,17247,42,266800,1446.9,5,85,96,100,100,Poor,True
Soybean,2.0,34.8,64.9,6.74,806.0,126.5,99.6,60.0,1.89,500,105,2.08,9198,59,173880,1790.4,67,100,100,100,40,Moderate,True
Soybean,9.0,34.7,37.5,5.41,982.0,148.4,58.4,33.4,1.26,547,102,6.79,36363,35,521640,1334.5,68,44,52,83,17,Poor,True
Soybean,4.0,25.5,62.3,6.68,642.0,44.8,31.7,94.3,2.85,499,102,5.77,16486,99,524400,3080.9,100,100,100,100,100,Good,True
Soybean,0.5,28.4,59.3,6.86,652.0,38.5,86.2,73.4,2.7,499,100,0.71,2287,97,62100,2615.3,100,100,100,100,100,Good,True
Soybean,6.25,28.8,65.1,6.07,787.0,61.0,66.7,57.2,2.72,485,99,8.58,27245,99,782000,2770.3,100,100,100,100,100,Good,True
Soybean,0.5,40.4,15.0,4.04,92.0,13.8,39.4,50.9,0.6,667,110,0.24,1999,5,13800,590.3,5,5,5,5,23,Poor,True
Soybean,2.0,31.9,62.8,6.25,794.0,65.3,39.1,96.7,2.85,502,99,2.78,8591,99,262200,2952.0,100,100,100,100,100,Good,True
Soybean,3.5,25.9,52.6,6.68,683.0,62.7,37.4,46.9,2.68,523,99,4.77,13933,99,431480,2996.8,100,100,100,100,100,Good,True
Soybean,3.0,19.2,55.8,6.13,741.0,9.5,51.4,22.3,1.41,488,102,2.61,12196,41,194580,1495.4,90,100,100,100,5,Poor,True
Soybean,0.25,29.6,68.2,7.02,510.0,42.7,64.4,36.2,2.83,499,99,0.35,1063,99,32545,2961.6,100,100,100,100,100,Good,True
Soybean,4.0,39.2,15.9,4.31,170.0,15.3,99.3,85.4,0.6,664,109,2.08,19011,10,110400,480.7,14,5,5,5,30,Poor,True
Soybean,3.0,25.3,70.0,7.18,690.0,90.3,40.5,48.3,2.49,515,99,3.85,12405,86,343620,2670.0,100,100,100,100,79,Good,True
Soybean,10.0,42.7,18.4,4.78,105.0,8.6,94.9,86.7,0.54,628,110,4.78,49487,5,248400,402.0,5,5,5,5,5,Poor,True
Soybean,2.25,34.2,41.6,6.71,1433.0,64.7,95.4,73.0,1.58,565,103,2.06,10602,52,163530,1442.4,74,100,68,26,100,Moderate,True
Soybean,16.0,10.8,83.7,8.58,2611.0,14.6,43.2,63.3,0.61,634,112,8.02,67779,10,448960,562.4,5,5,13,5,27,Poor,True
Soybean,3.5,40.9,17.3,4.39,124.0,12.6,96.1,42.6,0.58,648,109,1.67,15980,5,93380,484.4,5,5,5,5,18,Poor,True
Soybean,12.25,27.0,51.5,6.14,2198.0,63.4,75.8,44.6,1.44,486,101,10.15,53131,43,811440,1427.2,100,100,100,5,100,Poor,True
Soybean,0.5,40.5,21.8,4.93,2132.0,11.4,70.5,31.9,0.55,656,111,0.24,2160,5,12650,485.6,5,5,5,5,12,Poor,True
Soybean,1.5,25.7,72.8,6.55,1742.0,54.9,97.4,66.0,1.4,524,101,1.21,7065,44,96600,1267.3,100,100,82,5,100,Poor,True
Soybean,16.0,29.8,15.5,7.05,493.0,57.0,73.9,39.6,1.39,637,102,13.58,68428,42,1023040,1395.1,100,100,5,98,100,Poor,True
Soybean,7.5,27.2,60.1,4.2,1960.0,106.1,66.1,79.0,1.12,495,99,5.33,34035,31,386400,1035.3,100,5,100,5,62,Poor,True
Soybean,1.5,28.9,54.1,7.08,515.0,53.2,84.8,49.9,2.84,508,101,2.12,6794,97,195960,2784.3,100,100,100,100,100,Good,True
Soybean,7.5,7.4,17.5,8.47,110.0,7.8,41.0,67.3,0.54,634,110,3.39,32175,7,186300,479.0,5,7,5,5,5,Poor,True
Soybean,2.25,26.1,57.4,6.08,749.0,124.9,76.5,35.8,1.97,488,99,2.39,10154,65,203895,1908.0,100,100,100,100,42,Moderate,True
Soybean,1.0,20.4,50.6,6.79,554.0,32.0,82.2,29.8,2.93,496,99,1.44,4507,99,134780,2890.5,100,100,100,100,100,Good,True
Soybean,2.25,38.6,19.7,4.64,71.0,8.3,60.8,56.8,0.58,627,112,1.08,9596,6,60030,525.6,21,5,5,5,5,Poor,True
Soybean,12.25,27.5,68.2,6.33,100.0,72.5,69.7,42.2,1.44,501,99,10.34,54102,43,811440,1399.8,100,100,100,5,97,Poor,True
Soybean,4.0,28.5,44.2,6.12,539.0,59.1,80.5,87.5,2.46,530,105,5.22,18930,88,452640,2291.1,100,100,78,100,100,Good,True
Soybean,10.0,8.2,97.5,4.87,135.0,15.0,44.8,71.3,0.62,659,110,4.89,43035,7,285200,562.7,5,5,5,5,29,Poor,True
Soybean,2.25,22.0,61.1,7.11,568.0,44.5,44.4,39.8,2.83,491,102,3.16,8922,99,292905,3183.0,100,100,100,100,100,Good,True
Soybean,6.25,23.6,54.3,7.41,1258.0,145.3,94.7,26.1,1.49,495,97,5.35,28366,44,428375,1410.2,100,85,100,48,21,Moderate,True
Soybean,16.0,10.1,85.1,4.19,1863.0,11.8,54.7,53.4,0.57,645,111,7.52,67273,7,419520,523.6,5,5,5,5,13,Poor,True
Soybean,2.0,26.7,61.2,7.03,619.0,46.0,91.7,40.5,2.73,475,98,2.83,8942,99,251160,2708.8,100,100,100,100,100,Good,True
Soybean,0.25,21.5,66.5,6.06,848.0,48.7,44.0,28.0,2.75,502,99,0.35,1005,99,31625,3046.8,100,100,100,100,100,Good,True
Soybean,0.5,42.6,95.1,8.54,2892.0,9.0,37.4,82.9,0.53,660,107,0.24,2097,5,12190,481.3,5,5,5,5,5,Poor,True
Soybean,0.25,40.2,91.9,4.75,94.0,17.8,86.0,60.4,0.63,654,110,0.12,1148,10,7245,531.1,5,5,5,5,42,Poor,True
Soybean,1.0,21.7,66.2,6.7,833.0,55.9,91.4,69.2,2.85,490,98,1.38,4532,99,131100,2792.8,100,100,100,100,100,Good,True
Soybean,3.0,29.2,51.6,7.18,630.0,57.7,72.8,95.0,2.71,498,100,4.15,13743,99,373980,2621.2,100,100,100,100,100,Good,True
Soybean,9.0,25.6,78.3,6.31,420.0,96.3,74.9,37.1,1.98,578,100,9.25,40515,64,819720,1923.3,100,100,47,75,72,Moderate,True
Soybean,16.0,28.2,57.3,6.11,612.0,66.9,40.9,87.8,2.8,526,100,22.21,65192,99,2060800,3061.1,100,100,100,100,100,Good,True
Soybean,4.0,40.0,87.8,4.96,2055.0,5.6,43.2,56.6,0.54,638,113,1.88,17034,5,99360,483.3,5,5,5,5,5,Poor,True
Soybean,6.25,20.8,67.9,8.35,2528.0,57.3,95.3,75.0,1.26,502,98,4.61,28936,33,362250,1151.9,100,16,100,5,100,Poor,True
Soybean,6.25,26.3,40.7,6.96,1122.0,104.5,56.9,44.2,2.18,549,97,7.08,25662,71,626750,2342.3,100,100,65,66,64,Moderate,True
Soybean,12.25,42.6,17.4,8.8,165.0,7.2,47.5,42.8,0.52,657,109,5.7,48356,8,293020,506.0,5,5,5,5,5,Poor,True
Soybean,9.0,31.7,50.0,6.19,1733.0,59.2,47.2,43.6,1.45,492,99,7.72,36706,42,600300,1535.4,100,100,100,5,100,Poor,True
Soybean,6.25,22.9,59.9,7.09,594.0,56.2,49.3,50.6,2.8,500,98,9.05,25592,99,805000,3045.5,100,100,100,100,100,Good,True
Soybean,0.25,42.8,22.8,4.86,176.0,5.8,70.5,81.9,0.53,628,113,0.12,1118,6,6095,445.2,5,5,5,5,5,Poor,True
Soybean,2.0,32.0,51.6,6.32,743.0,50.6,37.6,35.2,2.81,500,101,2.77,8021,99,258520,3123.0,100,100,100,100,100,Good,True
Soybean,7.5,33.0,11.1,6.34,678.0,26.8,81.8,20.0,1.38,669,101,6.0,31734,43,476100,1400.3,89,100,5,100,85,Poor,True
Soybean,16.0,7.0,89.0,8.84,132.0,12.9,96.8,46.9,0.59,646,111,7.76,71636,7,434240,506.2,5,5,5,5,19,Poor,True
Soybean,7.5,20.3,70.2,6.68,1049.0,47.0,38.5,37.5,2.52,491,98,9.46,30629,83,869400,2738.5,100,100,98,75,100,Good,True
Soybean,9.0,31.2,64.0,6.26,827.0,69.7,43.8,51.4,2.77,500,99,12.64,37462,98,1146780,2961.2,100,100,100,100,100,Good,True
Soybean,5.0,28.1,50.4,6.93,746.0,52.7,81.2,21.0,2.9,499,98,7.21,21670,99,667000,2978.0,100,100,100,100,100,Good,True
Soybean,2.25,25.7,98.2,6.99,2771.0,65.7,60.2,80.7,1.21,644,100,1.74,10013,31,125235,1150.7,100,100,5,5,100,Poor,True
Soybean,7.5,17.9,60.6,7.21,786.0,64.2,52.4,29.3,2.45,492,104,9.3,32085,87,845250,2534.4,75,99,100,100,100,Good,True
Soybean,2.25,19.1,51.7,6.15,569.0,5.5,56.1,57.9,1.43,478,101,1.91,9692,41,148005,1427.1,90,100,100,100,5,Poor,True
Soybean,9.0,39.2,14.3,4.2,1744.0,7.4,70.8,68.6,0.57,636,112,4.2,38885,6,235980,506.9,14,5,5,5,5,Poor,True
Soybean,2.25,23.0,34.9,7.78,1216.0,139.7,65.3,43.2,1.41,578,101,1.86,9406,39,145935,1451.5,100,58,43,54,26,Poor,True
Soybean,4.0,25.5,77.9,7.61,1257.0,95.9,49.9,80.1,1.84,576,102,3.91,17146,58,338560,1874.6,100,70,50,48,73,Moderate,True
Soybean,9.0,30.0,55.9,5.48,470.0,57.1,45.1,61.1,2.12,496,103,9.68,37525,68,877680,2238.9,100,51,100,91,100,Moderate,True
Soybean,1.5,36.7,44.4,7.92,825.0,27.4,55.3,76.3,1.82,537,106,1.48,6505,59,125580,1830.5,44,47,79,100,88,Moderate,True
Soybean,2.0,41.1,62.3,6.9,925.0,33.7,52.5,20.5,1.36,515,112,1.63,8049,42,125120,1454.5,5,100,100,90,100,Poor,True
Soybean,2.0,27.9,60.7,6.13,1470.0,35.4,38.4,33.0,1.67,497,98,1.86,7849,52,153640,1857.4,100,100,100,21,100,Moderate,True
Soybean,6.25,20.3,38.6,5.92,917.0,133.8,79.7,28.6,1.74,569,100,5.97,27704,53,500250,1705.7,100,93,57,92,33,Moderate,True
Soybean,5.0,24.2,54.4,8.58,757.0,62.9,79.1,54.9,1.42,499,99,4.21,22668,43,326600,1340.8,100,5,100,100,100,Poor,True
Soybean,9.0,24.6,76.9,6.71,1396.0,91.0,98.6,61.1,1.66,566,100,8.23,40272,52,687240,1606.5,100,100,56,31,78,Moderate,True
Soybean,16.0,23.2,60.6,6.33,706.0,30.6,66.4,52.3,2.85,497,101,22.25,68857,99,2097600,2946.3,100,100,100,100,100,Good,True
Soybean,10.0,31.9,59.0,7.0,507.0,6.5,35.2,63.4,1.5,495,101,8.28,41614,42,690000,1558.1,100,100,100,100,5,Poor,True
Soybean,1.0,29.0,55.4,6.47,781.0,43.6,62.4,95.2,2.85,490,97,1.41,4511,98,131100,2806.2,100,100,100,100,100,Good,True
Soybean,10.0,20.2,34.3,7.29,914.0,75.5,72.0,39.8,1.89,587,101,10.44,43434,60,869400,1901.7,100,93,40,92,94,Moderate,True
Soybean,6.25,23.7,67.8,6.04,757.0,46.9,57.0,91.0,2.81,515,102,9.0,28336,99,807875,2751.1,100,100,100,100,100,Good,True
Soybean,5.0,20.3,59.0,6.87,828.0,30.5,52.9,68.5,2.91,512,101,6.88,21686,99,669300,2986.3,100,100,100,100,100,Good,True
Soybean,5.0,36.2,51.4,6.92,1216.0,42.3,37.1,53.3,1.98,482,107,5.55,20225,65,455400,2151.7,50,100,100,54,100,Moderate,True
Soybean,12.25,27.4,60.3,6.33,761.0,52.5,97.0,75.5,2.84,495,101,17.69,56341,99,1600340,2740.5,100,100,100,100,100,Good,True
Soybean,3.5,41.0,20.0,4.77,79.0,7.2,38.0,72.4,0.53,632,111,1.58,14665,5,85330,481.9,5,5,5,5,5,Poor,True
Soybean,2.25,40.7,18.9,4.31,1012.0,27.5,37.2,52.2,0.96,639,112,1.38,9615,22,99360,933.4,5,5,5,79,88,Poor,True
Soybean,6.25,28.6,46.1,6.86,690.0,8.8,92.1,38.9,1.4,514,97,5.06,28393,40,402500,1317.6,100,100,85,100,5,Poor,True
Soybean,1.5,28.0,63.2,6.35,782.0,55.3,42.8,40.1,2.75,502,98,2.13,6147,96,189750,2986.9,100,100,100,100,100,Good,True
Soybean,12.25,22.2,46.4,7.36,967.0,114.8,80.1,21.0,2.07,511,98,13.31,54068,71,1166445,2057.4,100,88,86,85,53,Moderate,True
Soybean,1.5,16.2,36.1,6.02,1056.0,139.6,38.8,90.5,1.45,560,106,1.24,6500,40,100050,1439.2,55,100,47,74,27,Poor,True
Soybean,1.5,20.9,64.4,6.21,765.0,47.3,91.4,93.7,2.81,506,102,2.08,6929,99,193890,2698.2,100,100,100,100,100,Good,True
Soybean,2.25,36.0,61.8,5.96,1271.0,105.1,57.6,95.4,1.84,501,106,2.18,9634,58,190440,1876.7,52,96,100,47,63,Moderate,True
Soybean,2.25,25.3,56.3,5.49,660.0,110.9,63.4,26.5,2.01,497,98,2.36,9475,67,208035,2095.6,100,52,100,100,57,Moderate,True
Soybean,3.0,30.0,33.9,6.58,823.0,74.7,47.0,82.4,1.91,583,102,3.13,13255,61,263580,1888.5,100,100,39,100,95,Moderate,True
Soybean,4.0,28.7,63.9,6.24,558.0,35.8,30.7,31.2,2.73,501,99,5.61,16134,98,502320,3013.4,100,100,100,100,100,Good,True
Soybean,0.25,32.3,97.6,5.71,850.0,57.3,41.1,63.0,1.39,625,103,0.2,1034,38,15985,1445.9,97,72,5,100,100,Poor,True
Soybean,6.25,18.6,50.6,6.09,2902.0,46.1,56.9,44.9,1.38,484,103,5.4,26630,42,396750,1389.9,84,100,100,5,100,Poor,True
Soybean,1.5,22.9,39.1,7.58,508.0,87.2,39.4,93.5,2.13,557,102,1.64,6492,71,146970,2163.9,100,72,59,100,82,Moderate,True
Soybean,9.0,43.0,96.6,8.85,2355.0,12.3,39.4,23.2,0.56,625,110,4.35,35808,5,231840,547.5,5,5,5,5,16,Poor,True
Soybean,10.0,26.1,64.0,6.78,576.0,117.9,75.5,34.3,2.17,494,102,11.03,44158,68,998200,2160.5,100,100,100,100,49,Moderate,True
Soybean,2.0,25.5,68.4,6.03,597.0,41.3,50.4,75.1,2.76,506,101,2.85,8773,99,253920,2794.3,100,100,100,100,100,Good,True
Soybean,0.25,37.1,18.3,4.56,182.0,10.6,35.1,75.0,0.64,619,106,0.13,1013,10,7360,626.6,39,5,5,5,8,Poor,True
Soybean,10.0,37.6,77.9,7.57,1530.0,183.4,49.9,57.0,0.92,569,109,6.2,41285,18,423200,925.1,34,73,50,14,5,Poor,True
Soybean,16.0,28.7,69.9,6.59,690.0,34.2,98.2,47.6,2.86,497,99,22.89,72743,98,2104960,2793.7,100,100,100,100,100,Good,True
Soybean,3.0,12.3,41.2,8.43,1367.0,162.2,99.2,67.4,0.78,558,111,1.75,13852,15,107640,677.1,9,10,66,35,5,Poor,True
Soybean,2.25,13.3,26.0,8.99,1360.0,144.8,82.7,77.1,0.72,633,110,1.22,10185,11,74520,631.7,20,5,9,35,21,Poor,True
Soybean,7.5,26.3,54.7,6.46,842.0,7.8,79.0,37.6,1.44,492,100,6.3,33418,46,496800,1386.6,100,100,100,100,5,Poor,True
Soybean,1.0,26.3,60.8,6.36,580.0,42.5,76.0,84.4,2.84,502,100,1.39,4674,99,130640,2695.0,100,100,100,100,100,Good,True
Soybean,3.5,11.8,93.5,6.88,2733.0,129.6,97.9,70.1,0.83,609,110,2.05,16376,19,133630,716.0,5,100,5,5,37,Poor,True
Soybean,2.25,26.9,48.7,7.06,132.0,60.9,63.5,98.7,1.42,507,101,1.92,10120,42,146970,1352.3,100,100,95,5,100,Poor,True
Soybean,10.0,23.0,53.1,6.35,615.0,49.8,94.3,41.9,2.93,504,97,14.06,45178,99,1347800,2883.3,100,100,100,100,100,Good,True
Soybean,0.5,18.8,36.6,7.8,821.0,143.8,75.5,38.6,1.46,562,102,0.39,2123,40,33580,1481.7,85,56,49,100,22,Poor,True
Soybean,9.0,33.4,67.5,6.31,1970.0,38.2,70.5,25.7,1.38,500,99,7.77,39015,42,571320,1364.4,83,100,100,5,100,Poor,True
Soybean,2.25,22.3,32.6,6.85,1031.0,26.1,35.6,54.1,1.75,596,100,2.15,9189,57,181125,1871.1,100,100,34,77,82,Moderate,True
Soybean,16.0,21.6,38.3,7.76,795.0,44.8,70.5,35.0,2.06,567,100,17.89,70184,67,1516160,2060.3,100,59,55,100,100,Moderate,True
Soybean,2.0,25.1,67.4,6.79,830.0,41.1,35.7,35.3,2.89,508,102,2.76,8031,99,265880,3210.7,100,100,100,100,100,Good,True
Soybean,1.0,36.9,34.3,7.34,493.0,72.4,47.5,76.6,1.7,603,106,0.97,4378,55,78200,1686.2,41,90,40,98,98,Moderate,True
Soybean,3.0,19.6,40.0,6.76,636.0,47.9,80.4,47.7,2.26,547,102,3.51,13799,77,311880,2160.2,95,100,62,100,100,Good,True
Soybean,9.0,10.9,88.6,8.7,2085.0,12.6,79.3,53.2,0.56,639,113,4.12,41749,5,231840,455.3,5,5,5,5,17,Poor,True
Soybean,16.0,10.6,96.7,8.77,2636.0,16.2,41.4,49.7,0.62,628,112,8.11,67077,6,456320,580.3,5,5,5,5,35,Poor,True
Soybean,3.0,21.2,55.9,6.15,759.0,69.5,53.3,28.1,2.73,513,100,3.97,12744,99,376740,2856.2,100,100,100,100,100,Good,True
Soybean,2.0,37.7,84.2,7.54,2253.0,122.5,54.6,27.7,0.88,636,106,1.2,8721,17,80960,828.3,32,75,10,5,45,Poor,True
Soybean,5.0,36.7,63.4,7.34,1023.0,61.9,58.9,72.8,1.9,503,109,5.25,22042,66,437000,1882.6,44,90,100,78,100,Moderate,True
Soybean,6.25,27.9,68.8,4.11,526.0,56.0,31.8,52.9,1.43,509,97,5.29,25592,41,411125,1506.5,100,5,100,100,100,Poor,True
Soybean,6.25,7.9,95.1,4.28,193.0,8.8,64.4,59.7,0.54,647,113,3.04,27619,5,155250,462.1,5,5,5,5,5,Poor,True
Soybean,1.5,25.6,88.4,7.25,868.0,35.4,90.6,58.9,1.37,642,96,1.29,6908,42,94530,1268.4,100,96,5,98,100,Poor,True
Soybean,3.5,40.5,18.1,4.69,194.0,19.9,43.9,96.5,0.67,640,111,1.8,14595,9,107870,639.1,5,5,5,5,52,Poor,True
Soybean,1.0,18.7,41.0,5.93,475.0,120.2,77.5,37.3,1.94,539,104,1.01,4460,65,89240,1900.9,85,94,66,92,47,Moderate,True
Soybean,0.25,11.0,17.7,8.82,2792.0,18.2,96.8,29.6,0.62,640,111,0.13,1131,9,7130,530.4,5,5,5,5,44,Poor,True
Soybean,3.5,31.9,51.6,6.23,588.0,42.7,93.2,55.3,2.81,501,100,4.88,16351,99,452410,2666.9,100,100,100,100,100,Good,True
Soybean,12.25,31.3,64.4,6.56,833.0,58.9,52.2,66.5,2.8,502,99,16.96,53079,99,1577800,2872.6,100,100,100,100,100,Good,True
Soybean,2.0,21.2,45.8,7.63,956.0,141.1,47.1,88.5,1.61,529,99,1.84,8452,47,148120,1652.5,100,69,84,87,25,Moderate,True
Soybean,6.25,21.4,11.1,6.12,863.0,40.3,46.7,99.0,1.4,643,99,5.21,27850,42,402500,1345.2,100,100,5,98,100,Poor,True
Soybean,16.0,43.0,86.6,8.5,161.0,17.2,67.3,60.8,0.62,652,113,8.18,71949,9,456320,534.2,5,5,5,5,39,Poor,True
Soybean,3.0,16.9,47.8,7.41,1314.0,114.0,31.3,76.4,1.71,502,106,2.78,12559,54,235980,1779.0,64,84,91,41,54,Moderate,True
Soybean,0.5,30.8,69.9,7.19,653.0,39.6,50.8,96.1,2.78,515,101,0.72,2203,98,63940,2802.4,100,100,100,100,100,Good,True
Soybean,2.0,42.0,16.8,4.73,69.0,12.5,51.3,76.5,0.56,652,111,0.95,8418,6,51520,512.0,5,5,5,5,17,Poor,True
Soybean,1.5,5.9,17.9,4.23,1602.0,194.5,34.4,70.8,0.54,650,112,0.73,6322,5,37260,489.4,5,5,5,5,5,Poor,True
Soybean,12.25,28.4,69.9,6.27,844.0,69.9,62.9,55.6,2.78,512,98,17.87,53594,99,1566530,2823.0,100,100,100,100,100,Good,True
Soybean,9.0,24.9,85.8,6.7,625.0,39.2,90.3,88.3,1.42,641,100,7.52,41168,46,587880,1328.0,100,100,5,100,100,Poor,True
Soybean,10.0,38.5,11.3,4.02,78.0,9.7,64.7,37.0,0.58,655,111,4.87,42366,7,266800,529.8,23,5,5,5,5,Poor,True
Soybean,16.0,28.1,57.7,7.11,760.0,50.6,44.3,44.4,2.81,506,98,22.34,64431,99,2068160,3109.9,100,100,100,100,100,Good,True
Soybean,16.0,6.6,95.1,5.01,155.0,8.5,55.6,96.8,0.52,643,112,7.36,72794,6,382720,425.8,5,6,5,5,5,Poor,True
Soybean,3.5,40.2,13.0,4.04,121.0,19.6,40.3,74.5,0.63,652,112,1.86,14953,9,101430,578.3,5,5,5,5,51,Poor,True
Soybean,0.25,41.4,95.9,8.35,1707.0,15.7,93.4,85.9,0.63,628,112,0.13,1192,9,7245,507.8,5,16,5,5,32,Poor,True
Soybean,0.5,23.9,70.8,5.6,685.0,64.2,64.4,58.1,2.18,496,102,0.56,2191,76,50140,2188.5,100,62,95,100,100,Good,True
Soybean,4.0,22.8,54.2,7.76,322.0,91.3,60.7,49.7,1.8,507,99,4.13,17410,61,331200,1802.4,100,59,100,43,78,Moderate,True
Soybean,12.25,31.3,51.3,7.06,604.0,58.0,34.4,60.0,2.87,527,97,16.91,50771,99,1617245,3085.4,100,100,100,100,100,Good,True
Soybean,4.0,23.1,55.0,6.25,601.0,68.8,62.5,26.1,2.76,495,101,5.64,16846,99,507840,2914.6,100,100,100,100,100,Good,True
Soybean,5.0,27.0,53.2,6.33,744.0,60.3,85.3,68.5,2.73,502,98,7.14,22984,99,627900,2631.9,100,100,100,100,100,Good,True
Soybean,0.25,23.8,73.5,7.0,1171.0,57.4,35.9,97.7,2.19,529,102,0.27,1094,73,25185,2202.1,100,100,78,59,100,Moderate,True
Soybean,0.25,22.7,69.2,6.02,777.0,61.2,45.6,56.5,2.84,500,100,0.36,1031,99,32660,3067.8,100,100,100,100,100,Good,True
Soybean,4.0,25.3,51.6,8.0,498.0,109.6,74.5,32.9,1.85,509,101,4.18,17281,60,340400,1869.8,100,42,100,99,58,Moderate,True
Soybean,1.0,24.6,56.1,6.4,757.0,32.4,49.4,58.1,2.71,511,100,1.42,4191,99,124660,2874.5,100,100,100,100,100,Good,True
Soybean,0.25,6.6,42.5,6.93,1025.0,147.9,58.7,60.8,1.12,527,110,0.18,1076,29,12880,1097.0,5,100,72,78,18,Poor,True
Soybean,4.0,9.5,53.1,7.34,649.0,44.2,49.6,63.1,1.41,490,112,3.35,17221,42,259440,1406.5,5,89,100,100,100,Poor,True
Soybean,0.5,39.1,22.1,4.3,2278.0,12.6,73.4,92.6,0.6,642,110,0.24,2351,9,13800,487.0,15,5,5,5,18,Poor,True
Soybean,9.0,31.2,69.9,6.67,558.0,64.8,37.4,98.8,2.87,503,101,12.32,38252,99,1188180,3006.2,100,100,100,100,100,Good,True
Soybean,4.0,26.5,62.2,4.24,811.0,74.5,32.3,92.0,1.45,496,101,3.35,16894,41,266800,1479.3,100,5,100,100,95,Poor,True
Soybean,3.0,11.0,89.7,4.3,2786.0,5.1,98.4,79.1,0.53,637,115,1.41,14324,6,73140,410.6,5,5,5,5,5,Poor,True
Soybean,3.5,39.3,91.4,8.71,2508.0,16.3,77.2,41.4,0.64,651,108,1.82,15289,7,103040,573.9,13,5,5,5,35,Poor,True
Soybean,1.0,42.5,86.4,6.25,2823.0,103.2,71.5,53.1,0.91,647,113,0.64,4451,20,41860,840.5,5,100,5,5,65,Poor,True
Soybean,3.0,23.8,57.2,7.93,401.0,80.5,62.8,97.4,1.94,499,102,3.19,13484,65,267720,1885.5,100,47,100,69,89,Moderate,True
Soybean,4.0,31.7,77.3,7.16,587.0,109.7,91.2,63.0,2.03,554,101,4.24,18340,70,373520,1936.6,100,100,54,100,58,Moderate,True
Soybean,9.0,30.0,54.9,5.96,627.0,9.6,41.5,77.3,1.41,500,102,7.56,38864,44,583740,1402.0,100,97,100,100,5,Poor,True
Soybean,1.0,10.4,21.9,4.55,1630.0,12.4,97.9,99.0,0.57,641,110,0.47,4947,6,26220,430.0,5,5,5,5,16,Poor,True
Soybean,3.5,34.2,66.2,6.23,500.0,57.8,84.8,43.6,2.47,496,104,4.4,15612,85,397670,2447.2,74,100,100,100,100,Good,True
Soybean,6.25,31.9,67.7,6.37,506.0,51.6,37.4,55.5,2.76,494,102,8.82,26286,99,793500,2918.7,100,100,100,100,100,Good,True
Soybean,0.25,10.0,23.6,8.89,1715.0,8.9,49.1,96.8,0.55,635,111,0.12,1088,6,6325,481.3,5,5,5,5,5,Poor,True
Soybean,0.5,26.2,57.6,6.65,520.0,51.4,38.8,43.4,2.86,505,99,0.7,2047,99,65780,3113.5,100,100,100,100,100,Good,True
Soybean,9.0,10.9,91.4,4.56,2303.0,16.7,46.2,32.6,0.65,637,111,4.6,35932,9,269100,648.9,5,5,5,5,37,Poor,True
Soybean,10.0,39.2,20.6,8.38,2682.0,14.9,47.9,84.9,0.63,663,110,5.16,43706,12,289800,563.1,15,14,5,5,28,Poor,True
Soybean,5.0,34.8,43.5,7.55,1390.0,116.2,77.6,80.4,1.5,543,102,4.36,23807,46,345000,1349.2,67,74,75,32,51,Moderate,True
Soybean,6.25,32.4,66.1,7.47,491.0,79.8,74.7,24.6,2.44,515,101,8.3,26924,89,701500,2505.5,96,80,100,97,90,Good,True
Soybean,6.25,36.9,30.5,8.91,2428.0,88.5,71.6,79.3,0.87,586,108,3.65,28509,19,250125,777.4,42,5,26,5,81,Poor,True
Soybean,6.25,41.3,91.6,4.56,93.0,5.9,65.8,81.4,0.57,656,113,2.92,27994,5,163875,485.4,5,5,5,5,5,Poor,True
Soybean,0.25,29.8,69.4,6.86,775.0,40.7,50.2,30.9,2.77,486,99,0.36,1024,99,31855,3010.8,100,100,100,100,100,Good,True
Soybean,0.5,37.6,12.6,4.29,107.0,10.6,65.7,30.0,0.61,648,108,0.26,2138,8,14030,556.2,34,5,5,5,8,Poor,True
Soybean,2.0,23.5,63.5,8.49,1476.0,4.3,49.0,92.3,1.05,502,104,1.39,8808,26,96600,996.7,100,6,100,21,5,Poor,True
Soybean,6.25,31.6,66.7,7.03,91.0,30.8,54.8,50.5,1.43,483,99,5.18,26425,42,411125,1455.8,100,100,100,5,100,Poor,True
Soybean,2.25,26.2,69.9,6.4,549.0,55.7,77.8,43.7,2.74,506,101,3.13,10133,99,283590,2698.7,100,100,100,100,100,Good,True
Soybean,6.25,20.8,71.5,4.21,894.0,43.5,91.3,73.7,1.42,512,102,5.08,29138,40,408250,1301.1,100,5,90,94,100,Poor,True
Soybean,3.0,29.7,95.7,7.47,702.0,65.2,37.6,25.3,1.39,614,100,2.45,11220,40,191820,1609.6,100,80,5,100,100,Poor,True
Soybean,6.25,30.4,60.2,6.36,641.0,147.5,71.4,93.6,1.6,504,101,5.81,28264,50,460000,1527.5,100,100,100,100,18,Moderate,True
Soybean,2.25,9.5,64.3,6.09,645.0,51.7,64.2,39.8,1.4,492,109,1.91,9861,42,144900,1369.4,5,100,100,100,100,Poor,True
Soybean,3.0,39.8,15.8,4.04,55.0,18.1,42.4,98.2,0.65,669,109,1.5,12675,10,89700,607.7,7,5,5,5,43,Poor,True
Soybean,6.25,33.3,33.1,5.46,575.0,109.0,51.7,33.1,1.65,580,100,5.78,25129,50,474375,1787.8,84,49,36,100,59,Moderate,True
Soybean,4.0,25.8,51.1,6.43,525.0,36.4,90.5,82.7,2.88,500,103,5.63,18552,99,529920,2756.4,100,100,100,100,100,Good,True
Soybean,1.5,23.1,54.3,6.13,828.0,35.2,60.6,98.9,2.75,513,101,2.16,6824,98,189750,2680.6,100,100,100,100,100,Good,True
Soybean,2.0,26.6,56.7,7.17,657.0,34.1,47.1,80.3,2.87,514,101,2.82,8283,99,264040,3087.7,100,100,100,100,100,Good,True
Soybean,16.0,10.9,16.1,8.37,2470.0,9.1,39.9,83.4,0.56,657,111,7.41,67294,8,412160,512.5,5,15,5,5,5,Poor,True
Soybean,7.5,31.8,58.9,6.32,563.0,39.8,36.0,42.0,2.87,494,98,10.63,31027,99,990150,3091.3,100,100,100,100,100,Good,True
Soybean,9.0,40.3,98.0,4.64,166.0,13.0,48.9,69.0,0.56,652,113,4.41,39862,9,231840,481.6,5,5,5,5,19,Poor,True
Soybean,3.0,19.5,58.3,8.03,390.0,20.5,87.2,72.6,1.71,492,101,2.88,14424,54,235980,1536.0,94,40,100,65,55,Moderate,True
Soybean,3.0,6.3,57.0,6.48,751.0,59.5,54.3,49.6,1.43,497,111,2.5,12820,43,197340,1439.3,5,100,100,100,100,Poor,True
Soybean,7.5,23.5,50.2,7.19,502.0,36.9,46.1,47.8,2.86,493,101,10.25,30653,99,986700,3118.9,100,100,100,100,100,Good,True
Soybean,1.0,43.8,63.1,5.97,458.0,63.6,91.3,33.7,1.41,505,113,0.83,4365,42,64860,1385.9,5,97,100,87,100,Poor,True
Soybean,16.0,23.7,40.8,6.02,1214.0,42.6,66.3,46.9,2.04,548,99,17.41,71188,68,1501440,2009.1,100,100,65,54,100,Moderate,True
Soybean,9.0,19.9,72.2,6.72,97.0,65.8,71.0,90.6,1.48,512,101,7.59,41206,39,612720,1387.0,99,100,86,5,100,Poor,True
Soybean,1.5,25.3,74.7,6.87,1134.0,138.6,74.1,56.1,1.58,552,98,1.34,6539,48,109020,1567.2,100,100,70,64,28,Moderate,True
Soybean,3.0,20.5,48.5,6.3,623.0,69.4,44.8,40.7,2.54,502,101,4.11,11902,98,350520,2845.1,100,100,94,100,100,Good,True
Soybean,0.5,26.7,52.5,6.32,781.0,50.2,85.3,43.6,2.8,495,99,0.71,2240,99,64400,2775.0,100,100,100,100,100,Good,True
Soybean,1.0,10.3,26.3,7.52,1473.0,97.7,47.7,82.3,0.91,656,115,0.61,4391,19,41860,853.3,5,77,10,21,71,Poor,True
Soybean,0.25,7.6,12.4,4.06,127.0,19.4,77.0,49.1,0.62,634,111,0.13,1089,11,7130,554.7,5,5,5,5,50,Poor,True
Soybean,0.25,39.8,94.8,8.82,82.0,5.3,89.3,21.9,0.54,670,111,0.12,1100,5,6210,464.5,7,5,5,5,5,Poor,True
Soybean,10.0,33.2,76.6,6.15,1162.0,27.5,41.0,48.8,2.0,559,103,11.22,42684,69,920000,2055.4,86,100,58,60,88,Moderate,True
Soybean,0.5,21.6,35.2,6.7,1150.0,26.9,86.7,48.3,1.89,556,101,0.49,2203,62,43470,1873.2,100,100,44,62,85,Moderate,True
Soybean,3.5,21.1,54.2,6.56,656.0,49.1,43.9,54.8,2.85,503,101,4.8,14429,99,458850,3080.1,100,100,100,100,100,Good,True
Soybean,4.0,24.9,64.8,6.48,1099.0,42.7,36.5,54.7,2.35,520,100,4.88,16454,80,432400,2527.9,100,100,100,69,100,Good,True
Soybean,3.0,21.6,48.9,7.16,761.0,9.2,73.0,98.9,1.41,511,99,2.4,13875,40,194580,1302.4,100,100,96,100,5,Poor,True
Soybean,12.25,38.6,18.4,4.59,120.0,11.6,40.0,96.2,0.59,640,107,6.08,53616,6,332465,520.1,22,5,5,5,13,Poor,True
Soybean,10.0,29.6,73.3,4.67,592.0,60.3,79.5,43.7,1.39,534,99,8.04,44469,42,639400,1337.9,100,5,79,100,100,Poor,True
Soybean,0.5,28.4,52.8,7.14,656.0,31.2,38.7,51.5,2.77,510,101,0.71,2007,99,63710,3074.4,100,100,100,100,100,Good,True
Soybean,3.0,31.2,54.9,7.03,790.0,61.7,34.0,30.5,2.86,491,98,4.23,12251,99,394680,3121.6,100,100,100,100,100,Good,True
Soybean,2.0,40.9,71.7,6.12,702.0,75.2,47.3,70.8,1.44,512,112,1.67,8436,40,132480,1470.4,5,100,89,100,94,Poor,True
Soybean,5.0,33.5,51.2,7.96,769.0,56.6,65.6,62.5,1.95,489,101,5.21,22451,67,448500,1897.7,83,45,100,100,100,Moderate,True
Soybean,0.5,23.4,61.3,6.2,514.0,48.0,96.3,95.0,2.75,515,100,0.71,2442,97,63250,2490.1,100,100,100,100,100,Good,True
Soybean,9.0,24.6,56.5,6.24,842.0,35.3,62.2,65.9,2.88,500,98,12.25,38815,99,1192320,2971.8,100,100,100,100,100,Good,True
Soybean,0.25,42.7,95.8,8.74,2029.0,15.7,54.8,56.5,0.61,640,111,0.12,1070,8,7015,555.6,5,5,5,5,32,Poor,True
Soybean,2.0,25.3,20.4,6.24,660.0,21.8,79.7,43.0,1.35,634,100,1.65,8832,41,124200,1306.2,100,100,5,100,61,Poor,True
Soybean,0.25,26.7,38.0,7.9,863.0,50.1,81.0,72.7,1.97,567,101,0.27,1134,65,22655,1897.8,100,49,54,98,100,Moderate,True
Soybean,16.0,38.0,17.3,4.42,70.0,7.2,77.8,92.2,0.59,631,110,7.84,72659,9,434240,497.6,29,5,5,5,5,Poor,True
Soybean,12.25,15.1,73.0,7.14,442.0,67.3,41.3,68.0,1.86,531,105,12.4,50427,62,1048110,1978.5,41,100,81,82,100,Moderate,True
Soybean,0.5,33.0,75.5,6.27,1317.0,74.8,44.6,89.0,1.78,559,102,0.49,2199,59,40940,1761.8,88,100,65,41,95,Moderate,True
Soybean,1.0,11.5,96.8,8.76,1989.0,10.0,55.7,26.5,0.57,653,112,0.46,4113,6,26220,537.5,5,5,5,5,5,Poor,True
Soybean,0.25,40.9,12.3,4.06,68.0,5.2,30.5,30.9,0.54,654,113,0.12,977,7,6210,535.6,5,5,5,5,5,Poor,True
Soybean,4.0,32.2,72.7,5.9,304.0,133.0,90.9,30.5,1.65,503,102,3.71,17532,50,303600,1631.7,97,91,83,38,33,Moderate,True
Soybean,1.0,26.8,63.5,6.82,839.0,38.5,80.3,33.0,2.83,494,98,1.41,4334,99,130180,2903.7,100,100,100,100,100,Good,True
Soybean,6.25,32.7,76.4,6.4,1302.0,120.4,63.4,72.0,1.68,542,100,6.04,27515,57,483000,1655.4,91,100,59,43,47,Moderate,True
Soybean,4.0,40.4,14.2,8.86,139.0,8.1,44.7,75.9,0.54,648,112,1.87,16789,5,99360,491.8,5,5,5,5,5,Poor,True
Soybean,4.0,32.0,88.0,7.37,662.0,71.6,43.5,83.0,1.43,629,101,3.32,16785,43,263120,1467.6,100,87,5,100,98,Poor,True
Soybean,0.5,30.2,38.1,5.42,1227.0,97.9,80.1,61.6,1.74,577,101,0.48,2239,51,40020,1687.4,100,45,55,52,71,Moderate,True
Soybean,9.0,21.2,68.1,6.46,744.0,48.2,45.1,53.5,2.75,477,100,12.74,36471,99,1138500,3021.7,100,100,100,100,100,Good,True
Soybean,1.0,29.6,56.8,5.83,688.0,5.9,87.7,47.6,1.37,499,103,0.85,4310,41,63020,1362.2,100,84,100,100,5,Poor,True
Soybean,0.5,37.3,11.4,4.0,116.0,7.5,48.0,91.5,0.62,635,107,0.25,2173,6,14260,556.2,37,5,5,5,5,Poor,True
Soybean,16.0,41.4,19.5,4.56,108.0,18.2,76.7,50.6,0.62,645,109,7.8,71846,8,456320,535.1,5,5,5,5,44,Poor,True
Soybean,12.25,10.7,84.0,4.57,123.0,6.0,61.7,22.4,0.55,633,114,5.62,52377,5,309925,491.7,5,5,11,5,5,Poor,True
Soybean,1.5,21.3,44.0,7.46,658.0,97.0,86.7,99.1,2.29,545,100,1.77,6975,80,158010,2165.4,100,81,77,100,71,Good,True
Soybean,6.25,24.2,54.3,7.08,729.0,41.5,33.6,69.8,2.86,502,100,8.77,26090,99,822250,3051.6,100,100,100,100,100,Good,True
Soybean,6.25,34.3,63.1,7.02,621.0,72.8,88.9,57.4,2.45,500,102,7.92,28771,87,704375,2348.2,72,100,100,100,97,Good,True
Soybean,3.0,42.9,19.0,4.08,70.0,12.1,43.5,95.7,0.54,644,111,1.46,12699,7,74520,486.8,5,5,5,5,15,Poor,True
Soybean,2.0,25.1,39.8,7.95,1174.0,93.7,95.9,79.4,1.75,572,99,1.97,9220,55,161000,1646.2,100,45,61,59,75,Moderate,True
Soybean,7.5,31.0,68.1,6.41,510.0,56.5,66.2,24.1,2.74,499,100,10.65,31297,99,945300,2920.4,100,100,100,100,100,Good,True
Soybean,16.0,25.7,69.5,6.72,795.0,34.2,98.5,32.8,2.78,507,99,21.75,73745,99,2046080,2674.5,100,100,100,100,100,Good,True
Soybean,2.0,20.3,37.7,7.37,1232.0,66.6,78.3,73.6,1.98,561,101,2.16,8839,65,182160,1960.9,100,88,53,52,100,Moderate,True
Soybean,5.0,31.9,35.3,6.03,354.0,43.0,99.8,68.5,1.88,593,102,5.06,23899,62,432400,1709.3,100,100,44,54,100,Moderate,True
Soybean,4.0,42.8,17.0,4.42,112.0,15.7,30.0,24.7,0.61,640,114,1.84,15905,8,112240,605.7,5,5,5,5,32,Poor,True
Soybean,6.25,38.1,10.3,4.52,122.0,18.1,96.1,29.7,0.68,629,109,3.38,27099,10,195500,621.4,28,5,5,5,43,Poor,True
Soybean,6.25,41.1,17.5,4.22,77.0,13.9,75.0,45.9,0.56,663,110,3.06,27334,10,161000,489.0,5,5,5,5,24,Poor,True
Soybean,9.0,8.5,95.2,8.37,133.0,7.5,31.0,94.9,0.56,664,109,4.15,37891,6,231840,511.9,5,15,5,5,5,Poor,True
Soybean,3.0,23.6,68.1,6.11,677.0,61.8,66.8,24.5,2.81,494,102,4.25,12539,99,387780,2992.6,100,100,100,100,100,Good,True
Soybean,2.25,22.4,10.3,7.03,2823.0,93.0,30.8,96.4,1.14,649,102,1.64,9870,31,117990,1095.4,100,100,5,5,76,Poor,True
Soybean,16.0,34.4,21.0,5.11,170.0,88.7,73.8,53.9,0.89,627,104,9.82,70471,19,655040,829.5,72,15,5,5,80,Poor,True
Soybean,0.25,21.7,45.8,8.89,757.0,71.5,53.8,63.3,1.41,511,98,0.21,1068,40,16215,1418.3,100,5,84,100,98,Poor,True
Soybean,5.0,25.5,58.4,6.75,654.0,53.6,96.5,20.4,2.84,503,100,6.88,22368,99,653200,2820.2,100,100,100,100,100,Good,True
Soybean,0.25,31.4,51.0,6.55,739.0,58.4,53.7,80.2,2.72,498,99,0.35,1063,99,31280,2842.6,100,100,100,100,100,Good,True
Soybean,7.5,39.2,86.7,4.75,2302.0,6.6,93.8,43.0,0.54,641,110,3.67,33637,8,186300,453.9,15,5,5,5,5,Poor,True
Soybean,9.0,41.8,10.4,4.63,188.0,14.8,48.9,73.0,0.6,631,112,4.34,37258,6,248400,566.7,5,5,5,5,28,Poor,True
Soybean,3.5,26.0,59.6,6.53,605.0,49.0,93.9,74.6,2.94,505,100,4.97,16254,99,473340,2812.1,100,100,100,100,100,Good,True
Soybean,9.0,41.8,19.1,4.12,123.0,10.8,76.4,94.3,0.54,643,115,4.34,40565,5,223560,451.1,5,5,5,5,9,Poor,True
Soybean,10.0,27.0,63.0,6.64,747.0,61.7,72.3,36.1,2.83,490,100,13.88,42037,99,1301800,2996.8,100,100,100,100,100,Good,True
Soybean,1.5,40.1,96.8,8.88,2550.0,13.5,81.5,89.2,0.57,643,112,0.71,6951,5,39330,465.8,5,5,5,5,21,Poor,True
Soybean,5.0,22.1,51.9,6.59,842.0,61.5,78.8,86.9,2.78,485,102,7.05,22422,99,639400,2751.7,100,100,100,100,100,Good,True
Soybean,2.25,22.0,54.4,4.53,760.0,42.3,97.0,26.9,1.44,490,101,1.92,9701,44,149040,1436.3,100,5,100,100,100,Poor,True
Soybean,0.25,29.5,43.3,8.08,695.0,36.0,57.7,84.9,1.85,548,98,0.25,1106,58,21275,1823.6,100,36,75,100,100,Moderate,True
Soybean,10.0,40.1,16.4,4.78,93.0,6.4,61.3,38.9,0.54,633,109,4.75,42460,5,248400,485.0,5,5,5,5,5,Poor,True
Soybean,10.0,41.1,15.4,4.71,82.0,12.1,35.1,32.8,0.57,642,110,4.62,39814,5,262200,558.6,5,5,5,5,15,Poor,True
Soybean,5.0,29.5,66.5,6.04,529.0,66.8,70.2,90.3,2.82,486,100,7.09,22608,99,648600,2768.9,100,100,100,100,100,Good,True
Soybean,16.0,17.7,31.9,7.3,1364.0,33.1,37.7,79.2,1.57,603,105,14.7,65631,50,1155520,1660.6,72,93,31,35,100,Moderate,True
Soybean,3.5,8.1,24.0,5.18,112.0,12.2,71.2,51.1,0.61,646,111,1.7,15464,8,98210,535.1,5,22,5,5,16,Poor,True
Soybean,0.25,26.9,58.4,6.31,770.0,55.2,34.8,60.7,2.76,498,100,0.35,1032,99,31740,2975.6,100,100,100,100,100,Good,True
Soybean,1.0,29.2,58.2,6.98,550.0,48.5,61.3,51.5,2.67,495,101,1.38,4279,99,122820,2770.3,100,100,100,100,100,Good,True
Soybean,16.0,26.6,57.9,6.68,586.0,42.4,70.6,98.9,2.82,498,99,21.79,72920,99,2075520,2746.3,100,100,100,100,100,Good,True
Soybean,3.5,41.0,91.2,4.7,246.0,194.2,84.4,96.8,0.57,641,108,1.73,16159,5,91770,467.9,5,5,5,19,5,Poor,True
Soybean,2.25,30.0,53.5,6.82,699.0,148.0,76.8,95.9,1.6,508,99,2.03,10346,52,165600,1500.6,100,100,100,100,18,Moderate,True
Soybean,3.0,16.0,58.8,6.97,1118.0,115.6,41.1,96.2,1.87,489,104,3.13,12960,65,258060,1891.2,53,100,100,66,52,Moderate,True
Soybean,0.5,23.7,69.4,6.53,797.0,61.8,97.5,82.1,2.81,499,102,0.69,2357,99,64630,2642.0,100,100,100,100,100,Good,True
Soybean,2.0,23.5,50.4,6.41,815.0,33.0,38.2,49.1,2.79,508,102,2.83,8514,99,256680,2914.8,100,100,100,100,100,Good,True
Soybean,10.0,33.8,64.4,6.8,199.0,37.0,89.7,20.4,1.36,499,100,8.27,43695,41,625600,1331.7,79,100,100,5,100,Poor,True
Soybean,3.5,29.6,53.7,6.79,730.0,55.6,68.7,47.3,2.82,488,98,4.9,14918,99,454020,2943.4,100,100,100,100,100,Good,True
Soybean,1.5,20.2,60.8,7.26,589.0,81.4,76.2,89.0,2.66,498,99,1.96,6954,94,183540,2539.3,100,96,100,100,88,Good,True
Soybean,10.0,34.1,45.8,7.51,993.0,32.3,54.4,67.0,2.33,519,101,12.02,43211,79,1071800,2380.4,75,78,84,82,100,Good,True
Soybean,10.0,39.6,11.4,4.24,101.0,10.8,31.4,66.4,0.57,632,114,4.63,40365,5,262200,549.6,10,5,5,5,9,Poor,True
Soybean,16.0,23.6,69.6,6.44,1084.0,106.3,84.9,88.3,2.18,505,99,18.18,77224,76,1604480,1977.7,100,100,100,70,62,Moderate,True
Soybean,16.0,22.6,68.8,6.89,792.0,50.6,91.3,46.7,2.89,477,99,21.96,71895,98,2127040,2858.5,100,100,100,100,100,Good,True
Soybean,3.5,28.9,66.4,7.96,319.0,136.8,64.4,63.0,1.53,509,102,3.08,15481,46,246330,1491.2,100,45,100,43,29,Moderate,True
Soybean,6.25,8.4,96.5,4.09,179.0,6.9,66.1,54.7,0.55,666,108,2.9,26725,6,158125,491.7,5,5,5,5,5,Poor,True
Soybean,3.0,30.6,62.8,6.49,670.0,57.9,95.5,41.4,2.85,507,99,4.22,13703,99,393300,2770.2,100,100,100,100,100,Good,True
Soybean,10.0,41.4,23.3,8.78,2298.0,6.5,49.5,39.2,0.57,649,113,4.46,42980,5,262200,510.1,5,5,5,5,5,Poor,True
Soybean,1.5,43.1,10.3,4.04,92.0,13.9,81.1,72.8,0.58,656,107,0.75,6848,7,40020,484.4,5,5,5,5,23,Poor,True
Soybean,1.5,43.9,18.9,4.23,108.0,11.6,76.2,71.0,0.57,656,111,0.71,6711,5,39330,486.1,5,5,5,5,12,Poor,True
Soybean,5.0,22.7,49.9,6.11,3057.0,49.3,60.6,90.0,1.42,487,97,4.17,22776,42,326600,1334.0,100,100,100,5,100,Poor,True
Soybean,16.0,27.2,52.9,6.54,662.0,57.6,93.5,91.4,2.77,500,102,21.9,75963,99,2038720,2583.8,100,100,100,100,100,Good,True
Soybean,3.0,10.2,86.8,5.0,2007.0,9.6,49.2,59.1,0.54,626,110,1.43,12684,5,74520,487.5,5,5,5,5,5,Poor,True
Soybean,1.5,26.9,60.1,8.81,886.0,78.0,37.6,78.7,1.44,503,99,1.22,6196,41,99360,1503.6,100,5,100,95,92,Poor,True
Soybean,3.5,34.0,45.3,7.16,778.0,70.5,65.2,57.6,2.43,513,103,4.32,15152,84,391230,2482.0,76,100,82,100,99,Good,True
Soybean,16.0,27.9,54.1,6.28,81.0,75.7,35.8,32.9,1.46,506,98,13.18,65683,44,1074560,1536.0,100,100,100,5,94,Poor,True
Soybean,1.5,32.1,50.4,6.64,806.0,149.6,44.3,37.5,1.59,489,100,1.4,6121,46,109710,1692.4,99,100,100,100,16,Moderate,True
Soybean,1.0,17.8,36.0,5.66,711.0,88.1,90.9,86.8,1.89,583,105,1.03,4755,60,86940,1728.4,74,67,47,100,81,Moderate,True
Soybean,2.25,33.8,45.6,6.71,533.0,94.5,66.7,87.3,2.31,507,102,2.77,9835,80,239085,2331.0,78,100,83,100,74,Good,True
Soybean,0.25,41.7,21.0,6.82,169.0,92.2,87.6,36.9,0.93,635,111,0.16,1118,20,10695,856.6,5,100,5,5,77,Poor,True
Soybean,2.25,11.8,87.1,8.51,2276.0,17.5,76.7,28.8,0.62,644,111,1.15,9708,8,64170,561.0,5,5,5,5,40,Poor,True
Soybean,3.0,24.9,53.2,6.36,616.0,47.2,96.5,72.0,2.81,501,101,4.24,14168,99,387780,2637.0,100,100,100,100,100,Good,True
Soybean,3.0,26.9,66.0,6.34,2075.0,33.3,68.4,87.0,1.42,504,100,2.52,14281,45,195960,1272.2,100,100,100,5,100,Poor,True
Soybean,3.0,18.3,75.5,7.42,938.0,147.3,70.4,91.4,1.45,534,104,2.44,13612,41,200100,1370.0,79,84,65,89,18,Poor,True
Soybean,4.0,30.8,60.2,6.55,523.0,35.3,58.1,85.5,2.82,503,99,5.64,17448,99,518880,2873.9,100,100,100,100,100,Good,True
Soybean,5.0,17.4,49.6,6.0,2770.0,163.8,96.2,80.1,1.13,501,104,3.61,23808,30,259900,991.6,69,100,99,5,5,Poor,True
Soybean,2.0,21.1,46.6,6.7,2906.0,71.6,56.9,88.9,1.43,495,101,1.68,8681,38,131560,1415.5,100,100,87,5,98,Poor,True
Soybean,4.0,40.6,90.5,8.38,117.0,6.1,55.5,43.0,0.57,634,113,1.89,16484,5,104880,536.3,5,13,5,5,5,Poor,True
Soybean,10.0,20.6,44.4,7.63,843.0,81.0,73.6,61.6,2.27,524,100,11.67,44113,79,1044200,2267.1,100,69,79,100,88,Good,True
Soybean,1.0,18.7,74.5,7.15,516.0,92.8,67.0,67.5,2.26,545,100,1.23,4444,78,103960,2239.3,84,100,72,100,76,Good,True
Soybean,5.0,29.5,57.7,6.5,809.0,54.8,65.1,99.7,2.83,516,101,6.98,23521,99,650900,2667.3,100,100,100,100,100,Good,True
Soybean,12.25,40.2,13.8,4.82,2450.0,16.8,46.3,62.1,0.6,656,115,6.14,49522,9,338100,582.7,5,5,5,5,37,Poor,True
Soybean,9.0,20.2,45.9,8.69,878.0,22.1,39.8,53.2,1.36,507,98,7.14,37129,37,563040,1416.4,100,5,84,96,63,Poor,True
Soybean,3.0,43.4,28.2,4.19,570.0,173.3,48.0,24.4,0.8,612,111,1.68,12017,15,110400,818.7,5,5,17,100,5,Poor,True
Soybean,0.5,23.4,33.4,6.34,651.0,139.5,36.2,75.7,1.59,596,100,0.43,2080,50,36570,1658.2,100,100,37,100,27,Moderate,True
Soybean,4.0,45.0,83.9,5.2,2480.0,179.4,37.6,29.0,0.6,619,109,1.95,15570,6,110400,609.1,5,24,12,5,5,Poor,True
Soybean,6.25,19.3,56.8,8.1,1162.0,81.3,90.8,41.0,1.75,498,101,5.93,28135,54,503125,1688.3,92,34,100,61,88,Moderate,True
Soybean,6.25,5.9,41.8,6.51,1038.0,104.6,52.4,30.7,1.2,565,111,4.67,25881,35,345000,1233.0,5,100,69,76,63,Poor,True
Soybean,2.0,39.0,11.5,4.31,102.0,9.1,58.8,56.6,0.57,642,113,0.97,8665,7,52440,505.2,17,5,5,5,5,Poor,True
Soybean,3.5,7.5,16.1,4.78,2059.0,19.3,94.0,54.6,0.62,653,114,1.74,16588,10,99820,501.8,5,5,5,5,49,Poor,True
Soybean,16.0,40.1,69.1,5.02,2539.0,142.4,70.3,76.8,0.79,493,110,9.4,70477,16,581440,725.0,5,7,100,5,24,Poor,True
Soybean,3.5,40.7,12.9,4.39,163.0,16.6,94.1,54.6,0.61,663,113,1.77,16139,8,98210,508.5,5,5,5,5,36,Poor,True
Soybean,0.5,24.9,48.4,8.97,615.0,47.2,74.4,53.7,1.44,494,103,0.43,2157,40,33120,1435.5,100,5,94,100,100,Poor,True
Soybean,1.5,43.0,63.3,5.97,2667.0,187.2,49.9,54.5,0.94,489,109,0.96,6124,25,64860,959.1,5,97,100,5,5,Poor,True
Soybean,4.0,25.3,57.4,6.51,783.0,69.1,90.2,86.9,2.82,479,101,5.69,18897,99,518880,2645.8,100,100,100,100,100,Good,True
Soybean,2.0,8.9,17.6,4.11,2903.0,17.2,72.5,24.7,0.63,655,113,0.99,9049,9,57960,540.5,5,5,5,5,39,Poor,True
Soybean,3.5,19.9,74.3,6.8,498.0,6.6,80.4,74.1,1.35,541,98,2.79,15449,41,217350,1306.9,99,100,72,99,5,Poor,True
Soybean,5.0,29.6,64.2,6.02,697.0,58.6,38.9,20.7,2.81,511,98,7.31,20210,98,646300,3097.9,100,100,100,100,100,Good,True
Soybean,3.5,27.8,59.7,6.72,841.0,60.2,67.8,72.8,2.8,489,102,5.07,15292,99,450800,2847.9,100,100,100,100,100,Good,True
Soybean,3.5,38.1,19.2,4.1,179.0,10.5,35.3,23.3,0.61,628,110,1.74,13609,7,98210,621.7,27,5,5,5,7,Poor,True
Soybean,3.0,38.9,13.5,4.64,76.0,9.6,99.0,41.7,0.59,648,108,1.43,13649,6,81420,496.5,18,5,5,5,5,Poor,True
Soybean,0.5,26.2,49.6,6.01,935.0,22.9,78.2,32.0,2.35,504,98,0.59,2154,79,54050,2409.3,100,100,99,89,66,Good,True
Soybean,7.5,37.7,13.4,4.33,145.0,8.5,44.8,74.2,0.59,629,108,3.76,32610,8,203550,524.2,33,5,5,5,5,Poor,True
Soybean,0.5,8.7,48.0,5.82,680.0,57.2,56.8,45.8,1.41,508,112,0.41,2164,41,32430,1398.6,5,83,92,100,100,Poor,True
Soybean,2.0,31.9,18.2,5.38,782.0,128.6,52.0,95.6,1.15,659,102,1.48,8790,30,105800,1103.6,100,41,5,100,38,Poor,True
Soybean,2.25,28.8,57.4,5.42,2050.0,178.8,34.3,90.7,1.11,506,103,1.59,9458,27,114885,1114.7,100,45,100,5,5,Poor,True
Soybean,0.25,23.6,73.9,5.96,635.0,85.1,67.0,35.2,2.43,538,103,0.31,1071,83,27945,2509.2,100,97,75,100,84,Good,True
Soybean,5.0,35.0,37.7,7.47,357.0,60.5,96.4,23.9,1.89,563,105,5.23,22648,64,434700,1819.4,65,81,53,55,100,Moderate,True
Soybean,4.0,31.9,58.4,7.11,591.0,58.6,49.6,21.2,2.92,500,100,5.68,16706,99,537280,3116.1,100,100,100,100,100,Good,True
Soybean,7.5,28.4,62.0,6.9,729.0,38.9,96.8,68.0,2.73,509,101,10.48,34774,99,941850,2608.5,100,100,100,100,100,Good,True
Soybean,10.0,10.4,95.8,4.03,116.0,5.4,73.4,57.4,0.55,652,109,4.59,45166,5,253000,460.2,5,5,5,5,5,Poor,True
Soybean,7.5,15.7,37.4,6.63,352.0,28.3,36.7,64.6,1.82,559,105,7.47,31156,59,627900,1915.3,49,100,52,53,92,Moderate,True
Soybean,9.0,25.4,56.7,7.14,800.0,36.0,46.5,46.3,2.71,495,102,12.33,38271,97,1121940,2831.6,100,100,100,100,100,Good,True
Soybean,3.5,35.5,54.6,7.36,1319.0,88.9,78.3,95.1,1.76,512,104,3.48,15884,59,283360,1683.9,58,88,100,41,80,Moderate,True
Soybean,10.0,31.0,68.3,6.3,571.0,48.2,39.0,89.6,2.75,503,99,13.82,42147,99,1265000,2901.4,100,100,100,100,100,Good,True
Soybean,7.5,25.1,47.5,6.4,995.0,109.6,63.2,71.4,2.2,516,98,8.3,33316,70,759000,2178.2,100,100,91,82,58,Moderate,True
Soybean,1.5,19.2,48.0,5.5,624.0,98.9,64.3,48.4,2.04,522,99,1.62,6507,67,140760,2063.2,90,53,93,100,69,Moderate,True
Soybean,5.0,40.6,13.7,4.41,115.0,18.6,58.4,28.5,0.64,628,111,2.48,21250,11,147200,592.7,5,5,5,5,46,Poor,True
Soybean,2.25,22.9,69.2,6.52,525.0,38.1,92.4,39.8,2.83,498,100,3.15,9986,99,292905,2833.2,100,100,100,100,100,Good,True
Soybean,3.0,13.7,79.5,7.72,470.0,53.3,62.4,24.1,1.48,587,108,2.55,12412,43,204240,1545.5,25,62,40,90,100,Poor,True
Soybean,7.5,26.7,65.1,6.51,634.0,40.1,39.7,25.5,2.74,494,100,10.74,29767,98,945300,3075.7,100,100,100,100,100,Good,True
Soybean,0.5,23.6,64.8,6.2,686.0,53.6,34.1,71.3,2.77,492,103,0.71,2095,99,63710,2941.1,100,100,100,100,100,Good,True
Soybean,12.25,38.5,12.5,4.68,145.0,13.5,60.6,57.8,0.6,627,109,6.14,55900,8,338100,504.8,23,5,5,5,22,Poor,True
Soybean,0.25,28.2,64.8,7.08,831.0,50.3,89.8,63.2,2.81,494,99,0.35,1155,96,32315,2697.8,100,100,100,100,100,Good,True
Soybean,2.0,9.7,95.2,4.23,180.0,8.3,94.3,75.1,0.53,626,115,0.97,9315,5,48760,423.5,5,5,5,5,5,Poor,True
Soybean,3.5,6.0,53.3,6.44,885.0,21.3,69.7,83.0,1.33,511,111,2.77,15523,38,214130,1279.4,5,100,100,96,58,Poor,True
Soybean,0.5,23.1,67.8,6.42,565.0,62.1,52.1,73.4,2.74,488,102,0.69,2123,98,63020,2868.4,100,100,100,100,100,Good,True
Soybean,5.0,30.7,68.4,6.49,662.0,50.1,36.1,43.0,2.77,490,99,6.95,20916,99,637100,2946.0,100,100,100,100,100,Good,True
Soybean,1.5,12.2,81.1,4.45,2827.0,37.4,42.4,86.7,0.82,600,114,0.87,6540,18,56580,765.1,8,5,30,5,100,Poor,True
Soybean,1.5,23.9,64.6,5.93,2755.0,54.4,71.9,23.7,1.43,502,102,1.25,6373,42,98670,1448.3,100,93,100,5,100,Poor,True
Soybean,0.25,31.7,52.1,6.44,668.0,38.7,80.2,86.7,2.74,503,102,0.35,1120,99,31510,2713.4,100,100,100,100,100,Good,True
Soybean,2.0,12.6,32.6,5.08,874.0,50.2,87.7,79.9,1.18,573,110,1.45,9386,32,108560,1056.6,12,12,34,97,100,Poor,True
Soybean,0.25,29.3,60.8,6.25,795.0,38.4,69.4,83.6,2.75,495,102,0.35,1138,99,31625,2679.0,100,100,100,100,100,Good,True
Soybean,0.5,9.5,21.0,4.76,2845.0,11.0,65.0,45.5,0.56,624,109,0.23,2225,5,12880,478.9,5,5,5,5,10,Poor,True
Soybean,0.5,28.6,59.1,7.09,628.0,34.1,62.3,23.8,2.8,512,97,0.72,2104,99,64400,2960.8,100,100,100,100,100,Good,True
Soybean,12.25,18.2,74.8,7.19,650.0,9.5,94.4,93.7,1.33,559,104,9.6,57202,41,749455,1210.2,79,100,69,100,5,Poor,True
Soybean,1.0,7.9,86.3,4.26,188.0,14.5,39.8,61.2,0.58,657,112,0.5,4239,7,26680,529.4,5,5,5,5,26,Poor,True
Soybean,7.5,39.4,68.1,6.38,1393.0,66.1,58.2,64.1,1.39,492,110,6.13,33183,39,479550,1345.2,12,100,100,31,100,Poor,True
Soybean,0.5,30.9,49.2,6.16,615.0,104.9,38.4,33.3,2.26,513,99,0.6,2006,78,51980,2491.2,100,100,97,100,63,Good,True
Soybean,5.0,28.9,65.4,6.76,1043.0,92.9,76.1,97.1,2.39,503,99,6.1,22989,82,549700,2291.1,100,100,100,76,76,Good,True
Soybean,7.5,20.3,61.3,6.82,729.0,40.4,75.8,39.3,2.73,498,99,10.5,32010,99,941850,2842.4,100,100,100,100,100,Good,True
Soybean,9.0,16.0,47.9,5.08,633.0,57.4,56.5,71.9,1.4,526,106,7.51,39329,41,579600,1373.7,52,13,92,100,100,Poor,True
Soybean,7.5,18.3,40.1,7.35,822.0,129.5,98.0,73.6,1.68,553,105,7.19,35862,56,579600,1516.2,80,89,62,100,37,Moderate,True
Soybean,5.0,28.9,66.8,6.25,524.0,61.6,89.9,62.3,2.86,481,103,7.12,22851,99,657800,2778.6,100,100,100,100,100,Good,True
Soybean,5.0,7.3,72.0,7.18,506.0,58.6,53.3,57.2,1.41,510,107,4.15,20879,41,324300,1453.2,5,100,88,100,100,Poor,True
Soybean,2.25,30.3,55.6,6.89,1384.0,131.8,64.7,45.1,1.64,501,101,2.12,9804,53,169740,1631.3,100,100,100,32,35,Moderate,True
Soybean,16.0,31.7,53.7,6.27,686.0,42.8,99.2,25.4,2.76,514,102,22.36,69502,99,2031360,2822.7,100,100,100,100,100,Good,True
Soybean,0.25,44.6,43.0,7.94,2545.0,99.9,69.8,50.9,0.94,549,106,0.15,1127,24,10810,859.2,5,46,73,5,68,Poor,True
Soybean,5.0,41.3,16.3,4.94,2227.0,7.3,69.9,51.6,0.52,626,115,2.27,21790,5,119600,448.9,5,5,5,5,5,Poor,True
Soybean,2.25,24.4,66.6,4.52,550.0,69.0,30.6,32.8,1.46,485,100,1.93,8860,45,151110,1605.5,100,5,100,100,100,Poor,True
Soybean,5.0,26.4,51.5,6.85,794.0,39.9,98.0,30.2,2.78,506,100,6.67,23054,99,639400,2673.5,100,100,100,100,100,Good,True
Soybean,6.25,24.6,63.6,6.4,614.0,47.0,36.5,41.2,2.74,499,101,8.51,25462,98,787750,2993.8,100,100,100,100,100,Good,True
Soybean,10.0,16.9,64.2,7.32,790.0,135.6,54.7,93.4,1.7,507,103,9.6,43376,54,782000,1702.8,63,91,100,100,31,Moderate,True
Soybean,2.25,9.8,85.0,4.48,2910.0,8.2,42.9,87.7,0.54,640,113,1.05,9518,5,55890,487.2,5,5,5,5,5,Poor,True
Soybean,16.0,30.7,63.0,7.0,359.0,57.4,33.2,26.2,2.13,513,99,18.49,63068,77,1567680,2385.7,100,100,100,55,100,Moderate,True
Soybean,2.0,10.7,13.6,8.75,187.0,7.5,74.7,22.6,0.53,630,113,0.94,8394,5,48760,480.9,5,5,5,5,5,Poor,True
Soybean,3.5,42.0,16.7,4.76,96.0,10.9,39.3,40.8,0.54,614,113,1.65,14400,5,86940,503.7,5,5,5,5,9,Poor,True
Soybean,5.0,32.4,39.7,5.81,394.0,51.4,62.3,54.6,2.12,560,98,5.66,22103,70,487600,2106.0,95,82,61,66,100,Moderate,True
Soybean,0.25,41.4,83.8,8.43,170.0,5.8,98.4,60.5,0.59,621,109,0.12,1192,5,6785,469.2,5,10,12,5,5,Poor,True
Soybean,2.0,40.6,16.9,4.52,2391.0,8.2,58.6,32.7,0.54,666,114,0.93,8516,7,49680,483.4,5,5,5,5,5,Poor,True
Soybean,0.5,22.8,64.7,8.51,483.0,23.0,53.5,34.5,1.35,501,101,0.4,2079,37,31050,1393.5,100,5,100,95,67,Poor,True
Soybean,3.0,42.5,14.3,4.46,169.0,10.7,69.6,88.0,0.56,630,114,1.41,13650,5,77280,466.2,5,5,5,5,8,Poor,True
Soybean,9.0,25.8,95.1,6.97,866.0,68.0,61.4,85.2,1.41,639,101,7.74,39108,40,583740,1392.6,100,100,5,98,100,Poor,True
Soybean,0.5,18.7,36.2,7.24,752.0,93.8,64.1,70.6,1.98,555,102,0.52,2265,65,45540,1910.6,84,97,48,100,75,Moderate,True
Soybean,5.0,28.0,55.8,6.45,583.0,66.2,51.3,86.2,2.81,489,95,7.08,22399,99,646300,2785.4,100,100,100,100,100,Good,True
Soybean,3.0,22.1,71.6,6.81,1240.0,149.4,58.9,63.2,1.42,511,101,2.53,12952,45,195960,1413.0,100,100,90,51,16,Poor,True
Soybean,16.0,41.8,93.9,4.56,1952.0,11.2,37.4,48.3,0.55,640,114,7.72,67119,7,404800,503.1,5,5,5,5,11,Poor,True
Soybean,5.0,15.5,54.6,8.07,1259.0,29.2,95.6,43.9,1.61,507,105,4.6,23329,54,370300,1487.3,46,36,100,48,96,Moderate,True
Soybean,6.25,30.7,69.9,6.17,604.0,60.0,81.0,50.9,2.79,507,98,8.92,27678,98,802125,2798.1,100,100,100,100,100,Good,True
Soybean,9.0,26.9,98.2,8.35,1248.0,100.4,68.4,80.6,1.05,650,100,6.02,41010,26,434700,960.0,100,16,5,50,68,Poor,True
Soybean,12.25,42.2,17.0,4.76,191.0,14.2,41.9,97.7,0.59,632,112,6.05,52095,5,332465,538.2,5,5,5,5,25,Poor,True
Soybean,1.5,29.4,68.8,6.96,767.0,9.5,47.8,21.5,1.45,522,99,1.29,6213,43,100050,1510.3,100,100,100,100,5,Poor,True
Soybean,4.0,17.2,74.8,5.76,400.0,27.8,47.2,94.8,2.12,554,106,4.31,17167,72,390080,2172.3,67,77,70,68,89,Moderate,True
Soybean,0.5,42.3,16.8,4.5,63.0,19.4,73.5,45.9,0.65,635,111,0.25,2220,11,14950,573.4,5,5,5,5,49,Poor,True
Soybean,3.0,33.1,59.2,7.02,304.0,21.7,86.0,38.4,1.78,508,99,3.0,13767,57,245640,1684.3,87,100,100,38,60,Moderate,True
Soybean,6.25,7.8,21.0,4.65,2638.0,12.0,71.0,84.4,0.58,632,113,2.9,27923,5,166750,497.2,5,5,5,5,15,Poor,True
Soybean,16.0,29.5,65.0,6.5,683.0,39.1,75.2,83.2,2.77,517,100,23.06,74868,99,2038720,2623.1,100,100,100,100,100,Good,True
Soybean,10.0,20.0,69.4,6.91,628.0,47.3,44.2,97.2,2.9,495,99,14.04,44401,99,1334000,2904.4,100,100,100,100,100,Good,True
Soybean,1.5,31.7,56.1,6.56,506.0,62.4,72.2,82.8,2.84,487,98,1.99,6772,99,195960,2793.7,100,100,100,100,100,Good,True
Soybean,1.5,27.8,60.2,7.02,658.0,47.1,74.2,68.8,2.8,495,99,2.07,6773,99,193200,2752.5,100,100,100,100,100,Good,True
Soybean,12.25,23.4,69.2,6.48,615.0,55.1,86.5,27.3,2.8,503,99,17.25,54764,99,1577800,2781.1,100,100,100,100,100,Good,True
Soybean,2.25,26.6,78.1,5.52,1077.0,140.0,77.1,32.6,1.42,570,100,1.97,9959,42,146970,1375.8,100,54,48,71,26,Poor,True
Soybean,10.0,39.1,90.5,4.22,109.0,8.2,95.0,39.4,0.57,645,112,4.68,45499,6,262200,476.3,16,5,5,5,5,Poor,True
Soybean,1.0,26.9,51.9,6.35,555.0,59.5,87.8,71.0,2.75,499,99,1.38,4541,99,126500,2685.7,100,100,100,100,100,Good,True
Soybean,2.0,26.5,57.8,6.96,502.0,53.2,78.0,74.3,2.87,500,99,2.83,8984,99,264040,2839.0,100,100,100,100,100,Good,True
Soybean,0.5,26.5,55.9,4.77,807.0,56.6,35.6,58.8,1.41,512,101,0.42,2091,44,32430,1450.9,100,5,100,100,100,Poor,True
Soybean,10.0,32.4,54.9,5.89,731.0,46.5,42.9,29.8,2.58,502,100,13.14,40148,96,1186800,2856.1,95,90,100,100,100,Good,True
Soybean,3.0,35.2,32.3,7.12,1334.0,114.0,71.6,54.1,1.49,605,104,2.63,12960,43,205620,1486.6,62,100,33,39,54,Moderate,True
Soybean,3.0,22.8,32.6,6.72,1016.0,116.3,43.1,86.7,1.68,590,99,2.79,12555,52,231840,1746.6,100,100,34,79,51,Moderate,True
Soybean,4.0,38.3,13.5,4.01,177.0,8.7,76.4,56.5,0.59,652,108,2.0,18464,7,108560,488.0,25,5,5,5,5,Poor,True
Soybean,10.0,41.4,14.0,4.46,153.0,5.1,30.4,28.4,0.54,641,108,4.74,38610,5,248400,543.4,5,5,5,5,5,Poor,True
Soybean,4.0,31.4,37.1,6.83,1275.0,86.3,70.7,99.8,1.89,553,101,4.07,18109,61,347760,1820.4,100,100,51,46,83,Moderate,True
Soybean,9.0,42.2,19.5,4.3,101.0,19.4,44.9,80.6,0.64,649,112,4.51,37890,9,264960,599.3,5,5,5,5,50,Poor,True
Soybean,2.25,11.6,86.3,8.85,2290.0,14.3,37.9,98.1,0.59,609,108,1.11,9521,6,61065,541.4,5,5,5,5,25,Poor,True
Soybean,3.5,22.6,60.1,6.68,525.0,42.1,34.1,77.2,2.83,501,98,4.95,14419,99,455630,3059.9,100,100,100,100,100,Good,True
Soybean,2.0,17.9,39.7,7.13,820.0,142.4,68.7,20.9,1.59,579,104,1.79,8352,47,146280,1651.4,75,100,61,100,24,Moderate,True
Soybean,1.0,8.9,23.8,4.06,183.0,9.2,79.9,71.3,0.53,654,110,0.49,4368,8,24380,458.2,5,5,5,5,5,Poor,True
Soybean,9.0,28.0,87.2,6.18,480.0,23.0,76.6,21.0,1.34,643,99,7.15,38834,38,554760,1328.5,100,100,5,94,67,Poor,True
Soybean,5.0,23.7,51.7,6.14,794.0,40.0,56.2,68.0,2.75,516,99,7.01,21927,99,632500,2784.6,100,100,100,100,100,Good,True
Soybean,1.0,36.6,45.1,6.99,908.0,89.6,79.7,34.2,1.93,521,105,1.03,4574,66,88780,1841.0,46,100,81,93,79,Moderate,True
Soybean,6.25,20.9,64.2,6.78,575.0,56.5,78.9,63.7,2.79,500,102,8.66,27902,99,802125,2774.8,100,100,100,100,100,Good,True
Soybean,1.0,25.3,20.2,6.09,883.0,30.9,79.8,50.8,1.41,643,100,0.84,4570,43,64860,1319.3,100,100,5,96,100,Poor,True
Soybean,5.0,18.1,61.7,6.69,1012.0,67.6,55.3,72.4,2.46,487,105,6.08,21832,84,565800,2491.6,78,100,100,79,100,Good,True
Soybean,10.0,23.0,63.1,6.91,596.0,46.2,33.0,33.1,2.9,509,98,14.23,39090,99,1334000,3312.6,100,100,100,100,100,Good,True
Soybean,6.25,29.4,68.8,6.18,804.0,49.4,45.4,27.9,2.82,499,103,8.82,24801,98,810750,3169.0,100,100,100,100,100,Good,True
Soybean,4.0,24.7,50.9,6.79,135.0,37.5,67.0,92.4,1.49,497,103,3.43,17644,42,274160,1453.8,100,100,100,5,100,Poor,True
Soybean,4.0,42.6,20.8,4.48,2982.0,16.9,81.9,52.9,0.63,635,112,1.93,17796,9,115920,551.4,5,5,5,5,38,Poor,True
Soybean,0.25,37.9,16.0,4.14,64.0,7.8,57.8,40.5,0.62,649,107,0.12,1051,5,7130,578.4,29,5,5,5,5,Poor,True
Soybean,12.25,27.0,16.5,5.92,826.0,54.0,41.9,23.3,1.44,642,99,10.41,49882,42,811440,1526.7,100,92,5,100,100,Poor,True
Soybean,1.0,41.0,10.8,4.55,190.0,10.1,74.9,21.9,0.54,618,111,0.47,4292,5,24840,478.8,5,5,5,5,5,Poor,True
Soybean,4.0,11.7,13.0,8.51,2048.0,12.5,41.5,43.3,0.55,646,109,1.92,15966,5,101200,533.8,5,5,5,5,17,Poor,True
Soybean,4.0,32.3,59.2,7.08,1972.0,20.2,65.3,54.9,1.33,497,102,3.23,16856,37,244720,1351.8,96,100,100,5,53,Poor,True
Soybean,16.0,9.7,19.3,8.54,180.0,9.8,80.3,20.6,0.54,645,110,7.57,70910,6,397440,460.5,5,5,5,5,5,Poor,True
Soybean,1.5,40.5,11.6,4.13,146.0,19.7,47.0,78.0,0.63,635,114,0.76,6488,8,43470,570.0,5,5,5,5,51,Poor,True
Soybean,9.0,19.8,64.0,6.96,836.0,5.9,31.8,87.7,1.47,499,100,7.84,38311,45,608580,1488.5,97,100,100,100,5,Poor,True
Soybean,0.5,28.3,60.7,6.77,680.0,57.0,68.3,38.9,2.81,502,100,0.71,2191,99,64630,2849.8,100,100,100,100,100,Good,True
Soybean,7.5,20.6,65.4,6.8,575.0,47.7,30.8,28.6,2.75,519,98,10.34,29433,99,948750,3123.4,100,100,100,100,100,Good,True
Soybean,3.0,42.3,10.6,4.15,54.0,18.4,89.5,62.7,0.65,654,109,1.47,13813,10,89700,549.4,5,5,5,5,45,Poor,True
Soybean,7.5,36.6,43.4,7.15,531.0,92.4,35.1,69.4,2.01,547,106,7.84,30928,63,693450,2142.1,45,100,75,100,76,Moderate,True
Soybean,2.25,25.0,59.2,6.32,553.0,52.5,32.8,22.4,2.71,501,101,3.06,8749,97,280485,3105.9,100,100,100,100,100,Good,True
Soybean,3.5,22.7,69.0,6.2,537.0,61.7,51.2,52.1,2.87,494,98,4.87,14682,99,462070,3047.2,100,100,100,100,100,Good,True
Soybean,0.5,41.7,23.1,8.58,2092.0,13.5,93.9,64.5,0.57,660,111,0.25,2401,8,13110,446.0,5,5,5,5,22,Poor,True
Soybean,7.5,43.1,66.8,4.45,2693.0,157.1,47.8,24.5,0.78,500,111,4.21,30796,13,269100,773.8,5,5,100,5,8,Poor,True
Soybean,6.25,25.7,58.1,6.51,830.0,44.0,81.7,68.3,2.8,496,101,8.88,28466,99,805000,2727.9,100,100,100,100,100,Good,True
Soybean,4.0,17.3,62.9,6.54,787.0,63.9,51.6,43.8,2.32,511,105,4.9,16135,82,426880,2545.7,68,100,100,100,100,Good,True
Soybean,3.0,31.9,59.5,7.17,688.0,65.5,77.9,95.2,2.92,485,100,4.28,13779,99,402960,2824.5,100,100,100,100,100,Good,True
Soybean,2.25,27.0,48.5,6.82,755.0,9.9,66.5,66.2,1.39,514,103,1.82,10016,43,143865,1336.4,100,100,94,100,5,Poor,True
Soybean,0.5,43.4,11.0,4.6,177.0,17.3,53.5,52.5,0.62,648,107,0.25,2118,10,14260,573.3,5,5,5,5,40,Poor,True
Soybean,12.25,19.9,71.0,6.27,996.0,78.6,85.7,52.2,2.5,519,99,15.6,56661,89,1408750,2386.3,99,100,94,81,91,Good,True
Soybean,6.25,31.0,74.4,5.71,300.0,135.5,60.7,92.2,1.51,532,99,5.54,28591,46,434125,1418.4,100,72,72,37,31,Moderate,True
Soybean,1.0,15.2,76.6,7.48,1495.0,139.6,70.9,47.1,1.14,563,107,0.74,4315,33,52440,1115.3,43,79,58,18,26,Poor,True
Soybean,16.0,38.9,14.0,4.02,123.0,13.5,85.3,56.0,0.62,644,111,8.25,72543,6,456320,529.0,18,5,5,5,22,Poor,True
Soybean,6.25,31.7,55.4,6.41,736.0,34.5,51.4,26.0,2.87,493,100,8.64,26062,99,825125,3066.0,100,100,100,100,100,Good,True
Soybean,10.0,29.5,64.4,5.99,181.0,28.9,39.0,32.2,1.42,487,100,8.65,40974,42,653200,1494.2,100,99,100,5,95,Poor,True
Soybean,3.0,13.2,10.4,7.52,1115.0,46.0,61.6,89.9,1.13,610,111,2.13,13385,27,155940,1065.0,20,77,5,66,100,Poor,True
Soybean,3.0,29.7,57.3,6.22,785.0,52.3,60.8,72.6,2.7,508,101,4.25,13529,99,372600,2654.1,100,100,100,100,100,Good,True
Soybean,3.5,39.3,11.9,4.12,143.0,10.3,71.2,75.2,0.57,650,108,1.68,16071,8,91770,471.0,14,5,5,5,6,Poor,True
Soybean,16.0,26.3,57.2,6.78,2373.0,72.2,65.1,34.0,1.4,494,101,13.15,69600,40,1030400,1380.5,100,100,100,5,98,Poor,True
Soybean,6.25,23.3,61.6,6.98,534.0,36.3,62.1,33.7,2.75,497,101,8.8,26640,98,790625,2867.8,100,100,100,100,100,Good,True
Soybean,0.25,19.8,56.0,5.84,654.0,9.4,43.3,70.3,1.41,489,99,0.21,1051,41,16215,1442.8,98,85,100,100,5,Poor,True
Soybean,2.25,8.0,14.1,8.67,1874.0,16.5,50.0,42.9,0.61,649,110,1.15,9157,7,63135,589.5,5,5,5,5,36,Poor,True
Soybean,2.25,21.8,68.6,6.49,646.0,57.4,39.5,56.4,2.85,499,100,3.12,9245,99,294975,3090.6,100,100,100,100,100,Good,True
Soybean,3.5,26.7,57.3,6.73,689.0,66.7,71.0,38.6,2.79,504,100,4.99,14608,99,449190,2975.0,100,100,100,100,100,Good,True
Soybean,2.0,23.8,52.3,6.04,624.0,54.7,80.6,51.4,2.84,498,99,2.81,8966,99,261280,2814.1,100,100,100,100,100,Good,True
Soybean,9.0,10.1,91.3,4.79,137.0,17.5,90.0,91.6,0.61,654,112,4.52,42008,9,252540,501.2,5,5,5,5,40,Poor,True
Soybean,1.0,20.9,66.8,6.07,713.0,60.5,95.7,70.5,2.84,496,103,1.37,4647,99,130640,2711.3,100,100,100,100,100,Good,True
Soybean,7.5,22.5,51.6,6.28,524.0,64.1,34.0,28.3,2.81,498,101,10.38,29265,99,969450,3212.7,100,100,100,100,100,Good,True
Soybean,6.25,31.9,59.2,5.68,720.0,55.1,59.7,39.7,2.39,514,98,7.66,27029,81,687125,2442.2,100,70,100,100,100,Good,True
Soybean,6.25,29.2,47.0,6.11,1412.0,136.9,84.6,29.3,1.67,530,102,5.41,27684,48,480125,1634.3,100,100,89,29,29,Moderate,True
Soybean,0.5,24.3,45.3,5.87,616.0,92.2,78.4,30.7,2.36,534,100,0.6,2132,82,54280,2446.0,100,88,82,100,77,Good,True
Soybean,10.0,39.6,16.9,4.2,153.0,10.2,98.1,53.2,0.57,651,109,4.76,44368,5,262200,491.0,10,5,5,5,6,Poor,True
Soybean,10.0,20.5,40.5,7.55,1149.0,52.5,58.1,84.0,2.07,555,99,10.91,43616,71,952200,2083.1,100,75,64,62,100,Moderate,True
Soybean,5.0,29.1,43.0,7.96,608.0,41.1,67.0,53.6,1.85,546,99,5.06,21867,61,425500,1845.9,100,44,73,100,100,Moderate,True
Soybean,5.0,30.6,54.7,6.23,682.0,69.4,92.1,35.6,2.87,486,100,7.13,22696,99,660100,2808.4,100,100,100,100,100,Good,True
Soybean,16.0,40.2,12.8,4.21,104.0,15.7,81.8,90.7,0.59,656,114,7.61,71742,8,434240,505.3,5,5,5,5,32,Poor,True
Soybean,0.5,32.4,52.2,4.2,589.0,59.6,35.9,28.4,1.4,498,104,0.42,2045,46,32200,1474.6,96,5,100,100,100,Poor,True
Soybean,1.0,18.6,90.0,5.32,2976.0,66.5,74.9,33.3,1.01,627,103,0.66,4353,25,46460,967.3,83,36,5,5,100,Poor,True
Soybean,2.0,25.3,67.9,6.54,700.0,38.3,86.9,70.5,2.72,494,99,2.78,9172,96,250240,2628.3,100,100,100,100,100,Good,True
Soybean,5.0,29.9,48.8,6.78,508.0,56.9,67.2,43.9,2.76,502,102,6.59,20999,97,634800,2923.0,100,100,96,100,100,Good,True
Soybean,4.0,33.2,73.8,7.66,440.0,138.4,89.9,81.5,1.58,538,102,3.58,18357,50,290720,1483.7,86,66,76,81,28,Moderate,True
Soybean,10.0,41.0,13.0,8.54,1843.0,14.9,50.2,66.9,0.58,639,109,5.07,42552,9,266800,527.0,5,5,5,5,28,Poor,True
Soybean,16.0,30.5,51.1,6.25,509.0,10.0,42.1,55.3,1.48,501,99,13.63,67995,43,1089280,1502.0,100,100,100,100,5,Poor,True
Soybean,5.0,13.2,29.3,8.54,1893.0,176.4,56.2,71.6,0.62,615,109,2.49,21730,9,142600,556.2,19,5,21,5,5,Poor,True
Soybean,1.0,30.4,68.1,6.79,597.0,38.6,86.8,48.8,2.83,512,100,1.45,4567,99,130180,2750.4,100,100,100,100,100,Good,True
Soybean,1.0,20.2,73.2,6.65,1085.0,54.6,89.8,24.9,2.33,523,100,1.21,4590,81,107180,2235.1,100,100,80,70,100,Good,True
Soybean,16.0,39.5,24.8,5.03,190.0,10.1,62.6,91.1,0.59,626,109,7.64,71567,5,434240,506.8,11,8,5,5,5,Poor,True
Soybean,1.5,30.4,59.4,6.71,534.0,42.6,42.0,45.9,2.81,484,103,2.14,6252,99,193890,3001.2,100,100,100,100,100,Good,True
Soybean,5.0,7.2,89.1,8.44,2553.0,19.1,51.6,79.6,0.66,648,112,2.58,21800,11,151800,596.3,5,9,5,5,48,Poor,True
Soybean,16.0,11.4,46.7,6.41,630.0,24.2,59.8,78.9,1.34,519,112,12.9,69836,37,986240,1312.2,5,100,88,100,72,Poor,True
Soybean,2.25,31.6,53.7,7.83,1153.0,38.1,71.3,29.1,2.02,513,98,2.47,9827,67,209070,2027.5,100,54,100,62,100,Moderate,True
Soybean,16.0,43.5,51.2,6.54,835.0,62.3,47.0,55.7,1.44,492,113,13.35,68160,45,1059840,1454.9,5,100,100,100,100,Poor,True
Soybean,16.0,28.2,59.1,7.06,802.0,60.2,51.7,28.2,2.81,501,102,22.78,65052,99,2068160,3079.2,100,100,100,100,100,Good,True
Soybean,2.25,15.0,65.3,5.82,645.0,126.9,86.8,83.9,1.76,497,106,2.26,10436,59,182160,1645.5,41,83,100,100,40,Moderate,True
Soybean,7.5,35.3,37.4,6.37,731.0,75.2,85.7,61.5,2.01,577,106,8.09,33164,67,693450,1991.0,61,100,52,100,95,Moderate,True
Soybean,7.5,21.7,74.4,7.47,140.0,65.2,57.0,20.7,1.35,540,98,6.13,31410,41,465750,1382.8,100,80,72,5,100,Poor,True
Soybean,2.25,42.1,13.1,4.13,97.0,11.2,30.1,40.3,0.54,645,111,1.06,9009,6,55890,520.4,5,5,5,5,11,Poor,True
Soybean,3.5,25.1,62.4,6.76,639.0,148.0,33.7,92.8,1.59,485,100,3.22,14267,50,255990,1694.3,100,100,100,100,18,Moderate,True
Soybean,2.0,26.4,59.9,6.71,3085.0,28.8,85.2,97.0,1.46,503,100,1.68,9358,43,134320,1335.3,100,100,100,5,94,Poor,True
Soybean,3.5,33.4,42.2,7.73,1305.0,115.8,65.8,38.1,1.63,565,102,3.29,15027,52,262430,1646.4,84,62,70,42,52,Moderate,True
Soybean,7.5,21.7,65.5,8.01,636.0,96.5,39.4,94.0,1.84,484,100,7.94,32602,63,634800,1847.1,100,41,100,100,72,Moderate,True
Soybean,12.25,6.4,93.5,8.32,2668.0,12.6,48.3,22.6,0.6,639,109,5.88,50113,9,338100,574.7,5,18,5,5,17,Poor,True
Soybean,10.0,29.8,44.2,5.77,335.0,124.5,34.3,25.4,1.73,530,102,9.56,39186,54,795800,1930.8,100,78,78,48,43,Moderate,True
Soybean,16.0,31.6,47.9,5.59,1305.0,24.3,35.9,87.1,1.81,518,103,16.34,69105,57,1332160,1827.7,100,61,92,42,73,Moderate,True
Soybean,9.0,38.0,13.9,4.51,83.0,12.3,47.3,87.5,0.61,639,111,4.51,38495,8,252540,556.0,29,5,5,5,16,Poor,True
Soybean,4.0,39.3,85.5,8.73,2053.0,15.5,44.9,80.3,0.63,625,110,1.98,17060,7,115920,579.5,14,5,5,5,31,Poor,True
Soybean,9.0,24.9,53.2,7.15,833.0,48.3,64.3,81.2,2.8,497,101,12.31,40420,99,1159200,2767.9,100,100,100,100,100,Good,True
Soybean,1.0,25.2,63.4,4.14,1012.0,95.6,62.8,85.7,1.31,490,101,0.83,4640,38,60260,1198.7,100,5,100,80,73,Poor,True
Soybean,0.25,9.8,89.5,4.37,1906.0,15.9,67.5,45.3,0.6,650,112,0.13,1049,8,6900,557.8,5,5,5,5,33,Poor,True
Soybean,3.0,10.6,97.6,5.17,2343.0,14.3,97.5,54.0,0.62,644,112,1.52,13981,7,85560,512.0,5,21,5,5,25,Poor,True
Soybean,3.5,25.7,36.5,6.55,537.0,133.8,31.1,69.4,1.74,562,98,3.26,14180,55,280140,1875.6,100,100,49,100,33,Moderate,True
Soybean,2.0,40.2,88.9,4.39,1724.0,6.9,41.6,30.9,0.53,630,109,0.93,8359,5,48760,483.3,5,5,5,5,5,Poor,True
Soybean,1.0,16.9,56.5,5.71,821.0,31.4,51.8,72.4,2.19,514,106,1.13,4526,75,100740,2125.8,64,72,100,100,100,Good,True
Soybean,4.0,41.6,57.4,8.38,479.0,55.5,70.8,24.9,1.23,487,108,2.99,17867,33,226320,1166.7,5,14,100,93,100,Poor,True
Soybean,12.25,29.1,66.6,6.28,723.0,45.1,54.4,82.9,2.77,512,105,17.05,53298,99,1560895,2828.6,100,100,100,100,100,Good,True
Soybean,0.25,25.9,51.6,6.53,566.0,62.1,74.3,45.7,2.72,500,100,0.34,1115,98,31280,2705.4,100,100,100,100,100,Good,True
Soybean,0.5,30.9,61.9,6.67,772.0,30.7,56.1,46.9,2.84,485,100,0.69,2149,99,65320,2939.6,100,100,100,100,100,Good,True
Soybean,5.0,32.0,66.8,8.74,867.0,39.8,83.5,95.6,1.39,474,102,4.08,23266,44,319700,1274.1,100,5,100,98,100,Poor,True
Soybean,4.0,28.7,54.1,7.01,802.0,52.0,53.2,85.8,2.87,504,101,5.63,17776,99,528080,2870.7,100,100,100,100,100,Good,True
Soybean,7.5,19.8,49.1,7.12,648.0,36.7,80.6,53.4,2.71,507,101,10.46,33893,98,934950,2658.5,97,100,96,100,100,Good,True
Soybean,0.25,40.5,86.4,8.75,2650.0,6.1,41.9,46.5,0.54,670,112,0.12,1037,8,6210,498.8,5,5,5,5,5,Poor,True
Soybean,16.0,37.7,59.6,5.45,1428.0,118.5,74.8,26.6,1.3,506,108,12.3,66027,39,956800,1349.1,32,48,100,27,49,Poor,True
Soybean,16.0,24.1,57.0,6.27,571.0,35.3,64.4,46.0,2.81,490,99,23.15,69910,99,2068160,2858.3,100,100,100,100,100,Good,True
Groundnut,12.25,19.1,57.7,7.84,389.0,73.5,41.9,32.6,1.72,477,118,9.0,54284,65,1232595,2170.6,66,53,100,77,86,Moderate,True
Groundnut,6.25,27.4,50.9,5.96,702.0,48.6,63.6,80.1,2.5,469,114,6.02,31329,99,914062,2817.6,100,100,100,100,100,Good,True
Groundnut,4.0,26.4,48.9,6.8,549.0,38.9,93.5,69.7,2.51,485,117,4.01,21473,99,587340,2635.2,100,100,100,100,100,Good,True
Groundnut,16.0,18.2,38.6,7.0,959.0,80.9,69.4,80.9,1.75,519,120,12.1,83940,63,1638000,1851.4,54,100,76,74,78,Moderate,True
Groundnut,5.0,13.9,92.4,4.25,2730.0,9.0,60.6,24.7,0.49,623,129,1.7,23643,8,143325,506.2,5,5,5,5,5,Poor,True
Groundnut,3.5,34.3,60.4,4.61,708.0,26.7,95.9,42.6,1.31,475,115,2.13,18525,45,268222,1347.9,96,5,100,100,100,Poor,True
Groundnut,10.0,25.9,45.8,7.08,718.0,32.1,59.0,79.2,2.54,492,114,10.29,50229,99,1485900,2858.3,100,100,100,100,100,Good,True
Groundnut,0.5,22.1,57.5,6.1,1876.0,58.8,34.8,99.5,1.23,477,115,0.31,2462,42,35978,1361.3,100,100,100,5,100,Poor,True
Groundnut,0.25,28.4,47.6,6.77,708.0,26.0,77.3,68.7,2.52,480,117,0.25,1324,98,36855,2683.6,100,100,100,100,100,Good,True
Groundnut,2.25,32.5,60.3,6.09,548.0,35.9,63.7,76.4,2.53,473,113,2.26,11515,98,333011,2792.0,100,100,100,100,100,Good,True
Groundnut,9.0,42.2,85.0,4.75,1711.0,16.9,44.3,90.8,0.57,604,130,3.21,45475,10,300105,559.9,5,5,5,5,48,Poor,True
Groundnut,3.5,27.0,45.3,6.21,662.0,32.1,35.3,62.2,2.52,479,117,3.49,16509,99,515970,3025.4,100,100,100,100,100,Good,True
Groundnut,2.0,21.4,34.4,6.04,1285.0,65.1,64.9,59.7,1.55,542,116,1.34,10235,54,181350,1671.9,93,100,60,32,95,Moderate,True
Groundnut,5.0,26.5,57.1,6.85,500.0,41.0,61.4,61.7,2.52,486,116,4.93,25073,98,737100,2839.8,100,100,100,100,100,Good,True
Groundnut,5.0,31.3,64.2,7.14,527.0,35.4,75.5,92.2,2.48,489,116,4.88,25326,98,725400,2764.3,100,100,100,100,100,Good,True
Groundnut,3.5,24.5,33.4,5.81,818.0,36.0,99.8,91.4,1.88,541,117,2.86,19404,72,384930,1883.8,100,100,56,91,100,Moderate,True
Groundnut,12.25,7.5,14.3,8.78,86.0,5.9,87.1,43.4,0.49,626,127,4.14,62983,5,351146,457.5,5,5,5,5,5,Poor,True
Groundnut,4.0,6.7,95.1,4.05,156.0,8.3,93.7,63.2,0.49,609,128,1.29,21549,5,114660,432.1,5,5,5,5,5,Poor,True
Groundnut,10.0,21.7,36.4,6.94,1152.0,110.3,81.2,74.7,1.7,538,116,7.03,51888,61,994500,1816.6,96,100,67,49,47,Moderate,True
Groundnut,16.0,37.5,15.8,4.74,123.0,19.6,95.2,59.9,0.71,597,123,6.82,83041,17,664560,700.3,59,5,5,5,66,Poor,True
Groundnut,16.0,37.7,47.8,6.45,913.0,55.7,62.0,57.1,1.91,499,121,12.43,78946,71,1787760,2164.5,57,100,100,79,100,Moderate,True
Groundnut,9.0,34.5,52.2,5.98,1122.0,49.3,46.8,53.3,1.9,470,114,7.1,44241,70,1000350,2161.1,94,100,100,53,100,Moderate,True
Groundnut,16.0,21.0,32.0,7.56,1143.0,127.3,83.6,56.5,1.31,544,120,9.61,87908,43,1226160,1294.8,88,74,50,50,29,Poor,True
Groundnut,1.5,25.3,58.3,4.29,782.0,39.9,44.6,92.0,1.3,490,117,0.9,7266,42,114075,1470.0,100,5,100,96,100,Poor,True
Groundnut,16.0,28.6,49.3,6.63,497.0,49.7,65.3,69.1,2.55,470,115,16.11,82123,99,2386800,2806.4,100,100,100,100,100,Good,True
Groundnut,10.0,22.6,63.7,6.23,336.0,25.5,86.4,75.7,1.89,482,113,8.12,52535,75,1105650,2004.6,100,100,100,57,100,Moderate,True
Groundnut,3.5,28.6,13.6,5.97,583.0,36.2,37.6,24.0,1.26,618,118,2.12,15419,44,257985,1573.2,100,100,5,100,100,Poor,True
Groundnut,16.0,41.4,15.0,4.54,103.0,8.1,77.5,98.7,0.5,623,128,5.64,84662,6,468000,452.8,12,5,5,5,5,Poor,True
Groundnut,1.0,39.2,16.5,4.25,162.0,5.4,31.6,50.1,0.53,636,122,0.35,4580,9,31005,577.0,38,5,5,5,5,Poor,True
Groundnut,1.0,36.1,41.2,5.38,317.0,130.7,31.2,31.1,1.24,496,123,0.61,4432,42,72540,1536.7,75,61,85,49,25,Poor,True
Groundnut,16.0,41.0,14.3,8.48,1661.0,19.4,69.4,39.6,0.64,634,128,6.2,78317,11,599040,664.9,17,7,5,5,64,Poor,True
Groundnut,2.0,43.9,16.6,4.36,182.0,18.4,61.8,24.4,0.59,621,129,0.73,9666,12,69030,614.2,5,5,5,5,58,Poor,True
Groundnut,6.25,30.2,57.8,5.62,711.0,6.4,60.6,46.2,1.26,477,115,3.65,31674,41,460688,1354.5,100,83,100,100,5,Poor,True
Groundnut,3.0,9.8,85.4,8.42,172.0,13.1,67.2,81.3,0.51,632,126,1.03,15451,8,89505,479.3,5,11,5,5,24,Poor,True
Groundnut,4.0,28.9,61.6,6.7,508.0,51.2,72.2,26.8,2.45,469,114,3.96,19829,99,573300,2791.2,100,100,100,100,100,Good,True
Groundnut,16.0,28.8,53.0,6.08,719.0,50.8,76.9,86.2,2.52,481,116,16.11,83761,97,2358720,2716.0,100,100,100,100,100,Good,True
Groundnut,1.0,32.0,61.4,6.85,485.0,25.6,71.3,96.9,2.45,485,117,1.0,4985,99,143325,2775.1,100,100,100,100,100,Good,True
Groundnut,12.25,26.6,36.3,7.75,1032.0,30.1,88.1,48.7,1.86,529,115,9.5,64028,66,1332922,1981.8,100,59,67,64,100,Moderate,True
Groundnut,0.25,8.5,61.2,6.58,614.0,21.6,82.4,76.0,1.24,493,126,0.14,1304,38,18135,1290.7,5,100,100,100,78,Poor,True
Groundnut,0.5,22.5,38.9,6.12,1391.0,63.3,49.3,86.9,1.36,517,113,0.32,2489,49,39780,1498.2,100,100,77,19,97,Moderate,True
Groundnut,12.25,31.8,52.9,6.8,716.0,40.7,57.6,100.0,2.55,485,114,12.01,62541,99,1827394,2821.9,100,100,100,100,100,Good,True
Groundnut,4.0,33.9,55.8,4.35,469.0,59.9,46.7,66.7,1.3,486,116,2.42,19232,43,304200,1481.7,100,5,100,100,100,Poor,True
Groundnut,5.0,32.6,49.0,7.11,475.0,58.1,32.1,25.8,2.5,467,115,4.89,22388,99,731250,3166.3,100,100,100,100,100,Good,True
Groundnut,2.0,34.8,77.2,7.01,1002.0,76.3,55.9,44.3,1.6,565,112,1.41,9397,59,187200,1892.1,91,100,42,68,83,Moderate,True
Groundnut,6.25,32.5,62.6,6.2,549.0,48.2,40.9,90.1,2.54,475,117,6.18,30607,99,928688,2934.2,100,100,100,100,100,Good,True
Groundnut,10.0,28.4,54.9,7.58,526.0,121.6,89.8,62.1,1.65,492,113,7.11,53849,57,965250,1692.5,100,72,100,100,35,Moderate,True
Groundnut,1.5,41.7,15.9,8.58,152.0,6.9,77.9,50.1,0.48,644,127,0.49,7673,7,42120,448.9,8,5,5,5,5,Poor,True
Groundnut,10.0,43.6,17.5,4.49,163.0,11.4,40.0,71.3,0.5,617,127,3.4,48012,7,292500,509.2,5,5,5,5,14,Poor,True
Groundnut,1.5,8.7,19.3,4.8,135.0,17.4,64.7,41.6,0.58,597,127,0.55,7342,10,50895,593.2,5,5,5,5,52,Poor,True
Groundnut,9.0,34.5,29.1,6.59,945.0,33.6,89.5,23.4,1.7,564,116,6.62,45071,59,895050,1885.9,94,100,40,75,100,Moderate,True
Groundnut,6.25,32.6,46.1,6.31,516.0,47.6,47.4,53.1,2.51,466,114,6.4,30036,99,917719,2955.4,100,100,100,100,100,Good,True
Groundnut,6.25,37.1,35.0,7.16,764.0,99.3,45.5,43.8,1.79,527,120,4.83,29401,66,654469,2126.0,63,100,62,98,58,Moderate,True
Groundnut,6.25,42.2,15.9,4.1,153.0,6.3,92.0,48.0,0.48,623,127,2.2,32949,5,175500,432.6,5,5,5,5,5,Poor,True
Groundnut,2.0,33.0,28.5,8.07,1006.0,37.9,52.7,34.2,1.52,563,116,1.31,9452,54,177840,1781.5,100,37,37,68,100,Moderate,True
Groundnut,3.5,23.2,62.9,6.58,528.0,38.7,54.2,71.8,2.51,467,115,3.52,17931,99,513922,2766.1,100,100,100,100,100,Good,True
Groundnut,0.5,24.5,56.7,7.15,620.0,8.6,76.7,36.1,1.31,480,116,0.3,2567,43,38318,1392.7,100,100,100,100,5,Poor,True
Groundnut,2.0,42.1,96.5,4.92,131.0,10.2,82.0,28.8,0.5,612,127,0.71,10282,7,58500,469.0,5,16,5,5,6,Poor,True
Groundnut,10.0,28.9,51.2,7.09,535.0,30.2,52.8,86.9,2.5,481,116,9.83,47484,99,1462500,2980.0,100,100,100,100,100,Good,True
Groundnut,9.0,31.5,75.4,5.6,882.0,93.3,77.4,26.5,1.73,539,116,6.74,45816,64,910845,1888.1,100,81,51,83,65,Moderate,True
Groundnut,2.25,21.9,60.4,6.91,974.0,8.6,46.8,94.7,1.19,481,116,1.27,11518,42,156634,1259.9,98,100,100,72,5,Poor,True
Groundnut,2.0,7.9,96.2,4.12,2381.0,19.8,43.1,40.9,0.6,613,125,0.75,9064,7,70200,674.5,5,5,5,5,67,Poor,True
Groundnut,7.5,34.0,53.1,7.57,756.0,117.8,56.0,26.0,1.63,505,113,5.51,35694,61,715162,1903.6,100,73,100,99,39,Moderate,True
Groundnut,7.5,41.8,12.5,8.56,2838.0,13.7,68.7,62.0,0.54,599,129,2.6,37208,8,236925,536.8,7,5,5,5,28,Poor,True
Groundnut,9.0,24.8,62.4,6.48,501.0,47.6,70.0,86.2,2.52,474,113,9.15,45961,99,1326780,2786.8,100,100,100,100,100,Good,True
Groundnut,9.0,41.4,19.9,4.59,63.0,11.4,45.7,47.8,0.53,606,130,3.16,42017,8,279045,564.1,12,5,5,5,14,Poor,True
Groundnut,3.5,33.5,44.6,5.71,144.0,25.4,57.2,90.0,1.24,492,118,2.09,18188,42,253890,1295.9,100,92,98,5,100,Poor,True
Groundnut,12.25,32.6,50.9,7.1,641.0,53.5,99.2,34.4,2.43,483,116,12.06,64537,99,1741399,2598.3,100,100,100,100,100,Good,True
Groundnut,2.0,29.0,57.2,6.09,476.0,37.9,54.3,65.1,2.5,503,116,2.07,10017,98,292500,2820.0,100,100,100,100,100,Good,True
Groundnut,4.0,22.1,27.9,6.64,900.0,132.2,35.5,40.0,1.36,585,113,2.4,18738,46,318240,1598.4,100,100,35,81,24,Moderate,True
Groundnut,0.25,26.6,58.4,7.11,705.0,58.7,46.5,95.3,2.53,470,115,0.25,1223,99,37001,2925.4,100,100,100,100,100,Good,True
Groundnut,7.5,7.1,12.9,8.35,109.0,17.6,55.4,47.7,0.58,610,130,2.84,37026,13,254475,587.3,5,16,5,5,53,Poor,True
Groundnut,10.0,21.3,62.3,7.48,747.0,27.1,86.9,20.4,2.26,483,118,8.91,50773,83,1322100,2503.9,91,80,100,100,100,Good,True
Groundnut,3.5,36.5,25.6,4.06,647.0,83.4,44.4,79.0,1.02,586,118,1.73,16953,29,208845,1131.9,70,5,26,100,75,Poor,True
Groundnut,16.0,41.7,92.1,8.3,186.0,8.3,82.1,57.5,0.52,616,131,5.3,80518,7,486720,504.5,8,20,5,5,5,Poor,True
Groundnut,2.25,32.4,29.9,7.98,992.0,122.8,31.3,80.2,1.33,582,115,1.42,10784,46,175061,1523.3,100,43,43,69,34,Moderate,True
Groundnut,1.5,17.3,57.1,7.55,983.0,139.0,56.7,79.9,1.23,490,122,0.84,7708,40,107932,1300.3,45,75,100,70,17,Poor,True
Groundnut,7.5,27.8,60.4,7.07,671.0,35.3,52.7,74.7,2.5,488,112,7.25,36057,99,1096875,2942.1,100,100,100,100,100,Good,True
Groundnut,7.5,27.9,52.7,6.63,584.0,33.3,46.0,47.3,2.47,462,116,7.69,34915,99,1083713,3003.9,100,100,100,100,100,Good,True
Groundnut,9.0,25.2,55.7,6.07,702.0,52.4,58.9,29.3,2.49,481,115,8.81,42882,99,1310985,2957.2,100,100,100,100,100,Good,True
Groundnut,1.0,25.6,77.8,4.06,804.0,195.1,30.2,87.4,0.94,570,113,0.46,4839,28,54990,1036.4,100,5,39,93,5,Poor,True
Groundnut,2.0,26.0,69.7,6.83,539.0,28.4,90.0,73.8,2.27,515,116,1.73,10651,87,265590,2393.6,100,100,78,100,100,Good,True
Groundnut,3.5,28.5,63.2,5.97,671.0,6.6,76.6,53.0,1.26,486,115,2.18,17636,42,257985,1362.8,100,100,100,100,5,Poor,True
Groundnut,6.25,33.1,16.6,6.7,462.0,37.3,94.3,97.4,1.27,638,114,3.61,33122,41,464344,1301.9,100,100,5,100,100,Poor,True
Groundnut,1.5,23.6,48.4,5.89,639.0,33.0,91.2,76.8,2.57,494,114,1.48,8123,99,225517,2676.3,100,100,100,100,100,Good,True
Groundnut,12.25,30.2,52.2,7.15,707.0,29.4,36.6,94.4,2.39,470,117,12.44,59948,97,1712734,2757.0,100,100,100,100,100,Good,True
Groundnut,2.0,25.4,53.2,6.92,664.0,8.8,62.7,83.6,1.27,484,117,1.19,9930,41,148590,1396.4,100,100,100,100,5,Poor,True
Groundnut,6.25,37.2,19.4,4.51,114.0,10.9,57.5,77.6,0.6,601,117,2.36,30661,12,219375,615.5,62,5,5,5,11,Poor,True
Groundnut,12.25,33.1,56.1,6.64,790.0,6.5,42.3,25.9,1.28,469,115,7.42,57099,45,917280,1506.5,100,100,100,95,5,Poor,True
Groundnut,16.0,41.8,16.7,8.89,2576.0,19.8,32.2,38.0,0.64,616,129,5.96,74683,11,599040,702.1,7,5,5,5,67,Poor,True
Groundnut,4.0,22.9,46.8,6.09,506.0,27.0,55.3,47.6,2.49,463,112,4.05,18790,99,582660,3000.9,100,100,100,100,100,Good,True
Groundnut,0.5,32.2,16.7,7.19,677.0,17.6,40.9,40.1,1.19,601,114,0.28,2253,38,34808,1445.0,100,100,5,100,53,Poor,True
Groundnut,10.0,30.4,63.6,8.84,783.0,27.2,59.0,86.4,1.28,484,112,5.92,51034,42,748800,1367.3,100,5,100,96,100,Poor,True
Groundnut,10.0,28.3,77.1,5.58,335.0,42.7,70.7,47.4,1.6,576,115,7.07,50371,60,936000,1758.2,100,79,42,56,100,Moderate,True
Groundnut,2.25,27.6,54.0,6.96,1015.0,101.7,86.9,86.3,1.8,480,115,1.81,11668,70,236925,1930.6,100,100,100,66,56,Moderate,True
Groundnut,3.0,41.1,91.3,8.38,1926.0,16.9,72.3,60.0,0.6,592,125,1.1,15444,10,105300,581.8,16,14,5,5,49,Poor,True
Groundnut,1.0,22.8,56.2,6.11,675.0,40.8,41.2,77.9,2.53,483,114,1.03,4830,98,148005,2964.3,100,100,100,100,100,Good,True
Groundnut,16.0,24.9,53.8,6.19,569.0,54.1,96.9,39.0,2.41,463,115,15.8,82097,99,2255760,2647.7,100,100,100,100,100,Good,True
Groundnut,2.0,29.1,62.0,6.0,537.0,9.5,93.7,92.6,1.31,482,117,1.23,10859,43,153270,1311.5,100,100,100,100,5,Poor,True
Groundnut,9.0,27.7,36.7,7.38,1037.0,128.3,35.2,29.7,1.41,523,117,5.7,42031,50,742365,1666.2,100,87,68,64,28,Moderate,True
Groundnut,3.5,28.8,65.9,6.44,757.0,7.3,64.8,41.5,1.27,489,117,2.08,17312,44,260033,1402.0,100,100,96,99,5,Poor,True
Groundnut,7.5,28.1,55.6,6.01,689.0,53.6,36.2,52.0,2.53,478,114,7.64,34612,99,1110037,3107.1,100,100,100,100,100,Good,True
Groundnut,5.0,42.7,15.3,8.72,2351.0,14.8,79.6,65.1,0.54,600,132,1.77,25374,8,157950,522.5,5,5,5,5,36,Poor,True
Groundnut,5.0,12.5,91.4,8.48,1980.0,17.5,99.1,89.1,0.58,607,131,1.89,27666,9,169650,513.2,5,7,5,5,53,Poor,True
Groundnut,0.25,30.4,72.5,7.78,1051.0,88.9,35.4,90.5,1.75,539,115,0.18,1211,67,25594,2013.5,100,57,64,62,70,Moderate,True
Groundnut,7.5,32.7,59.6,7.34,668.0,7.7,60.6,70.0,1.27,480,116,4.42,36872,41,557212,1411.2,100,90,100,100,5,Poor,True
Groundnut,0.25,6.1,17.7,8.66,169.0,19.2,69.5,72.1,0.61,634,129,0.1,1197,9,8921,645.3,5,5,5,5,63,Poor,True
Groundnut,10.0,26.8,63.0,6.6,725.0,55.6,81.9,81.1,2.53,486,115,9.9,50655,99,1480050,2821.8,100,100,100,100,100,Good,True
Groundnut,1.5,43.7,17.6,4.61,108.0,5.2,38.2,82.4,0.48,608,129,0.49,7231,6,42120,482.5,5,5,5,5,5,Poor,True
Groundnut,3.0,42.9,60.8,5.61,746.0,63.2,56.8,65.0,1.24,480,126,1.73,15079,42,217620,1343.2,5,82,100,100,97,Poor,True
Groundnut,10.0,39.3,12.3,4.03,130.0,13.0,99.7,55.1,0.59,630,127,3.65,54925,9,345150,528.4,37,5,5,5,24,Poor,True
Groundnut,2.25,32.7,42.6,7.66,1379.0,98.9,30.1,31.2,1.25,492,116,1.36,10343,47,164531,1490.7,100,67,91,20,59,Poor,True
Groundnut,12.25,13.2,16.4,8.76,128.0,11.6,96.1,35.9,0.51,645,129,4.14,62743,5,365479,482.5,5,5,5,5,15,Poor,True
Groundnut,3.5,41.6,97.8,8.59,157.0,10.2,76.2,46.1,0.49,615,129,1.18,17455,5,100327,474.8,10,5,5,5,6,Poor,True
Groundnut,1.5,27.3,48.8,6.94,682.0,28.8,86.4,87.1,2.51,485,118,1.51,7819,99,220252,2716.9,100,100,100,100,100,Good,True
Groundnut,7.5,28.8,38.8,7.91,499.0,40.5,89.3,67.1,1.78,515,115,5.58,39006,65,780975,1902.2,100,48,76,100,100,Moderate,True
Groundnut,7.5,26.3,57.6,6.37,593.0,53.1,64.2,22.7,2.43,476,111,7.43,34583,97,1066162,2982.9,100,100,100,100,100,Good,True
Groundnut,7.5,8.1,84.1,8.3,2139.0,16.2,46.9,72.9,0.61,609,129,2.91,36941,10,267638,624.5,5,19,9,5,44,Poor,True
Groundnut,0.25,42.3,15.2,4.4,130.0,5.9,41.3,37.0,0.48,632,127,0.1,1161,6,7020,504.7,5,5,5,5,5,Poor,True
Groundnut,9.0,37.7,19.7,4.64,113.0,18.2,38.9,41.8,0.7,624,119,3.69,43039,14,368550,756.3,57,5,5,5,57,Poor,True
Groundnut,2.0,29.2,57.7,6.67,657.0,41.9,64.7,60.7,2.51,476,115,1.98,9820,99,293670,2890.5,100,100,100,100,100,Good,True
Groundnut,0.5,6.9,12.9,5.64,250.0,2.8,36.3,43.5,0.69,619,133,0.21,2342,13,20182,761.7,5,85,5,24,5,Poor,True
Groundnut,16.0,29.4,46.6,6.37,379.0,36.8,38.6,45.2,2.16,482,114,14.02,74929,85,2021760,2598.2,100,100,100,73,100,Good,True
Groundnut,9.0,25.4,63.0,6.33,588.0,39.8,85.1,81.5,2.48,479,117,8.93,46133,99,1305720,2730.3,100,100,100,100,100,Good,True
Groundnut,9.0,24.3,57.0,6.12,514.0,43.9,30.9,22.0,2.48,474,115,8.98,41062,99,1305720,3079.9,100,100,100,100,100,Good,True
Groundnut,0.25,26.1,52.1,7.17,457.0,47.1,94.1,73.7,2.44,473,113,0.25,1308,99,35685,2628.2,100,100,100,100,100,Good,True
Groundnut,0.25,23.2,53.7,6.77,569.0,53.7,97.6,94.0,2.48,478,114,0.24,1365,99,36270,2557.1,100,100,100,100,100,Good,True
Groundnut,4.0,32.2,54.7,5.9,589.0,41.8,61.6,61.5,2.45,491,117,4.06,19816,98,573300,2793.1,100,100,100,100,100,Good,True
Groundnut,6.25,31.2,63.4,4.21,575.0,44.8,74.2,78.3,1.26,487,116,3.8,32867,42,460688,1301.7,100,5,100,100,100,Poor,True
Groundnut,1.5,24.7,55.4,6.92,657.0,44.1,49.8,87.6,2.54,472,113,1.53,7811,99,222885,2753.5,100,100,100,100,100,Good,True
Groundnut,2.25,34.9,47.6,7.45,552.0,6.2,70.2,97.6,1.23,470,116,1.32,11821,39,161899,1269.6,89,82,100,100,5,Poor,True
Groundnut,0.25,10.4,91.0,4.5,2939.0,9.4,95.3,63.3,0.49,611,127,0.1,1336,8,7166,436.4,5,5,5,5,5,Poor,True
Groundnut,0.5,33.9,39.9,6.82,1276.0,44.6,47.7,83.4,1.59,496,116,0.36,2431,59,46508,1813.1,100,100,81,33,100,Moderate,True
Groundnut,9.0,12.0,66.7,4.52,2903.0,116.6,32.9,80.5,0.74,473,128,3.79,43633,18,389610,792.9,5,5,92,5,40,Poor,True
Groundnut,16.0,23.1,68.4,5.55,657.0,6.5,82.4,66.2,1.19,518,114,9.03,80564,41,1113840,1282.6,100,76,84,100,5,Poor,True
Groundnut,16.0,27.3,16.6,6.53,439.0,58.3,51.9,55.9,1.28,615,114,9.43,77603,44,1198080,1443.9,100,100,5,96,100,Poor,True
Groundnut,2.25,29.8,65.4,6.73,553.0,8.7,71.3,78.3,1.36,469,113,1.43,11806,45,179010,1416.3,100,100,98,100,5,Poor,True
Groundnut,16.0,7.8,93.6,8.53,84.0,17.6,66.7,95.0,0.58,612,130,6.05,83984,12,542880,546.4,5,5,5,5,53,Poor,True
Groundnut,3.5,31.5,50.4,6.19,734.0,36.0,92.7,87.0,2.43,473,114,3.5,17963,99,497543,2669.8,100,100,100,100,100,Good,True
Groundnut,2.25,40.8,80.3,8.16,148.0,42.5,72.8,97.9,0.8,574,128,1.0,11821,22,105300,790.8,20,30,27,5,100,Poor,True
Groundnut,0.25,27.0,58.0,5.43,2040.0,130.5,31.5,28.0,1.05,465,115,0.13,1123,31,15356,1267.4,100,65,100,5,26,Poor,True
Groundnut,4.0,37.7,68.7,5.42,1272.0,41.8,43.8,39.1,1.46,492,116,2.61,19658,49,341640,1637.9,55,64,83,34,100,Moderate,True
Groundnut,2.0,32.6,61.2,5.02,1908.0,136.8,61.3,20.7,1.0,472,117,0.99,9372,26,117000,1148.4,100,26,100,5,19,Poor,True
Groundnut,4.0,36.9,75.7,5.37,456.0,125.9,56.9,50.6,1.33,553,119,2.46,19841,43,311220,1468.6,66,59,49,100,30,Moderate,True
Groundnut,9.0,25.4,89.0,6.36,1110.0,61.8,35.6,46.1,1.19,625,114,5.07,41869,39,626535,1396.4,100,100,5,54,98,Poor,True
Groundnut,3.5,28.1,12.2,5.91,632.0,67.9,86.9,60.7,1.3,636,116,2.14,17845,45,266175,1391.6,100,100,5,100,92,Poor,True
Groundnut,2.0,25.5,53.6,6.24,605.0,29.6,34.0,55.0,2.58,466,115,1.98,9576,99,301860,3052.3,100,100,100,100,100,Good,True
Groundnut,2.25,25.2,58.2,7.13,748.0,53.3,61.4,87.4,2.54,473,117,2.25,11250,99,334328,2871.8,100,100,100,100,100,Good,True
Groundnut,0.25,20.7,63.7,7.61,1098.0,137.0,64.5,67.4,1.27,477,118,0.15,1290,41,18574,1339.8,85,70,100,56,19,Poor,True
Groundnut,3.0,27.3,56.6,5.68,1178.0,33.5,99.1,82.6,1.74,476,112,2.33,16726,66,305370,1725.7,100,89,100,46,100,Moderate,True
Groundnut,16.0,37.5,60.3,7.03,2313.0,174.9,34.1,32.5,1.01,468,121,8.05,74589,30,945360,1167.4,58,100,100,5,5,Poor,True
Groundnut,0.5,22.9,50.7,7.0,692.0,59.8,97.9,99.3,2.46,483,118,0.5,2768,99,71955,2499.5,100,100,100,100,100,Good,True
Groundnut,1.0,33.7,69.7,8.63,618.0,48.0,65.2,80.2,1.22,524,117,0.57,5040,41,71370,1316.1,100,5,78,100,100,Poor,True
Groundnut,7.5,7.5,83.2,4.49,112.0,10.7,53.9,90.4,0.5,610,128,2.59,37425,5,219375,486.2,5,5,14,5,9,Poor,True
Groundnut,16.0,32.7,56.1,6.34,621.0,30.6,34.5,93.9,2.5,482,114,16.02,77190,99,2340000,2931.5,100,100,100,100,100,Good,True
Groundnut,16.0,39.0,18.4,4.38,89.0,10.5,78.6,44.7,0.58,626,124,5.8,80781,9,542880,572.0,41,5,5,5,8,Poor,True
Groundnut,9.0,24.7,62.4,6.21,532.0,29.4,46.0,48.5,2.53,473,117,9.16,43508,99,1332045,2961.6,100,100,100,100,100,Good,True
Groundnut,10.0,30.2,53.8,6.16,531.0,26.5,42.4,55.5,2.48,478,110,10.05,48735,99,1450800,2876.9,100,100,100,100,100,Good,True
Groundnut,0.5,33.3,55.7,6.58,613.0,43.4,51.0,84.5,2.51,495,115,0.49,2457,99,73418,2888.1,100,100,100,100,100,Good,True
Groundnut,3.5,31.1,59.2,6.01,648.0,36.5,77.5,95.9,2.51,501,118,3.37,18360,99,513922,2699.1,100,100,100,100,100,Good,True
Groundnut,16.0,25.0,62.6,6.33,657.0,46.5,66.3,31.7,2.56,487,116,16.13,75836,99,2396160,3059.7,100,100,100,100,100,Good,True
Groundnut,3.0,22.8,54.3,4.11,656.0,35.1,79.5,85.3,1.31,483,114,1.79,15693,43,229905,1365.0,100,5,100,100,100,Poor,True
Groundnut,7.5,39.6,11.0,4.74,173.0,9.7,60.3,91.5,0.55,620,124,2.61,38518,8,241312,526.5,34,5,5,5,5,Poor,True
Groundnut,5.0,42.1,89.9,4.74,1590.0,16.3,89.2,62.6,0.58,618,130,1.82,26208,11,169650,547.3,5,5,5,5,45,Poor,True
Groundnut,2.0,31.7,65.5,6.04,659.0,75.2,97.9,63.6,2.35,487,115,1.9,10416,90,274950,2539.7,100,100,98,100,84,Good,True
Groundnut,6.25,40.5,12.1,4.05,137.0,8.9,52.7,24.8,0.52,627,126,2.25,28074,5,190125,577.2,22,5,5,5,5,Poor,True
Groundnut,0.5,42.3,13.2,4.76,58.0,18.8,50.9,79.6,0.59,619,129,0.18,2475,11,17258,597.3,5,5,5,5,61,Poor,True
Groundnut,10.0,31.2,60.8,7.04,739.0,38.2,54.1,36.2,2.46,467,112,10.26,48448,99,1439100,2870.4,100,100,100,100,100,Good,True
Groundnut,0.5,14.6,28.6,6.7,537.0,60.1,98.0,48.8,1.23,566,128,0.3,2563,43,35978,1303.7,13,100,38,100,100,Poor,True
Groundnut,10.0,26.7,56.6,6.81,526.0,45.5,49.5,45.7,2.49,499,117,9.93,48407,99,1456650,2909.2,100,100,100,100,100,Good,True
Groundnut,1.5,7.1,16.9,8.32,2634.0,144.5,89.7,95.1,0.52,609,128,0.52,8169,8,45630,458.6,5,18,5,5,11,Poor,True
Groundnut,9.0,22.0,42.1,6.86,1144.0,102.8,74.7,52.2,1.75,480,113,6.97,45299,63,921375,1934.0,100,100,89,50,55,Moderate,True
Groundnut,5.0,35.0,53.6,6.77,517.0,7.7,87.7,36.2,1.22,498,117,2.93,24898,44,356850,1333.2,88,100,100,100,5,Poor,True
Groundnut,3.5,11.6,34.2,7.39,2634.0,29.1,36.2,28.8,0.96,541,132,1.7,15403,25,196560,1176.1,5,86,59,5,100,Poor,True
Groundnut,1.5,26.4,54.8,6.08,537.0,58.2,66.8,73.7,2.55,487,112,1.49,7838,99,223762,2754.8,100,100,100,100,100,Good,True
Groundnut,1.5,42.4,89.9,4.48,2996.0,5.4,77.9,47.6,0.47,626,132,0.48,7825,5,41242,427.1,5,5,5,5,5,Poor,True
Groundnut,0.5,41.9,93.4,4.53,190.0,7.7,70.0,42.4,0.49,616,130,0.16,2522,8,14332,468.3,6,5,5,5,5,Poor,True
Groundnut,3.0,12.2,19.5,8.72,1861.0,18.0,36.6,60.1,0.6,615,127,1.09,14087,11,105300,647.5,5,5,5,5,56,Poor,True
Groundnut,1.5,25.2,46.2,5.58,1342.0,118.2,49.2,49.4,1.34,465,115,0.94,7182,45,117585,1537.2,100,79,100,25,39,Moderate,True
Groundnut,16.0,6.5,14.5,4.09,187.0,5.4,93.3,32.7,0.49,642,131,5.24,82179,5,458640,458.1,5,5,5,5,5,Poor,True
Groundnut,9.0,18.9,29.4,7.65,750.0,26.5,40.5,58.0,1.64,560,118,6.57,43959,59,863460,1864.2,63,67,41,100,100,Moderate,True
Groundnut,6.25,28.6,48.6,6.09,595.0,48.6,52.8,44.2,2.46,483,115,6.43,30709,99,899438,2828.9,100,100,100,100,100,Good,True
Groundnut,2.25,32.5,65.7,6.95,759.0,5.0,98.9,66.4,1.28,482,115,1.34,11935,43,168480,1311.6,100,100,97,99,5,Poor,True
Groundnut,1.5,42.9,89.4,4.65,174.0,12.9,42.1,63.2,0.52,615,129,0.51,7315,5,45630,523.8,5,5,5,5,23,Poor,True
Groundnut,7.5,41.6,86.2,4.39,2365.0,13.2,42.4,67.8,0.51,617,124,2.65,35567,7,223762,529.1,9,5,5,5,25,Poor,True
Groundnut,6.25,35.2,42.6,6.24,1162.0,74.7,75.6,43.2,1.72,500,115,4.62,30988,66,628875,1929.4,86,100,91,48,84,Moderate,True
Groundnut,9.0,23.7,88.8,5.07,707.0,79.3,47.1,88.2,1.08,606,115,4.81,45646,33,568620,1145.7,100,30,5,100,80,Poor,True
Groundnut,1.5,24.1,78.4,6.66,544.0,88.1,50.5,23.4,1.67,582,114,1.07,6963,58,146542,2004.6,100,100,36,100,70,Moderate,True
Groundnut,16.0,25.1,46.9,7.26,74.0,53.7,66.0,21.1,1.26,486,114,9.54,76696,40,1179360,1437.7,100,95,100,5,100,Poor,True
Groundnut,9.0,42.4,83.7,8.7,2448.0,17.1,46.8,88.3,0.58,618,127,3.35,43476,12,305370,602.4,5,5,11,5,50,Poor,True
Groundnut,10.0,28.8,54.5,6.02,628.0,31.1,79.5,88.7,2.52,478,117,10.32,52767,99,1474200,2693.8,100,100,100,100,100,Good,True
Groundnut,5.0,34.0,59.1,7.16,632.0,30.4,77.6,38.3,2.48,473,116,4.86,24860,99,725400,2817.9,100,100,100,100,100,Good,True
Groundnut,1.5,5.5,54.3,7.08,746.0,40.4,57.2,38.8,1.29,503,130,0.9,7204,42,113198,1471.3,5,100,100,100,100,Poor,True
Groundnut,1.5,20.0,26.1,7.76,517.0,54.8,88.6,44.5,1.48,593,117,0.97,7559,50,129870,1618.1,76,59,28,100,100,Moderate,True
Groundnut,3.0,28.2,42.9,8.77,524.0,25.0,61.8,93.1,1.28,479,116,1.78,15505,40,224640,1348.8,100,5,92,100,100,Poor,True
Groundnut,4.0,27.5,58.3,6.4,517.0,48.3,89.7,50.3,2.5,460,117,3.99,21838,99,585000,2578.8,100,100,100,100,100,Good,True
Groundnut,1.0,7.3,18.1,4.51,2597.0,16.2,81.8,83.2,0.57,615,127,0.36,5369,8,33345,521.1,5,5,5,5,44,Poor,True
Groundnut,0.25,31.9,96.6,6.32,607.0,68.3,59.3,21.4,1.31,598,114,0.15,1195,42,19159,1503.3,100,100,5,100,91,Poor,True
Groundnut,12.25,41.5,13.6,4.91,188.0,11.2,73.9,63.7,0.52,605,129,4.25,63837,7,372645,483.7,11,15,5,5,13,Poor,True
Groundnut,7.5,8.3,18.8,4.43,189.0,16.6,70.1,47.7,0.57,634,127,2.77,38111,8,250087,556.2,5,5,5,5,47,Poor,True
Groundnut,2.0,34.0,48.5,4.68,719.0,35.5,86.0,71.4,1.28,497,118,1.19,10319,45,149760,1351.3,100,5,100,100,100,Poor,True
Groundnut,16.0,37.1,14.6,4.14,127.0,5.4,47.1,72.7,0.6,618,116,5.74,79185,10,561600,609.2,63,5,5,5,5,Poor,True
Groundnut,2.0,44.6,67.5,7.75,2538.0,86.7,36.6,63.3,0.91,481,129,0.97,9250,25,106470,1051.0,5,60,88,5,72,Poor,True
Groundnut,6.25,23.9,19.3,7.11,696.0,40.3,65.0,26.4,1.31,616,112,3.66,29890,42,478969,1502.4,100,100,5,100,100,Poor,True
Groundnut,0.25,22.4,76.7,7.99,703.0,131.5,61.9,80.8,1.33,551,115,0.15,1263,44,19451,1440.1,100,42,44,100,25,Poor,True
Groundnut,5.0,38.2,28.5,8.0,845.0,92.8,55.0,78.8,1.41,576,123,3.26,24861,48,412425,1558.9,50,42,37,88,65,Moderate,True
Groundnut,3.5,33.1,50.2,7.13,598.0,55.0,34.6,65.0,2.56,467,113,3.49,16723,99,524160,3034.4,100,100,100,100,100,Good,True
Groundnut,1.5,25.3,57.3,7.09,596.0,59.4,86.0,64.2,2.51,499,114,1.48,8043,99,220252,2638.4,100,100,100,100,100,Good,True
Groundnut,4.0,7.3,13.3,4.51,123.0,12.6,90.2,74.4,0.51,609,130,1.36,21306,7,119340,460.1,5,5,5,5,22,Poor,True
Groundnut,2.0,38.8,77.5,7.34,1212.0,50.5,39.7,87.6,1.48,571,121,1.34,10031,52,173160,1626.2,43,90,41,42,100,Moderate,True
Groundnut,0.25,31.8,49.1,5.85,733.0,47.3,91.1,63.8,2.43,484,114,0.24,1321,99,35539,2590.3,100,100,100,100,100,Good,True
Groundnut,0.25,37.8,18.2,4.33,115.0,10.0,33.2,46.2,0.59,627,124,0.1,1120,10,8629,670.4,54,5,5,5,5,Poor,True
Groundnut,0.25,29.4,48.8,6.07,584.0,58.7,34.0,78.9,2.5,488,115,0.26,1250,99,36562,2825.0,100,100,100,100,100,Good,True
Groundnut,16.0,13.9,13.9,4.05,124.0,12.3,72.0,85.1,0.52,637,126,5.56,85477,5,486720,469.4,5,5,5,5,20,Poor,True
Groundnut,6.25,12.3,16.0,4.76,2089.0,8.2,70.9,41.3,0.5,605,129,2.12,31374,6,182812,482.7,5,5,5,5,5,Poor,True
Groundnut,9.0,34.2,46.3,6.37,682.0,8.8,81.6,21.5,1.29,475,113,5.49,44204,42,679185,1436.5,98,100,100,100,5,Poor,True
Groundnut,10.0,29.0,62.8,6.59,573.0,45.2,45.7,22.1,2.56,469,112,10.0,46182,99,1497600,3142.8,100,100,100,100,100,Good,True
Groundnut,1.5,23.1,53.6,6.4,2896.0,68.7,69.0,72.4,1.3,473,115,0.91,7640,43,114075,1393.1,100,100,100,5,91,Poor,True
Groundnut,12.25,42.8,15.9,4.04,98.0,5.3,98.2,80.3,0.5,612,128,3.89,67414,5,358312,431.5,5,5,5,5,5,Poor,True
Groundnut,1.5,38.9,16.7,4.68,149.0,10.0,31.9,45.2,0.55,596,125,0.54,6855,8,48263,604.1,42,5,5,5,5,Poor,True
Groundnut,12.25,42.8,15.9,8.47,149.0,15.4,63.0,58.8,0.58,613,129,4.45,61375,10,415642,577.2,5,7,5,5,39,Poor,True
Groundnut,4.0,31.8,30.4,7.16,880.0,25.4,47.6,77.1,1.71,560,112,3.11,20162,64,400140,1884.6,100,100,44,83,100,Moderate,True
Groundnut,16.0,37.2,17.1,4.29,129.0,18.3,78.1,93.2,0.71,627,119,6.7,86830,16,664560,665.4,62,5,5,5,58,Poor,True
Groundnut,6.25,26.9,48.2,6.63,519.0,117.5,67.1,46.4,1.69,475,113,4.71,29516,62,617906,1993.5,100,100,100,100,39,Moderate,True
Groundnut,7.5,29.4,49.0,6.27,548.0,27.5,95.3,80.3,2.5,482,113,7.2,39843,99,1096875,2653.0,100,100,100,100,100,Good,True
Groundnut,16.0,42.6,97.2,4.14,2777.0,8.9,40.4,64.7,0.47,616,130,5.37,77565,6,439920,467.2,5,5,5,5,5,Poor,True
Groundnut,16.0,40.8,11.9,4.41,82.0,14.6,54.9,88.6,0.59,621,126,5.91,79229,10,552240,597.0,19,5,5,5,34,Poor,True
Groundnut,1.0,17.2,63.0,7.68,965.0,57.3,85.3,74.3,1.64,479,118,0.74,5293,59,95940,1712.6,43,65,100,73,100,Moderate,True
Groundnut,6.25,28.4,35.4,5.53,1785.0,154.7,38.2,21.5,0.98,557,117,3.03,28530,25,358312,1155.9,100,74,63,5,5,Poor,True
Groundnut,2.0,30.5,39.1,7.11,440.0,97.9,57.7,81.9,1.97,513,118,1.61,10158,75,230490,2169.0,100,100,78,96,60,Moderate,True
Groundnut,0.5,42.9,96.8,4.56,2611.0,7.9,62.9,25.6,0.48,606,130,0.17,2415,5,14040,481.4,5,5,5,5,5,Poor,True
Groundnut,16.0,22.2,52.7,6.74,568.0,53.3,52.1,40.9,2.48,479,115,15.78,72990,99,2321280,3080.3,100,100,100,100,100,Good,True
Groundnut,2.25,25.1,53.6,5.46,950.0,74.4,75.3,25.4,1.97,473,115,1.88,10845,78,259301,2291.0,100,68,100,75,85,Good,True
Groundnut,2.0,34.3,42.8,7.36,301.0,89.4,53.7,59.0,1.69,492,116,1.46,9763,59,197730,1925.3,96,88,92,43,69,Moderate,True
Groundnut,2.25,29.7,58.6,6.03,692.0,57.5,92.0,32.5,2.45,480,114,2.18,11646,98,322481,2669.0,100,100,100,100,100,Good,True
Groundnut,5.0,28.1,51.4,6.35,532.0,53.7,88.1,95.7,2.53,472,115,4.88,27386,99,740025,2602.2,100,100,100,100,100,Good,True
Groundnut,4.0,36.7,67.2,6.91,646.0,44.3,46.1,69.1,2.08,493,121,3.47,19285,79,486720,2423.8,67,100,90,100,100,Good,True
Groundnut,1.5,30.4,53.8,6.57,572.0,31.0,30.8,96.5,2.46,480,114,1.51,7092,99,215865,2943.8,100,100,100,100,100,Good,True
Groundnut,16.0,25.6,54.8,6.91,566.0,58.5,83.4,48.6,2.54,489,110,16.03,82250,99,2377440,2790.5,100,100,100,100,100,Good,True
Groundnut,10.0,30.9,41.8,7.74,1149.0,90.5,72.0,30.9,1.66,492,112,7.32,49062,59,971100,1879.3,100,61,88,50,68,Moderate,True
Groundnut,16.0,41.9,18.5,4.03,148.0,19.7,43.2,68.0,0.61,618,124,6.25,78392,13,570960,628.3,6,5,5,5,67,Poor,True
Groundnut,4.0,22.8,45.1,6.66,635.0,34.3,69.1,57.4,2.45,492,114,4.01,20335,98,573300,2719.3,100,100,100,100,100,Good,True
Groundnut,12.25,31.2,56.7,6.56,669.0,34.6,46.6,76.4,2.5,470,114,12.07,58559,99,1791562,2959.4,100,100,100,100,100,Good,True
Groundnut,3.5,32.3,51.4,6.3,465.0,25.1,32.1,26.7,2.52,471,116,3.47,16023,99,515970,3120.2,100,100,100,100,100,Good,True
Groundnut,7.5,23.3,54.8,6.77,524.0,36.5,73.4,68.2,2.45,506,118,7.47,38928,99,1074938,2661.3,100,100,100,100,100,Good,True
Groundnut,1.0,41.6,90.3,4.86,149.0,14.0,55.5,83.3,0.55,626,128,0.37,5056,8,32175,536.4,10,10,5,5,31,Poor,True
Groundnut,16.0,43.8,13.4,4.38,118.0,14.1,36.6,94.4,0.53,629,126,5.8,75986,6,496080,552.9,5,5,5,5,31,Poor,True
Groundnut,5.0,28.7,63.0,5.86,599.0,32.5,76.4,81.9,2.51,474,113,5.07,26995,99,734175,2619.7,100,100,100,100,100,Good,True
Groundnut,2.0,30.4,45.6,6.98,541.0,37.9,47.6,47.4,2.53,491,111,2.05,9741,99,296010,2938.8,100,100,100,100,100,Good,True
Groundnut,3.0,29.1,51.0,7.13,664.0,52.4,44.4,91.8,2.52,476,113,3.18,14841,99,442260,2880.0,100,100,100,100,100,Good,True
Groundnut,1.0,26.7,86.4,6.9,2775.0,103.8,82.2,43.5,1.0,599,113,0.49,5152,28,58500,1035.5,100,100,5,5,54,Poor,True
Groundnut,9.0,37.8,16.7,4.77,97.0,14.4,49.5,37.2,0.64,599,120,3.48,41583,12,336960,710.3,55,5,5,5,33,Poor,True
Groundnut,3.5,9.8,96.5,8.78,194.0,10.8,65.4,34.5,0.49,611,131,1.17,17254,5,100327,481.5,5,5,5,5,10,Poor,True
Groundnut,2.0,28.8,68.3,5.53,87.0,19.0,32.2,63.0,1.11,500,112,1.09,9337,36,129870,1290.9,100,75,84,5,62,Poor,True
Groundnut,9.0,17.4,68.8,5.68,653.0,129.3,53.2,99.7,1.39,514,122,5.68,46528,47,731835,1472.9,45,88,82,100,27,Moderate,True
Groundnut,7.5,18.4,45.0,5.74,932.0,131.7,94.2,53.6,1.41,467,122,4.82,37636,46,618638,1543.7,57,95,100,77,24,Moderate,True
Groundnut,4.0,42.8,42.7,6.57,587.0,66.3,78.6,63.9,1.27,491,131,2.34,20688,41,297180,1336.5,5,100,91,100,93,Poor,True
Groundnut,7.5,6.5,90.4,4.91,2107.0,6.5,78.7,74.2,0.49,606,130,2.54,39306,6,214988,447.0,5,16,5,5,5,Poor,True
Groundnut,9.0,28.6,44.0,6.71,569.0,8.9,91.3,35.5,1.27,498,113,5.38,46745,44,668655,1330.4,100,100,96,100,5,Poor,True
Groundnut,4.0,42.0,10.6,4.64,82.0,18.5,44.2,62.4,0.58,625,129,1.48,18801,11,135720,621.9,5,5,5,5,59,Poor,True
Groundnut,1.5,28.3,66.8,4.45,704.0,49.3,64.5,29.9,1.29,508,116,0.88,7293,43,113198,1452.1,100,5,91,100,100,Poor,True
Groundnut,1.0,42.7,16.4,4.27,87.0,16.8,55.9,23.6,0.56,638,132,0.36,4752,14,32760,589.4,5,5,5,5,48,Poor,True
Groundnut,5.0,14.5,87.5,4.62,2207.0,62.5,84.3,55.6,0.69,628,128,2.05,26114,16,201825,672.9,11,5,5,5,97,Poor,True
Groundnut,3.0,42.0,85.4,8.48,2614.0,19.9,79.8,66.1,0.63,624,130,1.11,15748,12,110565,602.1,5,6,5,5,68,Poor,True
Groundnut,16.0,31.5,47.6,6.07,501.0,38.0,81.9,31.9,2.55,489,117,15.87,80591,99,2386800,2861.6,100,100,100,100,100,Good,True
Groundnut,9.0,20.8,70.5,6.26,1393.0,37.0,90.5,29.2,1.39,515,115,5.6,45455,45,731835,1510.0,86,100,74,19,100,Moderate,True
Groundnut,1.5,31.3,51.9,6.51,673.0,28.5,89.7,93.6,2.45,468,116,1.5,8262,99,214988,2502.1,100,100,100,100,100,Good,True
Groundnut,12.25,41.4,95.4,8.57,141.0,19.3,63.9,25.4,0.65,644,131,4.67,58839,13,465806,691.7,12,5,5,5,64,Poor,True
Groundnut,2.25,12.6,63.3,7.39,571.0,37.4,54.8,77.1,1.29,488,128,1.33,10868,43,169796,1462.3,5,86,100,100,100,Poor,True
Groundnut,0.25,37.4,14.3,4.65,119.0,13.4,43.7,52.1,0.65,603,117,0.1,1180,15,9506,705.6,60,5,5,5,26,Poor,True
Groundnut,5.0,29.1,63.6,5.84,609.0,33.6,83.7,28.5,2.47,478,117,5.12,24633,99,722475,2833.0,100,100,100,100,100,Good,True
Groundnut,1.5,8.3,14.1,4.35,86.0,11.1,57.8,59.5,0.5,603,130,0.49,7041,6,43875,523.1,5,5,5,5,12,Poor,True
Groundnut,3.0,25.3,54.9,6.18,534.0,54.1,54.6,58.4,2.46,482,115,3.01,14821,99,431730,2813.0,100,100,100,100,100,Good,True
Groundnut,1.0,31.8,48.7,6.27,522.0,58.6,100.0,55.0,2.49,485,117,0.98,5242,99,145665,2678.8,100,100,100,100,100,Good,True
Groundnut,0.25,43.9,18.8,4.46,156.0,15.3,37.2,54.4,0.56,617,127,0.1,1151,8,8190,611.6,5,5,5,5,39,Poor,True
Groundnut,2.25,37.1,40.5,7.33,1398.0,120.0,81.9,46.1,1.16,507,122,1.25,11437,38,152685,1235.0,64,90,83,18,37,Poor,True
Groundnut,16.0,22.2,41.8,7.34,378.0,120.9,58.7,83.7,1.63,486,114,11.01,79423,57,1525680,1821.0,100,90,88,73,36,Moderate,True
Groundnut,1.0,24.3,45.0,6.43,458.0,31.5,50.7,100.0,2.51,496,113,1.02,5193,98,146835,2727.6,100,100,100,100,100,Good,True
Groundnut,10.0,27.7,56.9,6.56,526.0,34.5,62.1,65.6,2.46,494,113,10.47,51779,99,1439100,2679.3,100,100,100,100,100,Good,True
Groundnut,5.0,22.2,68.0,7.56,825.0,55.9,72.5,21.9,2.14,503,117,4.35,24592,82,625950,2445.3,100,74,86,91,100,Good,True
Groundnut,6.25,8.4,93.8,4.4,182.0,16.1,51.8,96.1,0.58,628,128,2.31,31037,8,212062,583.3,5,5,5,5,43,Poor,True
Groundnut,0.25,29.1,53.4,6.28,563.0,45.1,57.7,98.7,2.52,482,113,0.25,1304,99,36855,2726.3,100,100,100,100,100,Good,True
Groundnut,9.0,41.1,87.1,8.55,126.0,19.7,33.1,36.3,0.63,618,128,3.31,39995,13,331695,729.3,15,5,5,5,67,Poor,True
Groundnut,12.25,41.3,13.9,4.73,98.0,16.9,54.6,73.0,0.61,635,127,4.6,60279,10,437141,625.2,13,5,5,5,49,Poor,True
Groundnut,10.0,33.7,85.8,7.22,762.0,29.9,32.1,69.9,1.32,644,116,5.96,47662,43,772200,1520.2,100,98,5,99,100,Poor,True
Groundnut,7.5,25.5,49.3,6.6,574.0,36.3,99.3,38.1,2.48,496,114,7.36,39688,97,1088100,2641.6,100,100,100,100,100,Good,True
Groundnut,7.5,39.6,23.9,7.85,261.0,162.8,60.2,55.1,0.72,608,122,3.08,37050,16,315900,752.6,33,52,20,28,5,Poor,True
Groundnut,4.0,33.1,54.0,5.81,587.0,25.2,58.4,45.8,2.47,493,116,4.0,19258,99,577980,2901.2,100,100,100,100,100,Good,True
Groundnut,0.5,31.2,39.2,7.68,618.0,31.4,98.0,29.1,1.99,524,116,0.42,2634,77,58208,2109.9,100,65,78,100,100,Good,True
Groundnut,1.0,25.0,46.4,6.65,583.0,33.9,90.4,98.2,2.44,475,115,1.03,5443,99,142740,2522.5,100,100,100,100,100,Good,True
Groundnut,1.0,21.1,64.9,4.18,598.0,32.2,96.2,60.0,1.27,465,116,0.61,5459,44,74295,1261.0,90,5,100,100,100,Poor,True
Groundnut,10.0,27.5,50.4,7.64,1192.0,80.9,60.4,25.9,1.64,480,117,7.27,47509,61,959400,1919.4,100,68,100,44,78,Moderate,True
Groundnut,0.25,10.4,13.9,4.95,2067.0,17.9,83.0,93.0,0.62,619,128,0.1,1359,11,9068,567.3,5,20,5,5,55,Poor,True
Groundnut,5.0,40.9,13.0,4.27,106.0,11.1,52.1,22.4,0.54,611,125,1.74,23249,9,157950,579.4,18,5,5,5,12,Poor,True
Groundnut,12.25,37.1,17.4,4.53,197.0,5.1,97.5,32.5,0.6,610,120,4.46,62972,11,429975,582.8,63,5,5,5,5,Poor,True
Groundnut,3.5,30.9,60.5,5.39,686.0,83.9,96.2,22.9,1.99,488,112,2.83,18239,72,407452,2134.0,100,61,100,100,75,Moderate,True
Groundnut,0.5,19.5,50.3,7.14,1136.0,103.4,57.9,59.4,1.75,469,118,0.36,2443,64,51188,1995.3,70,100,100,51,54,Moderate,True
Groundnut,2.0,12.4,88.2,8.86,2395.0,8.7,60.2,22.8,0.47,595,130,0.67,9530,5,54990,477.0,5,5,5,5,5,Poor,True
Groundnut,5.0,31.5,59.7,5.98,734.0,45.7,75.4,46.8,2.53,496,115,4.91,24926,99,740025,2868.9,100,100,100,100,100,Good,True
Groundnut,2.0,41.7,97.3,4.69,2281.0,8.3,88.5,33.8,0.48,622,127,0.68,10076,6,56160,457.4,8,5,5,5,5,Poor,True
Groundnut,7.5,30.8,96.3,5.52,471.0,54.5,67.1,21.6,1.24,619,114,4.41,35217,40,544050,1444.9,100,74,5,100,100,Poor,True
Groundnut,0.25,39.0,59.7,7.19,815.0,72.4,34.6,99.5,1.69,456,123,0.19,1213,64,24716,1937.6,41,100,100,92,87,Moderate,True
Groundnut,1.5,9.4,19.5,4.4,2908.0,16.6,47.4,85.0,0.57,608,130,0.55,7278,11,50018,587.2,5,5,5,5,46,Poor,True
Groundnut,5.0,30.5,58.1,6.33,623.0,48.3,38.9,74.0,2.49,497,115,4.89,23849,99,728325,2953.9,100,100,100,100,100,Good,True
Groundnut,6.25,28.5,60.0,7.17,700.0,46.4,48.3,90.3,2.51,494,114,6.19,30481,99,917719,2910.8,100,100,100,100,100,Good,True
Groundnut,12.25,30.3,50.3,6.84,560.0,32.7,61.5,79.3,2.49,495,114,12.65,60523,99,1784396,2848.3,100,100,100,100,100,Good,True
Groundnut,0.25,10.1,12.9,4.17,154.0,16.6,68.9,90.4,0.58,604,127,0.1,1272,7,8482,566.8,5,5,5,5,47,Poor,True
Groundnut,5.0,30.4,73.2,6.65,606.0,46.6,76.1,39.7,2.05,541,112,4.23,24642,76,599625,2333.3,100,100,61,100,100,Good,True
Groundnut,0.5,22.1,64.4,4.44,537.0,28.0,86.7,91.5,1.34,482,117,0.31,2614,43,39195,1399.4,100,5,100,100,100,Poor,True
Groundnut,9.0,10.1,12.1,4.32,120.0,13.2,48.7,35.4,0.53,610,128,3.14,43106,6,279045,547.3,5,5,5,5,25,Poor,True
Groundnut,0.5,27.3,50.6,6.91,706.0,41.4,49.8,87.1,2.54,472,116,0.49,2513,99,74295,2856.4,100,100,100,100,100,Good,True
Groundnut,9.0,8.7,96.4,4.38,2462.0,17.2,71.4,23.0,0.55,619,126,3.2,43627,9,289575,563.8,5,5,5,5,50,Poor,True
Groundnut,3.0,38.1,76.7,5.61,1212.0,82.1,42.9,28.5,1.48,563,121,2.0,13633,51,259740,1805.2,51,82,45,42,77,Moderate,True
Groundnut,10.0,38.7,10.7,4.33,112.0,9.6,31.5,31.0,0.58,614,121,3.46,47321,13,339300,617.0,45,5,5,5,5,Poor,True
Groundnut,0.5,27.5,60.4,6.69,695.0,25.6,74.5,32.9,2.41,478,116,0.51,2463,99,70492,2762.0,100,100,100,100,100,Good,True
Groundnut,4.0,25.5,55.3,7.17,496.0,26.5,96.9,43.2,2.54,469,113,3.97,21207,99,594360,2702.7,100,100,100,100,100,Good,True
Groundnut,16.0,34.9,61.0,7.15,2910.0,48.7,40.1,29.2,1.28,467,115,9.41,72112,45,1198080,1561.4,90,100,100,5,100,Poor,True
Groundnut,3.0,41.9,17.2,4.28,129.0,7.9,84.4,24.1,0.49,596,123,0.97,15010,5,85995,472.9,6,5,5,5,5,Poor,True
Groundnut,5.0,42.7,12.7,4.41,134.0,17.6,70.9,75.2,0.59,627,129,1.9,25697,8,172575,571.6,5,5,5,5,53,Poor,True
Groundnut,16.0,32.4,60.7,5.88,666.0,24.0,52.5,26.0,2.41,487,117,15.55,75879,95,2255760,2872.8,100,100,100,100,94,Good,True
Groundnut,2.0,11.9,10.4,6.89,101.0,44.8,80.7,40.8,0.89,633,127,0.93,9884,23,104130,953.5,5,100,5,5,100,Poor,True
Groundnut,1.0,27.5,51.5,6.68,615.0,27.9,60.3,53.4,2.47,476,114,0.96,4989,99,144495,2796.3,100,100,100,100,100,Good,True
Groundnut,7.5,27.9,51.7,5.85,728.0,54.4,78.1,59.6,2.47,491,115,7.5,38178,99,1083713,2738.6,100,100,100,100,100,Good,True
Groundnut,10.0,41.2,15.1,8.47,1955.0,9.4,37.0,41.7,0.52,617,127,3.3,45644,5,304200,566.5,14,7,5,5,5,Poor,True
Groundnut,4.0,27.0,54.4,6.06,606.0,57.0,32.8,50.8,2.51,477,115,3.97,18193,97,587340,3128.4,100,100,100,100,100,Good,True
Groundnut,7.5,40.0,73.6,6.82,1037.0,158.9,39.1,30.2,0.95,543,123,3.67,33704,27,416812,1136.7,28,100,59,64,5,Poor,True
Groundnut,12.25,7.8,96.4,4.39,2839.0,17.2,95.3,49.0,0.58,616,126,4.48,64007,10,415642,549.4,5,5,5,5,51,Poor,True
Groundnut,12.25,24.7,54.1,6.88,695.0,59.2,47.6,63.5,2.49,476,115,12.11,59296,99,1784396,2909.3,100,100,100,100,100,Good,True
Groundnut,5.0,42.5,18.8,4.31,2450.0,17.6,77.3,57.9,0.56,623,127,1.8,26147,8,163800,526.5,5,5,5,5,53,Poor,True
Groundnut,6.25,23.7,60.9,6.59,627.0,37.2,67.1,65.2,2.47,482,115,6.59,31933,98,903094,2728.1,100,100,100,100,100,Good,True
Groundnut,12.25,29.2,57.3,6.05,725.0,5.6,42.0,54.7,1.28,475,114,7.46,57805,40,917280,1486.9,100,100,100,100,5,Poor,True
Groundnut,1.0,24.6,58.0,6.96,660.0,43.8,56.8,50.5,2.53,493,113,1.02,5008,99,148005,2855.4,100,100,100,100,100,Good,True
Groundnut,1.0,24.9,63.1,6.31,725.0,51.3,43.7,49.6,2.54,478,116,1.0,4779,99,148590,3009.2,100,100,100,100,100,Good,True
Groundnut,2.25,13.3,19.6,4.14,1761.0,8.5,47.8,62.6,0.5,604,127,0.75,10903,9,65812,503.6,5,5,5,5,5,Poor,True
Groundnut,0.25,29.2,65.6,6.43,624.0,8.7,79.3,100.0,1.28,475,116,0.15,1385,44,18720,1251.6,100,100,97,100,5,Poor,True
Groundnut,1.0,21.8,67.8,4.51,696.0,63.1,41.3,97.0,1.28,491,113,0.57,5002,43,74880,1397.0,98,5,87,100,97,Poor,True
Groundnut,0.5,24.9,58.8,6.21,568.0,58.4,95.0,88.0,2.49,461,116,0.5,2740,99,72832,2558.1,100,100,100,100,100,Good,True
Groundnut,1.5,33.1,56.8,5.3,566.0,95.5,39.4,61.1,1.83,471,117,1.18,7324,66,160582,2092.5,100,52,100,100,63,Moderate,True
Groundnut,1.5,22.1,56.0,6.83,442.0,65.7,36.2,56.3,2.46,476,114,1.46,7240,93,215865,2881.6,100,100,100,97,94,Good,True
Groundnut,9.0,8.2,97.6,6.1,1736.0,72.6,94.0,30.7,0.86,618,126,4.12,46506,23,452790,873.6,5,100,5,5,87,Poor,True
Groundnut,9.0,24.0,60.1,6.07,727.0,37.9,57.1,80.7,2.52,459,114,8.78,44044,99,1326780,2912.4,100,100,100,100,100,Good,True
Groundnut,0.5,30.3,39.1,7.8,383.0,65.9,50.0,56.4,1.86,519,117,0.38,2462,69,54405,2109.8,100,56,77,74,94,Moderate,True
Groundnut,4.0,42.4,16.7,4.22,199.0,17.6,49.7,39.7,0.58,606,125,1.54,19401,9,135720,599.6,5,5,5,5,53,Poor,True
Groundnut,0.5,34.3,29.6,5.88,765.0,110.9,35.1,79.4,1.65,562,115,0.35,2425,60,48262,1890.2,96,100,42,98,46,Moderate,True
Groundnut,0.5,12.5,31.5,7.5,2498.0,86.2,76.4,54.2,0.88,554,126,0.24,2588,23,25740,894.6,5,78,49,5,72,Poor,True
Groundnut,12.25,9.7,89.3,8.45,158.0,15.7,36.8,72.9,0.58,605,123,4.48,58984,8,415642,604.7,5,8,5,5,41,Poor,True
Groundnut,3.5,33.6,58.3,6.42,664.0,32.2,34.3,20.1,2.47,488,115,3.39,15518,99,505733,3159.0,100,100,100,100,100,Good,True
Groundnut,3.5,29.7,53.5,7.9,443.0,73.3,46.1,40.0,1.8,490,114,2.67,16639,67,368550,2115.0,100,49,100,97,86,Moderate,True
Groundnut,5.0,19.0,48.6,5.59,335.0,74.0,81.9,87.7,1.73,484,119,3.86,26856,70,506025,1784.2,64,80,100,56,85,Moderate,True
Groundnut,12.25,21.7,27.2,7.68,462.0,25.2,42.1,21.4,1.48,577,117,8.35,54988,55,1060605,1828.8,96,65,32,100,100,Moderate,True
Groundnut,16.0,34.8,35.2,7.7,1376.0,58.4,35.9,63.7,1.32,530,113,9.86,77310,45,1235520,1498.1,90,63,63,21,100,Poor,True
Groundnut,0.25,40.3,14.8,4.5,102.0,8.3,90.7,79.8,0.52,620,127,0.1,1331,8,7605,471.4,25,5,5,5,5,Poor,True
Groundnut,12.25,8.3,16.7,8.38,2655.0,11.8,55.3,74.0,0.53,648,127,4.19,61206,6,379811,520.5,5,14,5,5,17,Poor,True
Groundnut,1.0,17.7,61.5,6.5,1283.0,97.6,33.4,99.6,1.47,487,122,0.65,4963,52,85995,1632.7,48,100,100,32,60,Moderate,True
Groundnut,7.5,28.7,49.7,6.2,476.0,33.1,76.1,61.7,2.46,482,116,7.36,38065,99,1079325,2735.5,100,100,100,100,100,Good,True
Groundnut,1.0,43.1,11.9,4.08,189.0,12.9,60.2,22.8,0.5,642,129,0.35,4922,5,29250,494.3,5,5,5,5,23,Poor,True
Groundnut,12.25,11.7,88.9,8.6,2676.0,11.9,93.0,70.1,0.49,626,130,4.36,63627,5,351146,451.9,5,5,5,5,17,Poor,True
Groundnut,1.5,22.2,53.7,6.16,637.0,42.9,91.9,81.7,2.52,489,115,1.49,7951,99,221130,2681.2,100,100,100,100,100,Good,True
Groundnut,1.0,14.9,69.7,7.96,1002.0,150.6,33.9,50.7,0.89,514,126,0.47,4664,23,52065,1016.3,15,45,78,68,5,Poor,True
Groundnut,3.5,11.6,85.7,4.24,2960.0,9.7,35.7,53.6,0.48,631,131,1.16,16741,5,98280,487.1,5,5,5,5,5,Poor,True
Groundnut,12.25,41.7,16.5,4.47,93.0,16.2,61.2,56.2,0.58,629,124,4.44,61102,11,415642,580.2,9,5,5,5,44,Poor,True
Groundnut,10.0,31.6,16.1,8.97,1752.0,157.5,45.1,53.1,0.67,621,112,3.95,46204,18,391950,748.3,100,5,5,5,5,Poor,True
Groundnut,2.0,19.2,77.0,5.81,649.0,136.7,94.4,89.8,1.26,564,124,1.16,10769,45,147420,1268.9,67,100,43,100,19,Poor,True
Groundnut,3.5,41.7,18.2,8.34,1759.0,19.4,33.6,69.5,0.64,613,125,1.35,16809,12,131040,679.6,9,17,5,5,65,Poor,True
Groundnut,3.5,42.0,93.1,8.51,2355.0,13.3,74.2,84.8,0.54,625,128,1.24,18618,8,110565,493.9,5,5,5,5,26,Poor,True
Groundnut,3.5,22.8,10.2,5.82,699.0,47.7,31.6,22.4,1.31,622,110,2.12,16060,44,268222,1570.1,100,100,5,100,100,Poor,True
Groundnut,12.25,37.2,71.0,5.95,946.0,32.9,82.0,34.2,1.95,516,117,9.71,62641,74,1397419,2130.8,62,100,72,75,100,Moderate,True
Groundnut,12.25,42.7,16.7,4.48,109.0,9.8,52.5,45.9,0.47,610,125,4.09,58395,6,336814,476.8,5,5,5,5,5,Poor,True
Groundnut,2.25,23.9,43.9,4.09,513.0,66.1,69.6,51.8,1.24,476,114,1.36,11173,42,163215,1360.8,100,5,96,100,94,Poor,True
Groundnut,16.0,30.2,57.9,6.38,477.0,41.3,36.9,75.8,2.53,480,116,16.06,76736,98,2368080,2986.0,100,100,100,100,100,Good,True
Groundnut,1.0,31.8,82.4,7.32,123.0,142.6,74.2,48.2,0.95,601,118,0.49,4879,26,55575,1039.1,100,91,17,5,13,Poor,True
Groundnut,2.25,32.7,64.8,6.8,1203.0,25.1,78.6,92.0,1.75,485,115,1.77,11932,64,230344,1830.5,100,100,100,43,100,Moderate,True
Groundnut,10.0,15.9,69.3,6.42,2053.0,128.2,91.4,77.7,0.92,509,124,4.85,52775,26,538200,919.8,28,100,80,5,28,Poor,True
Groundnut,5.0,30.6,55.9,7.14,459.0,38.2,71.2,51.5,2.46,477,115,5.14,25329,99,719550,2740.8,100,100,100,100,100,Good,True
Groundnut,9.0,26.7,68.6,7.9,966.0,80.6,54.5,72.7,1.71,506,111,6.75,45740,62,900315,1868.3,100,49,83,73,78,Moderate,True
Groundnut,16.0,29.8,83.5,4.99,230.0,198.8,38.0,29.9,0.74,599,115,6.91,72672,16,692640,853.1,100,23,12,16,5,Poor,True
Groundnut,6.25,20.0,41.0,5.79,73.0,26.1,75.7,89.2,1.2,509,118,3.55,33908,37,438750,1193.9,76,99,85,5,100,Poor,True
Groundnut,0.25,20.8,56.7,8.97,723.0,58.9,46.2,54.6,1.23,465,117,0.15,1218,42,17989,1376.9,86,5,100,100,100,Poor,True
Groundnut,1.5,29.2,53.6,6.05,671.0,53.1,56.1,55.8,2.53,478,115,1.5,7410,99,222008,2896.1,100,100,100,100,100,Good,True
Groundnut,12.25,24.4,50.0,5.25,2194.0,164.2,57.2,86.6,0.98,488,112,6.22,58917,27,702292,1092.0,100,48,100,5,5,Poor,True
Groundnut,16.0,30.9,45.1,6.07,640.0,36.2,53.4,88.3,2.56,461,117,16.38,80076,99,2396160,2892.4,100,100,100,100,100,Good,True
Groundnut,2.25,17.9,28.6,4.35,969.0,129.4,60.6,27.4,0.85,580,120,1.02,10869,21,111881,929.4,51,5,38,72,27,Poor,True
Groundnut,9.0,9.2,67.3,6.04,574.0,26.6,90.7,22.4,1.24,508,130,5.43,45033,41,652860,1349.7,5,100,89,100,100,Poor,True
Groundnut,3.0,36.5,17.7,7.3,1772.0,7.0,89.0,99.7,0.79,612,117,1.29,16323,23,138645,749.4,70,93,5,5,5,Poor,True
Groundnut,2.25,25.0,58.4,6.62,512.0,31.5,57.5,76.6,2.49,487,115,2.21,11060,99,327746,2863.3,100,100,100,100,100,Good,True
Groundnut,0.5,19.4,75.7,7.62,1349.0,64.2,58.9,81.0,1.28,573,119,0.3,2598,42,37440,1341.1,69,70,49,24,96,Poor,True
Groundnut,2.0,38.3,34.6,4.76,2550.0,183.3,36.3,29.6,0.68,515,122,0.81,9103,18,79560,774.0,49,5,60,5,5,Poor,True
Groundnut,16.0,27.5,88.0,5.84,554.0,43.5,59.6,72.5,1.27,632,118,9.55,82034,46,1188720,1349.1,100,100,5,100,100,Poor,True
Groundnut,5.0,27.5,51.4,6.65,687.0,56.6,47.1,99.2,2.46,482,118,5.03,25313,99,719550,2742.6,100,100,100,100,100,Good,True
Groundnut,7.5,7.0,56.4,6.06,563.0,42.7,57.1,99.1,1.29,481,129,4.37,38841,43,565988,1357.2,5,100,100,100,100,Poor,True
Groundnut,3.0,37.4,69.1,6.17,1064.0,76.8,94.2,49.7,1.82,531,121,2.29,15349,68,319410,1981.0,59,100,80,60,82,Moderate,True
Groundnut,0.25,41.7,96.3,8.74,196.0,14.9,42.3,75.1,0.54,600,130,0.1,1193,9,7898,562.0,8,5,5,5,36,Poor,True
Groundnut,7.5,21.9,76.4,6.93,1043.0,36.9,75.7,43.8,1.75,563,116,5.52,37508,64,767812,1947.1,99,100,46,63,100,Moderate,True
Groundnut,6.25,40.2,13.9,4.76,112.0,15.2,95.8,34.7,0.61,615,124,2.31,32127,9,223031,594.2,26,5,5,5,38,Poor,True
Groundnut,7.5,9.0,17.3,4.11,2875.0,10.9,50.9,37.8,0.48,614,129,2.47,36434,6,210600,478.0,5,5,5,5,11,Poor,True
Groundnut,4.0,33.5,56.1,6.24,530.0,36.1,90.7,23.1,2.47,484,111,3.92,20683,99,577980,2694.5,100,100,100,100,100,Good,True
Groundnut,4.0,27.2,48.6,8.8,601.0,26.6,57.5,99.4,1.28,484,117,2.35,20444,43,299520,1365.1,100,5,100,100,100,Poor,True
Groundnut,0.5,27.3,85.8,5.81,747.0,55.6,44.1,31.6,1.31,616,114,0.29,2288,44,38318,1574.7,100,100,5,100,100,Poor,True
Groundnut,9.0,26.0,63.9,6.57,470.0,48.5,94.8,83.4,2.55,485,116,9.06,48402,99,1342575,2673.8,100,100,100,100,100,Good,True
Groundnut,12.25,42.4,89.7,4.87,185.0,6.4,81.9,49.1,0.5,614,130,4.13,62420,8,358312,474.0,5,12,5,5,5,Poor,True
Groundnut,3.5,17.9,37.8,6.22,1356.0,126.6,90.4,80.3,1.23,517,121,2.09,18685,38,251842,1247.8,52,100,73,23,30,Poor,True
Groundnut,3.5,30.6,57.8,6.85,602.0,57.5,91.2,75.0,2.49,478,115,3.53,19080,99,509828,2572.1,100,100,100,100,100,Good,True
Groundnut,3.5,23.2,55.0,5.65,162.0,43.5,72.3,49.2,1.27,486,116,2.12,17212,41,260033,1410.8,100,86,100,5,100,Poor,True
Groundnut,3.5,30.4,14.8,6.51,441.0,17.5,83.6,67.7,1.18,626,116,1.96,19142,37,241605,1162.2,100,100,5,97,52,Poor,True
Groundnut,4.0,42.1,93.5,4.36,2979.0,14.1,72.1,27.7,0.54,608,126,1.46,20256,6,126360,523.8,5,5,5,5,31,Poor,True
Groundnut,7.5,23.9,54.5,7.06,829.0,130.1,50.5,63.9,1.54,492,114,5.12,37059,57,675675,1723.2,100,100,100,90,26,Moderate,True
Groundnut,3.5,32.2,64.1,7.01,501.0,53.9,98.2,95.3,2.53,475,115,3.35,19462,99,518017,2561.7,100,100,100,100,100,Good,True
Groundnut,0.5,21.2,44.1,7.75,362.0,107.1,30.7,72.5,1.7,491,114,0.38,2328,60,49725,2036.0,91,60,97,67,50,Moderate,True
Groundnut,6.25,22.4,55.4,6.27,431.0,6.2,84.3,86.0,1.24,478,115,3.59,33454,43,453375,1255.2,100,100,100,93,5,Poor,True
Groundnut,3.0,35.3,51.9,5.96,994.0,123.8,44.9,30.3,1.53,490,116,2.08,13895,55,268515,1832.5,85,100,100,69,33,Moderate,True
Groundnut,16.0,40.6,12.0,4.65,113.0,7.3,47.5,80.6,0.52,642,125,5.58,77256,6,486720,530.0,22,5,5,5,5,Poor,True
Groundnut,2.0,24.7,58.0,6.18,1098.0,82.0,89.1,43.0,1.86,467,117,1.56,10178,72,217620,2038.1,100,100,100,56,77,Moderate,True
Groundnut,10.0,35.8,44.3,4.4,480.0,35.1,81.9,99.3,1.25,483,114,5.8,52196,41,731250,1301.0,79,5,97,100,100,Poor,True
Groundnut,2.25,34.8,65.8,5.77,888.0,63.4,66.8,33.8,2.26,487,119,2.08,11166,88,297472,2564.1,91,97,96,82,96,Good,True
Groundnut,4.0,37.8,49.4,7.64,1095.0,98.7,73.8,50.0,1.68,487,122,2.97,19694,62,393120,1896.1,55,68,100,56,59,Moderate,True
Groundnut,1.0,36.8,75.4,7.58,748.0,69.5,80.6,48.3,1.71,533,118,0.78,5116,63,100035,1855.3,67,72,50,100,90,Moderate,True
Groundnut,9.0,24.9,53.8,5.49,755.0,91.7,59.0,26.8,2.03,464,113,7.58,43230,78,1068795,2372.3,100,71,100,99,67,Good,True
Groundnut,0.5,24.3,58.7,6.22,462.0,35.6,60.5,99.0,2.47,485,117,0.49,2486,98,72248,2806.2,100,100,100,100,100,Good,True
Groundnut,2.0,38.7,34.9,7.3,470.0,53.7,55.5,64.6,1.72,539,121,1.45,9708,63,201240,1972.9,44,93,62,100,100,Moderate,True
Groundnut,5.0,29.5,61.0,7.14,556.0,45.0,41.0,37.6,2.63,471,114,5.02,22433,99,769275,3329.2,100,100,100,100,100,Good,True
Groundnut,1.5,42.8,93.0,4.19,172.0,14.1,45.6,38.8,0.55,607,129,0.52,7149,7,48263,575.1,5,5,5,5,31,Poor,True
Groundnut,6.25,28.9,60.0,6.56,548.0,54.2,96.5,63.5,2.49,488,113,6.45,33425,99,910406,2623.7,100,100,100,100,100,Good,True
Groundnut,7.5,30.3,62.7,6.35,662.0,37.2,60.7,69.0,2.54,480,113,7.33,36787,99,1114425,2929.4,100,100,100,100,100,Good,True
Groundnut,16.0,43.8,59.5,7.48,798.0,58.6,86.2,67.9,1.25,474,129,9.5,83258,40,1170000,1305.3,5,80,100,94,100,Poor,True
Groundnut,16.0,21.4,53.6,4.78,1626.0,62.0,81.6,41.3,1.09,468,113,8.4,81552,31,1020240,1151.0,93,5,100,5,98,Poor,True
Groundnut,2.25,17.3,44.6,7.7,935.0,121.9,49.4,48.8,1.41,487,122,1.4,11008,49,185591,1586.0,44,63,98,77,35,Moderate,True
Groundnut,10.0,29.3,46.4,6.66,502.0,43.1,32.4,74.8,2.46,476,117,9.97,46358,99,1439100,3004.3,100,100,100,100,100,Good,True
Groundnut,0.5,20.0,65.0,7.92,753.0,131.0,92.8,39.6,1.34,486,119,0.31,2523,47,39195,1453.5,76,47,100,100,25,Moderate,True
Groundnut,4.0,35.3,93.1,4.61,1697.0,70.7,77.9,62.1,0.81,610,111,1.82,20738,19,189540,814.0,84,5,5,5,89,Poor,True
Groundnut,4.0,29.0,76.7,5.23,977.0,37.9,33.4,63.2,1.59,574,113,2.85,19313,58,372060,1826.5,100,46,44,71,100,Moderate,True
Groundnut,4.0,31.3,48.1,6.36,1016.0,26.9,52.1,79.2,2.01,478,113,3.53,19965,79,470340,2255.8,100,100,100,66,100,Good,True
Groundnut,1.0,37.8,94.8,7.75,2267.0,67.7,37.8,21.0,0.89,618,121,0.45,4564,23,52065,1040.8,55,60,5,5,92,Poor,True
Groundnut,6.25,29.6,32.0,7.31,325.0,24.2,67.1,28.7,1.75,555,113,4.56,29909,66,639844,2039.3,100,92,51,52,95,Moderate,True
Groundnut,5.0,40.9,16.4,4.71,174.0,12.3,64.4,97.3,0.53,596,126,1.74,25828,5,155025,500.2,18,5,5,5,20,Poor,True
Groundnut,1.5,32.4,61.6,7.41,933.0,79.1,47.8,54.8,2.17,487,114,1.3,7132,82,190418,2569.9,100,84,100,77,80,Good,True
Groundnut,3.5,25.5,54.1,6.78,580.0,37.8,71.2,55.7,2.55,462,114,3.41,17008,99,522112,2969.8,100,100,100,100,100,Good,True
Groundnut,12.25,37.5,75.7,8.77,1193.0,166.0,85.0,43.7,0.78,566,119,5.06,61935,18,558968,802.5,59,5,49,44,5,Poor,True
Groundnut,9.0,42.3,12.4,4.18,95.0,11.7,49.4,65.9,0.5,639,129,3.1,42424,8,263250,520.5,5,5,5,5,16,Poor,True
Groundnut,1.5,29.3,47.4,6.88,735.0,31.2,98.2,35.9,2.52,499,114,1.54,7916,99,221130,2693.5,100,100,100,100,100,Good,True
Groundnut,7.5,28.7,58.7,5.91,494.0,52.1,63.6,91.5,2.46,484,116,7.42,37641,99,1079325,2767.4,100,100,100,100,100,Good,True
Groundnut,9.0,10.9,81.4,8.66,1348.0,178.5,65.1,69.3,0.55,606,127,3.34,46090,8,289575,528.3,5,5,22,24,5,Poor,True
Groundnut,2.0,37.5,10.0,4.17,94.0,13.2,74.7,39.6,0.62,617,120,0.75,9969,12,72540,627.7,58,5,5,5,26,Poor,True
Groundnut,5.0,26.1,58.5,7.17,724.0,33.7,99.1,24.0,2.51,468,114,4.9,25961,99,734175,2728.0,100,100,100,100,100,Good,True
Groundnut,12.25,25.6,50.2,6.77,343.0,28.2,97.5,29.2,2.01,483,118,9.91,63785,75,1440416,2158.2,100,100,100,59,100,Good,True
Groundnut,5.0,31.4,52.8,6.42,562.0,27.9,50.3,45.6,2.6,482,116,4.85,23858,99,760500,3087.6,100,100,100,100,100,Good,True
Groundnut,10.0,30.9,30.4,6.57,781.0,57.4,74.3,40.2,1.74,573,115,7.45,48607,66,1017900,1994.1,100,100,45,96,100,Moderate,True
Groundnut,5.0,31.9,45.8,6.35,576.0,45.0,39.1,53.3,2.43,487,114,5.05,23541,98,710775,2919.3,100,100,100,100,100,Good,True
Groundnut,5.0,41.4,18.6,4.51,114.0,13.9,48.9,96.0,0.56,610,126,1.79,25048,9,163800,553.9,12,5,5,5,30,Poor,True
Groundnut,3.0,38.4,46.1,5.48,619.0,135.2,64.1,38.9,1.26,493,124,1.86,14545,43,221130,1420.3,48,69,100,100,21,Poor,True
Groundnut,6.25,22.9,61.1,6.91,2473.0,57.2,70.6,68.5,1.3,482,112,3.81,31846,43,475312,1392.5,100,100,100,5,100,Poor,True
Groundnut,12.25,30.6,57.7,7.05,629.0,30.9,36.5,80.1,2.54,485,112,12.8,62310,99,1820228,2821.2,100,100,100,100,100,Good,True
Groundnut,3.0,40.4,17.2,4.31,105.0,14.2,75.2,62.2,0.57,609,126,1.12,15168,10,100035,559.5,24,5,5,5,32,Poor,True
Groundnut,10.0,18.1,51.1,7.62,312.0,32.3,66.7,84.5,1.67,492,123,7.1,50176,63,976950,1847.0,54,69,100,47,100,Moderate,True
Groundnut,2.25,25.2,63.6,7.4,2719.0,174.4,61.7,39.6,1.06,494,115,1.18,11113,31,139522,1155.5,100,85,100,5,5,Poor,True
Groundnut,4.0,29.2,45.0,6.7,595.0,28.8,86.0,69.0,2.57,482,117,3.92,21536,99,601380,2692.4,100,100,100,100,100,Good,True
Groundnut,4.0,41.5,89.5,8.59,1917.0,14.6,35.6,37.8,0.56,634,130,1.44,18998,7,131040,589.8,11,5,5,5,34,Poor,True
Groundnut,4.0,27.1,41.8,7.26,897.0,68.8,49.2,56.4,2.23,508,116,3.61,19157,84,521820,2623.9,100,95,88,81,91,Good,True
Groundnut,2.0,36.6,44.4,6.89,785.0,126.3,55.8,92.2,1.5,494,119,1.33,9915,52,175500,1670.0,69,100,98,96,30,Moderate,True
Groundnut,1.5,17.8,26.7,6.22,537.0,26.3,35.1,88.6,1.52,597,118,1.0,7173,53,133380,1759.5,51,100,30,100,100,Moderate,True
Groundnut,3.5,28.4,45.9,6.52,676.0,35.6,73.5,94.2,2.45,481,114,3.47,18531,99,501638,2607.0,100,100,100,100,100,Good,True
Groundnut,6.25,42.7,14.7,4.13,157.0,9.9,30.9,42.9,0.49,613,130,2.08,28881,5,179156,520.3,5,5,5,5,5,Poor,True
Groundnut,9.0,25.7,50.1,5.87,487.0,48.6,81.8,55.1,2.47,466,114,9.04,45604,99,1300455,2751.6,100,100,100,100,100,Good,True
Groundnut,16.0,42.1,12.3,4.57,1689.0,6.5,39.4,68.8,0.49,631,129,5.39,79249,5,458640,478.7,5,5,5,5,5,Poor,True
Groundnut,1.0,20.1,65.3,6.6,1347.0,27.5,47.3,90.7,1.43,476,118,0.67,4913,52,83655,1602.7,77,100,99,24,100,Moderate,True
Groundnut,10.0,37.4,19.8,4.33,86.0,10.6,85.4,90.1,0.59,597,121,3.76,52952,11,345150,551.8,60,5,5,5,9,Poor,True
Groundnut,0.25,37.7,64.8,5.46,779.0,70.2,55.8,95.6,1.81,479,121,0.2,1277,67,26471,1972.9,56,68,100,96,89,Moderate,True
Groundnut,2.0,39.2,19.1,4.47,131.0,13.6,99.8,32.5,0.61,648,121,0.75,10199,7,71370,599.8,38,5,5,5,28,Poor,True
Groundnut,1.0,26.5,46.6,6.49,556.0,36.3,43.0,76.3,2.51,485,115,1.02,5008,99,146835,2832.0,100,100,100,100,100,Good,True
Groundnut,9.0,31.1,60.9,6.19,548.0,44.2,71.6,93.3,2.53,474,114,8.92,46327,98,1332045,2775.3,100,100,100,100,100,Good,True
Groundnut,3.5,42.1,17.1,4.78,136.0,5.7,95.2,56.5,0.48,633,126,1.19,19383,5,98280,407.0,5,5,5,5,5,Poor,True
Groundnut,0.25,26.4,47.1,6.5,339.0,91.1,70.7,85.0,1.88,488,115,0.2,1274,72,27495,2058.2,100,100,100,58,67,Moderate,True
Groundnut,9.0,28.9,36.7,7.79,615.0,36.7,80.7,89.4,1.87,523,114,7.19,47732,68,984555,1962.7,100,57,68,100,100,Moderate,True
Groundnut,10.0,25.5,57.8,6.5,491.0,43.3,89.2,53.0,2.55,483,115,10.32,52158,97,1491750,2760.1,100,100,100,100,100,Good,True
Groundnut,1.0,36.3,69.7,7.85,372.0,62.4,69.8,72.6,1.72,517,118,0.75,5130,63,100620,1861.4,73,53,78,70,97,Moderate,True
Groundnut,10.0,31.9,50.2,6.61,730.0,42.9,99.7,60.3,2.46,483,113,10.23,53607,99,1439100,2584.5,100,100,100,100,100,Good,True
Groundnut,1.0,18.0,40.1,4.06,2650.0,11.0,75.0,42.2,0.74,491,122,0.41,4972,18,43290,770.7,53,5,82,5,12,Poor,True
Groundnut,2.0,19.6,14.2,7.52,1842.0,31.4,72.7,97.8,0.96,612,118,1.04,10347,27,112320,985.5,71,77,5,5,100,Poor,True
Groundnut,3.0,42.0,51.0,5.56,790.0,62.3,72.9,76.9,1.23,493,128,1.7,15999,39,215865,1249.2,5,77,100,95,98,Poor,True
Groundnut,16.0,22.0,58.8,6.15,541.0,26.6,78.3,31.8,2.44,480,116,16.12,78299,99,2283840,2816.8,100,100,100,100,100,Good,True
Groundnut,5.0,26.3,58.2,7.03,581.0,35.1,54.9,55.9,2.48,476,112,5.03,24146,98,725400,2904.2,100,100,100,100,100,Good,True
Groundnut,9.0,11.3,36.1,5.19,1064.0,60.9,35.5,48.1,1.02,534,129,4.74,41559,28,537030,1192.2,5,42,66,60,99,Poor,True
Groundnut,3.0,27.8,56.2,6.07,647.0,44.3,65.0,25.4,2.55,469,116,2.98,14723,99,447525,2939.6,100,100,100,100,100,Good,True
Groundnut,4.0,35.6,66.9,7.39,2493.0,33.4,41.5,84.1,1.16,506,119,2.25,20387,40,271440,1231.4,82,86,91,5,100,Poor,True
Groundnut,2.25,37.5,71.7,5.87,864.0,90.0,52.1,27.2,1.76,523,122,1.7,10416,65,231660,2124.1,58,100,68,86,68,Moderate,True
Groundnut,3.0,43.2,17.9,4.68,119.0,5.5,65.4,60.1,0.48,622,124,1.01,15091,5,84240,458.2,5,5,5,5,5,Poor,True
Groundnut,0.25,41.7,18.1,8.74,2216.0,12.8,90.9,95.6,0.55,608,128,0.1,1362,7,8044,490.6,9,5,5,5,23,Poor,True
Groundnut,7.5,6.3,14.8,4.41,88.0,9.8,68.3,64.2,0.49,604,128,2.51,37348,5,214988,475.6,5,5,5,5,5,Poor,True
Groundnut,6.25,36.3,84.5,4.92,2609.0,104.1,53.4,56.0,0.75,591,119,2.67,30078,20,274219,811.7,73,16,7,5,53,Poor,True
Groundnut,2.25,28.2,47.4,6.21,747.0,54.4,91.4,64.5,2.52,489,117,2.24,11532,98,331695,2776.3,100,100,100,100,100,Good,True
Groundnut,5.0,22.8,48.1,6.81,462.0,40.1,40.9,43.1,2.51,488,113,4.96,22846,99,734175,3113.6,100,100,100,100,100,Good,True
Groundnut,9.0,31.6,69.1,7.48,708.0,132.3,97.2,65.9,1.44,511,116,5.77,48429,50,758160,1465.5,100,79,81,100,24,Moderate,True
Groundnut,2.0,24.8,44.8,8.74,735.0,60.2,46.9,89.7,1.26,472,120,1.24,9858,44,147420,1395.4,100,5,99,100,100,Poor,True
Groundnut,12.25,40.0,11.9,4.03,194.0,10.6,45.1,52.6,0.52,623,126,4.35,57736,9,372645,545.4,29,5,5,5,9,Poor,True
Groundnut,12.25,8.1,19.8,8.4,131.0,19.0,63.2,49.7,0.64,596,130,4.52,60225,10,458640,661.5,5,13,5,5,62,Poor,True
Groundnut,16.0,42.1,94.0,8.79,2636.0,12.2,76.1,48.3,0.5,622,130,5.44,80311,5,468000,482.7,5,5,5,5,19,Poor,True
Groundnut,1.0,24.8,45.9,6.79,690.0,34.1,30.8,23.1,2.53,502,118,0.99,4467,99,148005,3213.3,100,100,100,100,100,Good,True
Groundnut,1.5,32.9,60.2,7.15,583.0,50.6,53.0,86.0,2.5,473,115,1.52,7429,99,219375,2853.0,100,100,100,100,100,Good,True
Groundnut,5.0,12.0,91.1,4.81,2227.0,16.3,84.9,70.3,0.56,627,131,1.89,26909,9,163800,508.7,5,6,5,5,45,Poor,True
Groundnut,5.0,29.1,59.6,6.13,501.0,47.4,33.3,21.7,2.43,492,110,5.03,21924,97,710775,3142.0,100,100,100,100,100,Good,True
Groundnut,0.25,41.2,83.9,8.86,1675.0,5.2,77.0,54.2,0.52,608,123,0.1,1268,5,7605,499.8,14,5,10,5,5,Poor,True
Groundnut,12.25,26.9,53.4,7.04,509.0,27.3,77.6,29.2,2.57,476,116,12.05,59414,98,1841726,2999.8,100,100,100,100,100,Good,True
Groundnut,3.0,39.4,13.7,4.31,116.0,8.5,49.9,76.4,0.54,617,124,1.08,14967,6,94770,533.2,36,5,5,5,5,Poor,True
Groundnut,10.0,9.5,96.1,4.34,2216.0,18.1,69.9,74.5,0.58,615,126,3.71,51375,11,339300,560.4,5,5,5,5,56,Poor,True
Groundnut,16.0,29.3,46.0,5.81,718.0,56.9,94.9,50.8,2.54,479,114,15.2,82679,99,2377440,2775.5,100,100,100,100,100,Good,True
Groundnut,9.0,10.9,14.7,8.44,1826.0,12.3,91.0,44.4,0.53,620,130,3.19,47339,5,279045,489.5,5,10,5,5,20,Poor,True
Groundnut,12.25,29.1,56.2,6.41,1054.0,104.9,52.8,60.8,1.92,482,113,9.5,58852,69,1375920,2237.9,100,100,100,62,53,Moderate,True
Groundnut,10.0,30.5,62.5,6.39,537.0,40.6,82.1,58.8,2.5,471,114,10.43,51316,99,1462500,2750.0,100,100,100,100,100,Good,True
Groundnut,4.0,41.4,94.4,8.7,2454.0,11.0,47.3,68.6,0.52,602,130,1.33,19668,6,121680,518.7,12,5,5,5,11,Poor,True
Groundnut,3.0,42.5,14.9,8.88,1749.0,6.6,30.7,66.0,0.47,618,127,1.01,14156,5,82485,482.7,5,5,5,5,5,Poor,True
Groundnut,10.0,30.4,62.3,6.31,736.0,26.3,37.7,55.0,2.48,493,114,9.93,47688,98,1450800,2942.3,100,100,100,100,100,Good,True
Groundnut,1.5,27.2,58.9,6.93,477.0,45.6,69.5,60.2,2.56,480,118,1.53,7450,99,224640,2915.3,100,100,100,100,100,Good,True
Groundnut,2.0,31.5,32.9,6.97,633.0,95.1,61.3,25.9,1.82,533,113,1.6,9470,71,212940,2148.6,100,100,54,100,63,Moderate,True
Groundnut,5.0,13.6,48.6,5.95,450.0,33.0,92.1,97.6,1.26,462,127,2.99,27830,45,368550,1224.3,5,100,100,100,100,Poor,True
Groundnut,16.0,31.1,60.4,6.64,637.0,30.6,97.1,92.9,2.56,478,114,15.69,90073,97,2396160,2560.2,100,100,100,100,100,Good,True
Groundnut,2.0,42.0,51.4,6.02,655.0,24.2,56.6,28.7,1.27,486,129,1.19,9657,43,148590,1438.7,5,100,100,100,95,Poor,True
Groundnut,0.5,25.0,52.7,6.48,589.0,52.7,42.6,27.7,2.48,498,112,0.48,2284,99,72540,3076.0,100,100,100,100,100,Good,True
Groundnut,2.25,7.2,44.3,5.63,2790.0,77.0,40.7,55.1,1.03,490,126,1.1,10921,31,135574,1141.4,5,84,97,5,82,Poor,True
Groundnut,3.5,42.7,56.4,7.29,473.0,37.2,37.6,55.3,1.34,472,129,2.05,16709,42,274365,1542.0,5,94,100,100,100,Poor,True
Groundnut,9.0,35.6,68.4,6.68,752.0,76.7,71.5,56.2,2.24,500,118,7.99,46305,83,1179360,2446.9,81,100,84,100,82,Good,True
Groundnut,2.25,32.2,39.3,7.07,973.0,90.9,42.1,89.4,1.91,506,113,1.92,10840,76,251404,2219.2,100,100,78,72,67,Good,True
Groundnut,16.0,22.0,59.3,6.51,569.0,28.6,85.1,95.5,2.48,480,115,15.8,82106,97,2321280,2727.2,100,100,100,100,100,Good,True
Groundnut,1.5,27.4,50.6,5.98,474.0,34.0,70.9,94.2,2.49,487,114,1.52,8035,99,218498,2619.3,100,100,100,100,100,Good,True
Groundnut,12.25,36.7,67.5,8.71,1516.0,72.8,68.9,70.5,0.98,504,119,6.28,62125,29,702292,1030.4,68,5,88,5,87,Poor,True
Groundnut,9.0,32.1,28.0,6.64,784.0,110.1,75.3,69.4,1.58,580,117,6.38,46504,55,831870,1688.8,100,100,35,96,47,Moderate,True
Groundnut,4.0,20.8,66.5,5.78,68.0,32.5,36.3,46.9,1.23,496,116,2.37,18495,40,287820,1456.2,86,98,93,5,100,Poor,True
Groundnut,3.5,31.3,51.2,6.16,513.0,33.9,64.7,94.6,2.5,483,114,3.53,17451,99,511875,2833.2,100,100,100,100,100,Good,True
Groundnut,7.5,41.6,95.4,8.76,91.0,17.7,48.4,28.4,0.6,620,130,2.73,35211,12,263250,647.6,10,5,5,5,54,Poor,True
Groundnut,7.5,29.9,62.5,7.14,544.0,40.3,43.0,40.9,2.54,470,118,7.27,35369,99,1114425,3050.9,100,100,100,100,100,Good,True
Groundnut,1.0,32.8,47.8,6.64,635.0,26.3,97.8,74.6,2.58,483,116,1.02,5371,99,150930,2710.1,100,100,100,100,100,Good,True
Groundnut,0.5,42.3,87.3,4.26,2898.0,13.4,47.8,60.5,0.55,597,126,0.17,2374,8,16088,577.7,5,5,5,5,26,Poor,True
Groundnut,4.0,26.5,71.3,5.53,909.0,68.4,88.0,30.8,2.08,521,115,3.29,20457,75,486720,2279.2,100,74,70,80,91,Good,True
Groundnut,9.0,10.8,91.9,4.74,178.0,15.6,64.0,72.8,0.55,624,129,3.32,45312,10,289575,539.1,5,5,5,5,40,Poor,True
Groundnut,2.0,24.2,66.0,5.51,1015.0,100.6,38.5,54.9,1.85,485,111,1.57,9607,68,216450,2153.0,100,72,95,66,57,Moderate,True
Groundnut,10.0,34.3,39.2,6.44,931.0,87.7,89.1,91.5,2.09,498,116,8.15,54476,78,1222650,2144.4,97,100,78,77,71,Good,True
Groundnut,2.25,28.1,57.1,7.35,326.0,33.8,30.2,33.6,1.86,487,115,1.79,10226,70,244823,2294.1,100,89,100,53,100,Moderate,True
Groundnut,0.25,33.6,63.5,6.89,509.0,40.9,78.6,35.2,2.51,473,115,0.25,1234,99,36709,2874.8,100,100,100,100,100,Good,True
Groundnut,1.5,41.3,14.7,4.14,1812.0,19.1,90.4,48.8,0.63,629,126,0.57,8009,14,55282,590.2,13,5,5,5,63,Poor,True
Groundnut,2.25,43.2,63.8,5.55,538.0,17.6,49.1,30.6,1.15,467,126,1.26,10653,36,151369,1320.9,5,76,100,100,53,Poor,True
Groundnut,3.5,26.3,68.2,5.77,1153.0,31.6,97.7,49.0,1.85,507,115,2.78,18634,67,378788,1932.8,100,97,85,49,100,Moderate,True
Groundnut,2.0,34.5,89.4,7.06,585.0,32.2,58.1,63.3,1.29,606,117,1.24,9970,42,150930,1413.8,94,100,5,100,100,Poor,True
Groundnut,2.25,27.4,56.3,6.12,683.0,48.6,74.7,60.8,2.48,483,117,2.17,11114,99,326430,2837.1,100,100,100,100,100,Good,True
Groundnut,1.0,32.1,68.1,4.52,577.0,47.8,78.8,55.1,1.24,498,114,0.59,5128,42,72540,1314.6,100,5,85,100,100,Poor,True
Groundnut,9.0,20.1,40.4,5.73,61.0,28.7,51.5,75.4,1.15,511,123,4.98,42664,38,605475,1319.2,78,93,82,5,100,Poor,True
Groundnut,3.0,33.2,51.4,6.6,689.0,45.7,42.9,69.5,2.51,480,115,3.01,14368,99,440505,2965.9,100,100,100,100,100,Good,True
Groundnut,9.0,22.3,64.7,6.13,699.0,46.4,64.2,94.9,2.58,476,116,8.89,46080,99,1358370,2847.9,100,100,100,100,100,Good,True
Groundnut,6.25,41.5,15.8,8.55,2582.0,9.4,91.7,46.9,0.5,616,125,2.1,32692,6,182812,459.2,11,5,5,5,5,Poor,True
Groundnut,5.0,31.1,51.9,6.49,542.0,38.4,65.5,60.7,2.49,492,115,4.94,24870,99,728325,2828.5,100,100,100,100,100,Good,True
Groundnut,9.0,25.4,48.1,6.91,1264.0,47.5,38.7,70.8,1.74,480,117,6.67,43310,61,916110,2015.2,100,100,100,35,100,Moderate,True
Groundnut,10.0,16.7,44.6,8.85,1956.0,91.6,50.6,74.9,0.86,465,124,4.7,49369,22,503100,919.1,37,5,99,5,67,Poor,True
Groundnut,4.0,44.0,36.1,7.04,662.0,14.6,59.2,47.7,1.05,538,132,2.14,19642,35,245700,1150.9,5,100,66,100,34,Poor,True
Groundnut,5.0,30.6,53.9,6.34,639.0,26.8,91.9,32.6,2.5,489,115,5.01,26244,99,731250,2686.4,100,100,100,100,100,Good,True
Groundnut,4.0,43.1,17.3,4.71,111.0,8.9,87.0,97.1,0.49,634,130,1.37,21783,5,114660,426.4,5,5,5,5,5,Poor,True
Groundnut,0.5,37.5,75.2,7.37,951.0,102.9,30.3,74.9,1.62,542,121,0.35,2417,56,47385,1860.5,59,88,52,75,55,Moderate,True
Groundnut,7.5,33.9,59.4,7.09,505.0,44.6,46.1,71.9,2.61,487,117,7.65,36299,99,1145138,3054.7,100,100,100,100,100,Good,True
Groundnut,9.0,29.9,52.6,5.87,147.0,35.7,32.2,26.1,1.29,491,117,5.3,40475,39,679185,1578.0,100,100,100,5,100,Poor,True
Groundnut,0.5,22.2,40.2,7.53,643.0,91.2,38.6,77.1,1.97,527,117,0.42,2463,77,57622,2239.5,100,76,82,100,67,Good,True
Groundnut,0.5,23.5,47.9,6.73,484.0,38.9,84.4,89.9,2.48,470,117,0.49,2695,98,72540,2591.7,100,100,100,100,100,Good,True
Groundnut,16.0,42.2,13.9,4.55,104.0,12.7,37.4,52.2,0.5,623,126,5.63,77351,5,468000,505.0,5,5,5,5,22,Poor,True
Groundnut,10.0,26.6,11.0,5.25,492.0,11.7,38.3,67.8,0.98,623,116,5.17,47503,29,573300,1106.9,100,48,5,100,16,Poor,True
Groundnut,3.5,40.5,18.4,4.59,142.0,18.1,96.9,25.8,0.63,608,129,1.3,18110,11,128992,612.3,23,5,5,5,56,Poor,True
Groundnut,10.0,23.1,64.6,6.56,643.0,56.9,54.8,82.0,2.5,490,116,10.23,50113,99,1462500,2818.4,100,100,100,100,100,Good,True
Groundnut,10.0,38.4,59.2,5.25,1205.0,80.1,76.8,39.3,1.53,476,120,6.63,49542,55,895050,1706.6,48,48,100,42,79,Moderate,True
Groundnut,5.0,42.8,15.9,4.86,2066.0,5.2,59.4,34.7,0.49,627,130,1.71,24132,5,143325,493.9,5,11,5,5,5,Poor,True
Groundnut,12.25,34.4,67.9,5.91,103.0,39.5,96.5,52.8,1.23,494,115,7.08,65399,42,881449,1247.8,96,100,86,5,100,Poor,True
Groundnut,10.0,32.9,89.0,6.9,636.0,65.4,68.7,68.4,1.31,615,117,5.72,50533,42,766350,1416.5,100,100,5,100,94,Poor,True
Groundnut,7.5,27.5,29.8,6.08,458.0,30.8,40.1,93.9,1.75,571,113,5.75,36584,66,767812,1998.8,100,100,42,100,100,Moderate,True
Groundnut,10.0,29.2,57.9,4.08,646.0,35.7,90.8,91.5,1.29,479,116,6.06,53805,44,754650,1302.6,100,5,100,100,100,Poor,True
Groundnut,0.5,31.0,62.6,6.31,604.0,27.2,97.3,27.9,2.47,467,113,0.5,2558,99,72248,2724.4,100,100,100,100,100,Good,True
Groundnut,2.0,36.7,32.0,4.22,1306.0,13.0,67.1,22.7,0.83,570,119,0.87,9755,21,97110,895.5,68,5,51,30,24,Poor,True
Groundnut,3.5,17.9,53.2,7.07,1788.0,184.6,31.2,30.9,0.98,470,119,1.7,15793,31,200655,1170.5,52,100,100,5,5,Poor,True
Groundnut,4.0,41.3,15.2,4.03,200.0,12.2,54.8,89.4,0.53,607,125,1.42,20607,8,124020,501.8,13,5,5,5,19,Poor,True
Groundnut,16.0,41.8,91.0,4.55,94.0,12.1,43.7,62.0,0.51,608,129,5.45,77543,6,477360,515.6,7,5,5,5,18,Poor,True
Groundnut,1.0,30.8,52.5,6.17,631.0,52.4,98.2,26.6,2.49,483,115,1.01,5408,99,145665,2593.5,100,100,100,100,100,Good,True
Groundnut,0.25,31.0,64.4,7.05,736.0,44.1,49.6,35.8,2.52,480,114,0.25,1191,99,36855,2994.5,100,100,100,100,100,Good,True
Groundnut,10.0,26.1,64.0,7.08,476.0,36.8,31.3,69.5,2.44,495,114,10.06,46499,99,1427400,2969.7,100,100,100,100,100,Good,True
Groundnut,12.25,30.2,49.7,6.59,568.0,55.4,72.2,96.3,2.44,466,116,12.27,64553,99,1748565,2608.7,100,100,100,100,100,Good,True
Groundnut,3.5,28.2,54.2,5.85,565.0,27.2,31.8,24.2,2.52,481,112,3.49,15055,99,515970,3327.2,100,100,100,100,100,Good,True
Groundnut,2.0,28.2,50.2,6.45,661.0,55.7,89.2,79.1,2.41,488,115,2.01,10496,99,281970,2586.5,100,100,100,100,100,Good,True
Groundnut,0.25,9.1,92.5,8.61,187.0,5.9,41.8,38.3,0.48,622,129,0.1,1182,5,7020,493.9,5,5,5,5,5,Poor,True
Groundnut,5.0,31.1,63.7,6.11,490.0,36.7,38.2,46.4,2.53,491,114,5.04,24340,99,740025,2940.4,100,100,100,100,100,Good,True
Groundnut,10.0,7.4,13.4,4.96,93.0,13.3,96.6,91.4,0.55,613,130,3.54,54566,7,321750,489.7,5,21,5,5,26,Poor,True
Groundnut,16.0,40.4,18.8,4.23,146.0,12.6,58.1,44.9,0.57,611,119,5.54,78015,7,533520,583.9,24,5,5,5,21,Poor,True
Groundnut,2.0,20.1,73.5,5.98,436.0,27.9,72.0,56.4,1.96,539,116,1.61,9871,75,229320,2223.2,78,100,60,95,100,Moderate,True
Groundnut,3.5,7.1,52.8,7.15,2507.0,34.7,98.8,80.3,1.09,483,130,1.87,18350,34,223178,1116.2,5,100,100,5,100,Poor,True
Groundnut,7.5,32.0,14.0,6.1,764.0,25.0,63.5,48.0,1.26,630,113,4.42,37063,43,552825,1391.6,100,100,5,98,100,Poor,True
Groundnut,1.0,20.9,51.0,8.64,770.0,51.3,68.1,63.2,1.25,471,120,0.61,5139,40,73125,1322.9,87,5,100,97,100,Poor,True
Groundnut,6.25,28.8,60.1,8.94,466.0,18.7,82.3,97.5,1.21,470,117,3.54,34103,41,442406,1197.3,100,5,100,100,60,Poor,True
Groundnut,5.0,34.8,55.4,6.99,773.0,7.9,81.2,29.2,1.33,476,116,2.88,24701,43,389025,1474.9,91,100,100,97,5,Poor,True
Groundnut,1.0,42.5,10.9,4.7,169.0,16.5,99.4,76.5,0.56,579,129,0.37,5479,10,32760,497.9,5,5,5,5,46,Poor,True
Groundnut,3.5,5.1,27.4,5.18,2438.0,75.0,59.4,53.6,0.78,618,132,1.52,17310,19,159705,822.6,5,41,33,5,84,Poor,True
Groundnut,1.0,5.7,14.4,5.56,190.0,177.3,77.4,99.1,0.64,615,129,0.39,5370,14,37440,597.2,5,77,5,5,5,Poor,True
Groundnut,10.0,30.0,63.3,5.61,1123.0,60.9,94.3,46.2,1.85,476,117,7.63,52353,67,1082250,1967.2,100,82,100,53,99,Moderate,True
Groundnut,7.5,37.2,75.0,6.58,740.0,89.0,30.5,94.9,1.75,545,122,5.73,37232,63,767812,1962.2,62,100,53,100,69,Moderate,True
Groundnut,9.0,38.2,11.7,4.78,58.0,13.5,35.4,51.0,0.64,615,121,3.39,41778,10,336960,706.5,51,5,5,5,27,Poor,True
Groundnut,2.0,24.0,61.2,6.41,506.0,43.6,49.3,80.8,2.47,469,114,1.96,9955,99,288990,2803.0,100,100,100,100,100,Good,True
Groundnut,2.0,9.2,12.9,4.9,93.0,15.4,38.5,83.5,0.59,607,129,0.73,9550,9,69030,622.8,5,15,5,5,39,Poor,True
Groundnut,1.0,41.9,94.4,4.03,2745.0,11.2,60.9,84.7,0.51,612,125,0.35,5018,7,29835,494.6,6,5,5,5,13,Poor,True
Groundnut,7.5,30.5,24.2,6.09,755.0,119.6,36.1,84.0,1.39,620,114,4.73,35500,47,609862,1617.9,100,100,21,99,37,Moderate,True
Groundnut,2.0,31.3,28.6,7.76,862.0,47.2,46.7,34.6,1.61,577,114,1.46,9504,57,188370,1882.0,100,59,38,86,100,Moderate,True
Groundnut,2.25,6.9,85.8,8.36,130.0,7.5,70.7,97.3,0.5,601,128,0.8,11498,5,65812,472.4,5,15,5,5,5,Poor,True
Groundnut,3.5,22.1,59.8,6.64,601.0,41.0,55.6,55.7,2.38,492,115,3.43,17366,99,487305,2706.1,100,100,100,100,100,Good,True
Groundnut,10.0,26.7,59.5,6.67,495.0,59.3,61.1,26.5,2.42,478,117,10.1,48200,99,1415700,2837.1,100,100,100,100,100,Good,True
Groundnut,0.5,41.1,12.7,8.6,2517.0,7.4,99.0,45.3,0.5,616,128,0.17,2632,7,14625,455.7,16,5,5,5,5,Poor,True
Groundnut,1.5,36.0,66.5,7.29,597.0,87.0,62.5,93.0,2.04,477,113,1.26,7675,77,179010,2232.4,77,93,93,100,71,Good,True
Groundnut,4.0,30.0,91.9,8.62,1825.0,142.8,58.1,78.3,0.68,625,114,1.63,19706,13,159120,707.5,100,5,5,5,13,Poor,True
Groundnut,2.0,39.5,18.9,8.85,1020.0,191.4,36.6,40.6,0.67,603,125,0.79,9089,13,78390,762.5,35,5,5,66,5,Poor,True
Groundnut,6.25,29.7,53.2,6.01,773.0,72.4,80.6,29.3,2.37,482,113,6.06,31843,92,866531,2621.3,100,100,100,97,87,Good,True
Groundnut,7.5,23.1,62.6,7.55,725.0,37.3,50.5,84.5,2.17,475,112,6.92,37603,84,952087,2431.9,100,74,100,100,100,Good,True
Groundnut,0.5,41.7,19.7,8.86,2612.0,6.4,92.4,20.0,0.5,598,128,0.17,2573,6,14625,468.4,8,5,5,5,5,Poor,True
Groundnut,3.0,21.4,63.7,5.55,2837.0,130.9,68.0,58.0,1.02,472,116,1.58,14836,33,179010,1106.6,93,76,100,5,25,Poor,True
Groundnut,9.0,29.4,51.8,6.39,495.0,46.9,87.0,35.4,2.53,482,116,9.18,46819,99,1332045,2745.1,100,100,100,100,100,Good,True
Groundnut,1.5,13.0,55.2,5.96,672.0,43.3,95.3,52.3,1.29,475,128,0.91,7864,41,113198,1339.4,5,100,100,100,100,Poor,True
Groundnut,1.0,22.3,63.9,5.99,720.0,41.6,93.4,56.9,2.43,463,113,1.0,5394,97,142155,2535.4,100,100,100,100,100,Good,True
Groundnut,6.25,25.3,46.8,5.58,66.0,66.4,37.9,73.8,1.26,488,117,3.58,30302,40,460688,1420.3,100,79,100,5,93,Poor,True
Groundnut,3.5,30.3,38.0,7.05,558.0,31.7,61.6,62.6,2.11,518,117,3.14,16831,83,432022,2466.8,100,100,73,100,100,Good,True
Groundnut,0.5,11.0,66.1,6.06,609.0,29.1,61.9,22.4,1.23,477,129,0.3,2344,40,35978,1434.9,5,100,95,100,100,Poor,True
Groundnut,3.5,27.7,29.0,7.66,1203.0,73.7,47.1,45.4,1.5,567,112,2.3,16652,50,307125,1744.4,100,67,39,43,86,Moderate,True
Groundnut,10.0,17.1,32.4,6.77,348.0,25.4,71.1,48.6,1.56,559,121,7.05,50328,56,912600,1713.3,42,100,52,61,100,Moderate,True
Groundnut,9.0,12.7,84.0,8.38,2564.0,13.3,97.1,88.1,0.55,612,128,3.25,48001,11,289575,503.3,5,14,10,5,26,Poor,True
Groundnut,2.0,29.6,62.7,6.81,682.0,53.4,35.3,53.7,2.51,468,113,1.93,9411,99,293670,3020.5,100,100,100,100,100,Good,True
Groundnut,2.25,17.3,34.7,8.0,816.0,34.5,49.6,41.7,1.5,550,125,1.51,10888,54,197438,1713.4,44,42,61,92,100,Moderate,True
Groundnut,0.25,31.8,62.3,8.08,829.0,59.4,78.2,44.2,1.65,500,113,0.17,1232,61,24131,1858.7,100,36,100,90,100,Moderate,True
Groundnut,7.5,11.3,86.8,8.47,193.0,6.9,96.7,25.0,0.48,618,128,2.52,38630,6,210600,445.2,5,7,5,5,5,Poor,True
Groundnut,7.5,32.5,53.1,6.09,1067.0,77.0,59.8,99.4,1.9,473,114,6.06,39576,77,833625,2006.4,100,100,100,60,82,Moderate,True
Groundnut,16.0,32.3,61.7,4.1,746.0,33.8,59.6,60.9,1.32,480,113,9.39,77788,39,1235520,1488.3,100,5,100,100,100,Poor,True
Groundnut,12.25,22.3,66.4,7.26,2381.0,54.9,36.8,76.1,1.26,491,114,7.17,57641,40,902948,1466.5,100,96,93,5,100,Poor,True
Groundnut,0.5,28.6,62.0,6.36,615.0,29.9,72.9,39.0,2.51,481,113,0.5,2519,99,73418,2814.6,100,100,100,100,100,Good,True
Groundnut,10.0,17.7,35.4,5.44,909.0,80.0,94.4,53.8,1.63,537,122,7.15,51054,57,953550,1767.7,49,66,63,80,79,Moderate,True
Groundnut,12.25,17.7,15.8,7.77,931.0,51.4,43.2,94.0,1.04,603,121,6.45,61016,32,745290,1121.5,49,59,5,77,100,Poor,True
Groundnut,7.5,25.2,57.4,6.65,594.0,46.6,36.9,54.7,2.45,470,114,7.73,34931,99,1074938,2977.3,100,100,100,100,100,Good,True
Groundnut,10.0,42.2,83.5,4.65,163.0,19.0,74.9,43.2,0.62,609,126,3.74,50409,12,362700,619.5,5,5,12,5,62,Poor,True
Groundnut,0.5,26.6,49.1,6.0,533.0,47.9,59.8,90.8,2.38,484,114,0.52,2530,99,69615,2651.6,100,100,100,100,100,Good,True
Groundnut,16.0,7.9,19.6,8.62,134.0,13.4,83.6,38.2,0.53,620,129,5.71,82132,8,496080,504.0,5,5,5,5,26,Poor,True
Groundnut,4.0,41.2,97.5,4.49,2553.0,19.8,88.1,88.5,0.63,593,126,1.54,20993,12,147420,602.2,14,5,5,5,67,Poor,True
Groundnut,6.25,40.3,14.3,4.48,55.0,15.0,65.1,48.8,0.61,616,123,2.4,30648,9,223031,627.7,25,5,5,5,36,Poor,True
Groundnut,7.5,33.8,55.2,6.97,487.0,55.1,88.5,49.0,2.56,489,113,7.5,39938,99,1123200,2712.4,100,100,100,100,100,Good,True
Groundnut,12.25,42.3,87.8,4.98,137.0,12.8,73.5,64.6,0.55,613,128,4.45,62594,12,394144,529.7,5,22,5,5,23,Poor,True
Groundnut,1.0,23.2,55.9,6.01,686.0,54.9,78.8,41.5,2.51,478,115,1.03,5171,99,146835,2739.6,100,100,100,100,100,Good,True
Groundnut,16.0,19.4,58.6,8.0,443.0,118.3,31.2,69.6,1.5,472,114,10.84,75025,53,1404000,1771.4,70,41,100,97,38,Moderate,True
Groundnut,12.25,41.0,12.3,8.62,168.0,11.0,44.4,90.3,0.52,593,130,4.1,59883,7,372645,522.3,16,5,5,5,11,Poor,True
Groundnut,10.0,18.9,53.3,5.54,382.0,24.0,72.4,91.3,1.91,479,117,8.03,50956,74,1117350,2092.8,64,75,100,74,94,Moderate,True
Groundnut,2.0,16.5,48.3,7.18,362.0,69.3,48.9,85.0,1.54,479,123,1.36,9895,58,180180,1720.9,35,100,100,67,90,Moderate,True
Groundnut,2.0,33.3,51.6,7.05,478.0,31.9,80.5,93.8,2.49,473,114,2.01,10593,99,291330,2650.2,100,100,100,100,100,Good,True
Groundnut,3.5,42.9,13.4,4.51,127.0,16.4,40.5,73.4,0.55,621,133,1.24,17348,9,112613,549.1,5,5,5,5,46,Poor,True
Groundnut,12.25,9.1,41.1,5.72,659.0,49.0,91.5,31.9,1.26,492,126,7.18,61738,39,902948,1362.5,5,93,85,100,100,Poor,True
Groundnut,12.25,26.5,45.2,6.92,657.0,34.0,87.8,32.8,2.59,468,117,12.0,61751,99,1856059,2905.7,100,100,100,100,100,Good,True
Groundnut,12.25,38.7,10.8,4.26,123.0,7.1,30.2,75.2,0.57,629,122,4.53,55944,11,408476,630.2,44,5,5,5,5,Poor,True
Groundnut,2.0,38.3,56.7,5.72,2294.0,85.8,59.7,75.1,1.1,480,123,1.08,10064,37,128700,1178.8,49,92,100,5,73,Poor,True
Groundnut,9.0,32.8,60.9,6.93,663.0,45.7,79.0,96.6,2.51,473,114,9.04,49035,99,1321515,2595.0,100,100,100,100,100,Good,True
Groundnut,16.0,24.4,52.1,6.3,505.0,42.4,48.3,35.2,2.53,461,114,16.26,73944,99,2368080,3102.5,100,100,100,100,100,Good,True
Groundnut,0.5,42.0,86.0,8.59,2677.0,15.8,30.8,40.2,0.57,613,131,0.18,2263,8,16672,636.7,5,5,5,5,42,Poor,True
Groundnut,2.25,29.7,59.6,6.12,622.0,38.0,32.4,67.5,2.42,479,114,2.27,10456,99,318532,2946.4,100,100,100,100,100,Good,True
Groundnut,6.25,30.5,45.2,7.18,634.0,29.2,92.7,40.9,2.54,476,116,6.38,32088,99,928688,2794.2,100,100,100,100,100,Good,True
Groundnut,0.25,9.0,16.9,8.89,1704.0,8.4,90.9,71.3,0.48,598,128,0.1,1302,5,7020,439.2,5,5,5,5,5,Poor,True
Groundnut,12.25,43.1,66.8,5.63,780.0,40.4,78.2,79.1,1.26,496,128,7.43,66016,40,902948,1267.8,5,84,92,96,100,Poor,True
Groundnut,9.0,27.5,49.3,7.07,613.0,55.9,68.3,59.5,2.46,476,117,9.01,46723,99,1295190,2672.1,100,100,100,100,100,Good,True
Groundnut,7.5,33.9,51.0,6.59,456.0,53.2,86.1,76.5,2.45,478,114,7.57,38677,99,1074938,2679.3,100,100,100,100,100,Good,True
Groundnut,10.0,29.5,60.0,6.92,652.0,46.2,45.7,43.6,2.46,487,116,10.19,46339,99,1439100,3005.6,100,100,100,100,100,Good,True
Groundnut,5.0,42.5,14.9,4.37,102.0,7.2,66.4,70.1,0.47,642,127,1.7,24770,7,137475,455.0,5,5,5,5,5,Poor,True
Groundnut,6.25,31.2,40.1,7.24,194.0,57.3,38.9,31.9,1.24,494,116,3.64,29469,40,453375,1438.5,100,97,81,5,100,Poor,True
Groundnut,0.5,38.7,11.0,4.53,145.0,8.6,44.5,28.6,0.56,610,125,0.18,2308,11,16380,609.7,44,5,5,5,5,Poor,True
Groundnut,0.25,27.5,53.7,7.05,533.0,59.2,63.3,35.0,2.41,499,115,0.24,1220,98,35246,2789.0,100,100,100,100,100,Good,True
Groundnut,1.5,13.6,89.1,8.8,165.0,8.2,87.6,30.1,0.48,608,129,0.5,7859,6,42120,435.9,5,5,5,5,5,Poor,True
Groundnut,2.25,22.0,43.5,5.69,1317.0,103.6,46.0,33.6,1.49,475,115,1.48,10282,51,196121,1807.4,100,90,94,28,54,Moderate,True
Groundnut,12.25,6.3,53.6,5.25,2283.0,177.3,90.2,58.0,0.78,477,129,5.39,64420,22,558968,767.7,5,47,100,5,5,Poor,True
Groundnut,3.0,43.6,17.6,4.58,96.0,13.8,88.4,39.9,0.55,618,127,1.06,15585,8,96525,519.3,5,5,5,5,29,Poor,True
Groundnut,1.5,25.6,48.8,6.41,609.0,50.2,30.8,62.1,2.51,506,114,1.51,7123,99,220252,2992.1,100,100,100,100,100,Good,True
Groundnut,7.5,29.4,58.8,7.84,926.0,107.6,54.7,90.2,1.8,486,119,5.38,38683,60,789750,1941.6,100,53,100,78,50,Moderate,True
Groundnut,1.5,43.7,12.1,4.49,69.0,19.2,37.8,85.3,0.62,620,131,0.57,7430,10,54405,632.2,5,5,5,5,64,Poor,True
Groundnut,6.25,30.5,60.1,6.99,596.0,44.4,81.8,34.9,2.5,493,115,6.38,32133,98,914062,2744.6,100,100,100,100,100,Good,True
Groundnut,10.0,17.4,58.2,7.0,499.0,59.9,56.3,24.3,1.82,487,122,8.07,47102,69,1064700,2160.4,46,100,100,100,100,Moderate,True
Groundnut,12.25,6.1,15.6,8.57,112.0,13.1,43.8,71.0,0.54,624,128,4.3,59799,5,386978,547.1,5,5,5,5,25,Poor,True
Groundnut,0.25,27.4,59.7,6.02,183.0,15.7,36.7,83.4,1.17,467,114,0.14,1200,37,17111,1325.9,100,100,100,5,41,Poor,True
Groundnut,2.25,42.3,87.6,8.32,1523.0,18.7,94.3,45.8,0.65,602,131,0.82,11714,14,85556,630.4,5,18,5,5,60,Poor,True
Groundnut,10.0,28.9,51.4,6.42,796.0,7.6,89.8,93.4,1.3,468,117,6.04,52637,44,760500,1344.8,100,100,100,94,5,Poor,True
Groundnut,6.25,33.1,40.4,7.97,1037.0,77.4,68.6,28.1,1.68,507,117,4.64,31351,61,614250,1859.3,100,44,83,64,82,Moderate,True
Groundnut,7.5,22.6,68.6,6.68,973.0,135.5,38.7,60.9,1.42,516,118,4.74,34476,47,623025,1707.1,100,100,83,72,20,Moderate,True
Groundnut,9.0,31.0,62.4,6.65,679.0,32.9,76.7,84.9,2.49,479,118,9.34,48007,99,1310985,2630.8,100,100,100,100,100,Good,True
Groundnut,16.0,27.6,77.1,6.59,1034.0,161.2,39.5,92.9,1.07,558,118,8.76,79540,35,1001520,1159.1,100,100,42,64,5,Poor,True
Groundnut,2.25,34.8,58.7,4.39,628.0,62.3,97.3,61.2,1.27,479,114,1.37,12131,41,167164,1278.0,91,5,100,100,98,Poor,True
Groundnut,5.0,11.9,89.4,4.1,106.0,10.7,59.1,91.3,0.48,609,127,1.75,25093,5,140400,459.5,5,5,5,5,10,Poor,True
Groundnut,3.5,7.4,90.1,7.49,718.0,181.1,36.3,65.8,0.83,616,130,1.62,15832,21,169942,973.4,5,79,5,100,5,Poor,True
Groundnut,2.0,32.8,51.1,6.1,596.0,57.3,99.1,77.5,2.5,490,114,2.0,10781,99,292500,2613.1,100,100,100,100,100,Good,True
Groundnut,10.0,32.2,76.7,7.64,326.0,49.4,78.8,99.9,1.6,544,118,6.95,53877,59,936000,1637.3,100,68,44,53,100,Moderate,True
Groundnut,0.25,26.3,51.3,6.28,550.0,53.9,99.2,67.2,2.43,468,117,0.26,1332,98,35539,2568.1,100,100,100,100,100,Good,True
Groundnut,6.25,18.5,29.8,6.97,1521.0,145.3,88.9,40.5,0.89,569,120,2.95,31836,23,325406,922.1,58,100,42,5,10,Poor,True
Groundnut,1.0,37.3,45.2,8.1,1168.0,128.4,34.0,59.0,1.24,463,119,0.58,4584,41,72540,1482.5,61,35,100,47,28,Poor,True
Groundnut,2.0,41.4,19.7,4.01,192.0,12.3,74.2,36.9,0.53,606,129,0.72,9929,8,62010,524.5,13,5,5,5,19,Poor,True
Groundnut,0.5,33.8,35.5,6.41,369.0,29.6,59.0,84.9,1.88,530,117,0.42,2436,76,54990,2157.4,100,100,64,69,100,Good,True
Groundnut,10.0,30.1,44.9,6.36,405.0,5.7,33.6,21.2,1.26,481,117,5.71,45734,41,737100,1511.7,100,100,100,83,5,Poor,True
Groundnut,9.0,36.6,76.8,7.55,1335.0,132.4,98.9,49.7,1.13,571,117,4.95,46150,36,594945,1189.2,69,74,44,26,24,Poor,True
Groundnut,9.0,27.1,61.2,6.79,565.0,37.0,39.1,58.1,2.45,485,116,8.92,41442,98,1289925,3012.6,100,100,100,100,100,Good,True
Groundnut,1.0,37.3,45.2,8.14,1401.0,138.6,38.9,54.5,1.03,473,121,0.53,4683,30,60255,1186.7,61,31,100,17,17,Poor,True
Groundnut,16.0,34.0,63.7,6.01,550.0,34.9,48.9,58.3,2.5,479,115,16.21,76114,99,2340000,2974.3,100,100,100,100,100,Good,True
Groundnut,12.25,31.6,54.3,7.53,654.0,139.4,40.3,90.3,1.4,486,119,7.76,63093,45,1003275,1490.2,100,76,100,100,16,Moderate,True
Groundnut,6.25,28.3,52.8,5.9,639.0,53.7,94.5,24.8,2.47,467,114,6.25,31156,99,903094,2798.6,100,100,100,100,100,Good,True
Groundnut,6.25,35.7,36.2,5.95,1154.0,23.2,59.7,46.3,1.71,526,118,4.56,30496,61,625219,1950.2,80,100,66,49,89,Moderate,True
Groundnut,7.5,7.1,96.4,4.81,96.0,18.6,82.4,22.7,0.61,622,130,2.73,36473,11,267638,633.8,5,6,5,5,59,Poor,True
Groundnut,2.25,18.8,59.4,7.31,1855.0,169.4,52.0,98.0,1.03,482,120,1.15,11361,29,135574,1093.3,62,92,100,5,5,Poor,True
Groundnut,1.5,23.0,62.5,7.16,791.0,53.5,52.5,93.6,2.45,477,117,1.49,7479,97,214988,2774.6,100,100,100,95,100,Good,True
Groundnut,1.5,33.8,68.1,6.12,1356.0,52.8,67.6,65.5,1.51,480,117,0.99,7477,53,132502,1672.1,100,100,85,23,100,Moderate,True
Groundnut,10.0,42.6,95.0,8.56,200.0,17.4,61.3,43.6,0.58,610,130,3.58,48543,11,339300,599.0,5,5,5,5,52,Poor,True
Groundnut,7.5,24.0,66.2,6.0,663.0,135.8,43.0,97.6,1.48,471,114,4.64,37587,54,649350,1627.6,100,100,94,100,20,Moderate,True
Groundnut,16.0,42.9,97.6,8.7,138.0,13.5,42.2,29.4,0.53,622,126,5.56,74243,7,496080,568.2,5,5,5,5,27,Poor,True
Groundnut,0.25,39.8,15.0,4.25,160.0,15.2,32.5,98.5,0.61,619,123,0.1,1207,9,8921,639.1,32,5,5,5,38,Poor,True
Groundnut,0.5,7.0,65.0,6.03,780.0,35.8,51.2,22.7,1.32,474,125,0.3,2355,43,38610,1539.5,5,100,100,96,100,Poor,True
Groundnut,0.5,27.8,60.3,6.1,465.0,38.1,81.6,63.1,2.48,482,115,0.49,2528,98,72540,2769.5,100,100,100,100,100,Good,True
Groundnut,3.5,9.1,94.8,8.52,81.0,18.3,32.6,43.4,0.6,639,126,1.29,15939,11,122850,670.8,5,5,5,5,58,Poor,True
Groundnut,7.5,33.2,64.5,6.3,734.0,52.9,58.9,87.9,2.47,476,115,7.25,37065,99,1083713,2823.8,100,100,100,100,100,Good,True
Groundnut,0.5,31.1,59.9,5.87,687.0,47.4,47.6,57.0,2.53,465,115,0.49,2403,99,74002,2979.6,100,100,100,100,100,Good,True
Groundnut,6.25,28.1,48.9,7.33,738.0,9.0,50.7,97.4,1.28,474,114,3.61,31403,43,468000,1390.3,100,90,100,100,5,Poor,True
Groundnut,7.5,18.7,57.0,6.74,1029.0,76.2,86.7,48.1,1.88,511,120,5.97,39163,71,824850,2006.2,60,100,100,65,83,Moderate,True
Groundnut,3.5,8.9,18.9,4.32,2296.0,14.0,81.7,27.1,0.53,640,128,1.24,17390,9,108518,524.0,5,5,5,5,31,Poor,True
Groundnut,16.0,38.0,30.8,7.81,372.0,98.1,65.5,33.7,1.52,565,124,10.68,76106,51,1422720,1769.4,52,56,46,70,60,Moderate,True
Groundnut,4.0,32.5,60.3,6.02,699.0,53.4,92.5,83.4,2.53,466,119,3.97,21167,99,592020,2696.9,100,100,100,100,100,Good,True
Groundnut,5.0,41.4,93.1,8.66,109.0,11.6,88.7,88.0,0.51,615,128,1.67,26860,7,149175,455.4,13,5,5,5,15,Poor,True
Groundnut,2.25,32.3,58.8,5.97,529.0,55.2,84.3,40.5,2.55,494,117,2.23,11680,99,335644,2773.7,100,100,100,100,100,Good,True
Groundnut,12.25,28.1,50.3,6.47,617.0,35.9,74.2,74.7,2.5,481,114,12.6,62506,99,1791562,2766.2,100,100,100,100,100,Good,True
Groundnut,3.5,22.7,64.2,6.82,2323.0,66.9,91.5,85.5,1.27,478,116,2.09,18803,39,260033,1282.9,100,100,100,5,93,Poor,True
Groundnut,1.0,22.5,75.8,7.33,327.0,53.5,88.3,28.1,1.75,553,114,0.74,5175,65,102375,1878.3,100,90,48,53,100,Moderate,True
Groundnut,0.25,6.3,18.2,8.58,2043.0,6.5,65.7,93.7,0.48,606,128,0.1,1243,6,7020,464.8,5,5,5,5,5,Poor,True
Groundnut,2.25,19.7,68.3,5.21,619.0,28.7,49.5,67.5,1.73,514,117,1.63,10736,64,227711,2021.0,73,44,84,100,100,Moderate,True
Groundnut,9.0,8.3,14.0,4.19,184.0,18.0,74.3,41.7,0.57,626,129,3.27,44558,10,300105,573.5,5,5,5,5,55,Poor,True
Groundnut,3.5,19.2,62.0,5.97,1155.0,112.5,82.2,74.5,1.57,483,120,2.4,18335,61,321458,1653.2,67,100,100,49,45,Moderate,True
Groundnut,5.0,25.1,36.7,6.44,634.0,89.3,83.7,94.7,2.06,533,115,4.27,26074,79,602550,2210.9,100,100,68,100,69,Good,True
Groundnut,1.0,26.4,42.9,7.17,567.0,9.1,41.0,66.3,1.26,485,111,0.59,4706,40,73710,1466.3,100,100,92,100,5,Poor,True
Groundnut,6.25,22.5,49.6,8.55,617.0,18.2,94.1,43.9,1.22,473,112,3.51,32974,37,446062,1252.8,100,5,100,100,57,Poor,True
Groundnut,0.25,42.8,83.1,8.81,188.0,14.7,50.2,79.3,0.57,606,128,0.1,1254,11,8336,564.8,5,5,14,5,35,Poor,True
Groundnut,1.5,23.8,52.7,6.59,668.0,49.0,86.0,59.5,2.58,480,112,1.54,7891,98,226395,2769.0,100,100,100,100,100,Good,True
Groundnut,1.5,30.7,64.2,6.13,743.0,40.9,31.3,96.6,2.52,475,117,1.5,7340,99,221130,2912.7,100,100,100,100,100,Good,True
Groundnut,12.25,42.0,86.8,4.93,119.0,10.3,69.4,88.4,0.51,609,129,4.23,62529,7,365479,484.5,6,17,5,5,7,Poor,True
Groundnut,1.0,34.0,48.3,8.06,712.0,37.6,61.8,53.9,1.75,492,114,0.73,4905,64,102375,1987.2,100,37,100,100,100,Moderate,True
Groundnut,4.0,24.0,60.0,5.93,571.0,33.4,89.3,65.7,2.53,481,116,4.04,21134,99,592020,2701.3,100,100,100,100,100,Good,True
Groundnut,9.0,36.3,27.0,7.63,1347.0,64.0,51.5,54.8,1.24,580,118,5.36,43500,41,652860,1400.8,73,69,32,24,96,Poor,True
Groundnut,12.25,24.3,56.1,6.32,2680.0,62.5,82.7,75.4,1.28,473,115,7.43,63682,41,917280,1340.4,100,100,100,5,97,Poor,True
Groundnut,3.5,43.2,59.0,6.05,509.0,50.7,41.5,87.1,1.28,459,129,2.12,16757,45,262080,1464.0,5,100,100,100,100,Poor,True
Groundnut,0.5,37.6,69.5,5.29,311.0,28.3,38.8,66.1,1.63,541,123,0.35,2309,58,47678,1964.9,58,52,79,47,100,Moderate,True
Groundnut,1.5,30.2,48.5,6.53,598.0,48.6,75.4,36.8,2.54,483,116,1.51,7474,99,222885,2882.1,100,100,100,100,100,Good,True
Groundnut,0.5,23.8,57.0,5.62,344.0,49.3,61.4,89.2,1.96,471,116,0.41,2509,76,57330,2185.0,100,83,100,60,100,Moderate,True
Groundnut,4.0,25.0,56.3,6.44,744.0,39.6,64.7,94.3,2.47,468,116,3.96,21405,99,577980,2600.2,100,100,100,100,100,Good,True
Groundnut,16.0,42.6,18.0,8.52,1819.0,12.3,76.3,88.5,0.52,616,125,5.57,82238,7,486720,491.8,5,5,5,5,19,Poor,True
Groundnut,1.5,42.0,97.9,8.78,1583.0,19.9,82.5,75.8,0.63,603,129,0.57,7735,10,55282,614.7,6,5,5,5,68,Poor,True
Groundnut,12.25,39.5,19.6,4.2,92.0,14.6,84.9,75.4,0.6,599,122,4.6,67542,11,429975,536.6,34,5,5,5,34,Poor,True
Groundnut,16.0,25.6,60.3,6.14,695.0,53.2,91.5,45.7,2.59,486,116,15.71,81986,99,2424240,2856.9,100,100,100,100,100,Good,True
Groundnut,0.5,26.9,52.3,6.13,705.0,34.8,86.9,30.6,2.47,482,116,0.51,2459,99,72248,2838.1,100,100,100,100,100,Good,True
Groundnut,7.5,42.3,96.6,8.74,2750.0,8.2,88.0,75.2,0.47,588,132,2.43,41007,5,206212,402.9,5,5,5,5,5,Poor,True
Groundnut,10.0,43.8,10.0,4.72,100.0,20.0,92.9,96.2,0.61,615,128,3.86,53909,10,356850,561.9,5,5,5,5,68,Poor,True
Groundnut,7.5,42.5,16.9,4.13,189.0,12.1,67.0,76.5,0.53,621,127,2.57,36884,8,232538,530.5,5,5,5,5,18,Poor,True
Groundnut,6.25,18.8,36.0,5.55,517.0,38.7,84.2,58.0,1.95,532,120,4.99,32602,71,712969,2086.9,62,76,66,100,100,Moderate,True
Groundnut,16.0,22.0,63.5,6.56,1341.0,60.8,70.0,73.8,1.55,465,115,10.93,82259,56,1450800,1663.7,100,100,100,25,99,Moderate,True
Groundnut,3.5,42.0,96.0,8.31,191.0,16.8,43.1,57.2,0.62,622,128,1.33,16354,10,126945,676.2,5,19,5,5,48,Poor,True
Groundnut,0.5,11.5,94.6,4.2,2405.0,17.0,60.3,37.9,0.57,607,132,0.18,2402,12,16672,594.1,5,5,5,5,50,Poor,True
Groundnut,1.5,17.0,61.0,6.96,743.0,136.1,64.7,82.5,1.32,483,119,0.9,7699,47,115830,1404.5,41,100,100,100,20,Moderate,True
Groundnut,2.25,20.1,52.4,7.1,514.0,6.3,49.5,28.5,1.26,479,119,1.3,10695,41,165848,1450.7,78,100,100,100,5,Poor,True
Groundnut,3.5,44.0,15.6,4.05,67.0,7.9,77.6,66.6,0.5,619,129,1.14,17540,5,102375,483.7,5,5,5,5,5,Poor,True
Groundnut,4.0,12.7,60.3,7.19,439.0,28.3,54.0,34.1,1.26,477,124,2.4,19579,43,294840,1405.9,5,100,100,96,100,Poor,True
Groundnut,2.25,37.3,13.9,4.06,114.0,12.1,34.3,70.0,0.63,607,120,0.85,10769,13,82924,670.0,61,5,5,5,19,Poor,True
Groundnut,3.0,28.4,46.5,6.99,679.0,49.6,39.9,24.3,2.43,471,114,2.98,13975,99,426465,2951.6,100,100,100,100,100,Good,True
Groundnut,9.0,24.9,59.6,6.3,527.0,56.0,76.9,21.7,2.51,473,115,8.59,44344,99,1321515,2880.1,100,100,100,100,100,Good,True
Groundnut,1.5,32.7,60.3,7.14,528.0,54.9,34.4,37.3,2.52,482,114,1.51,6789,99,221130,3157.2,100,100,100,100,100,Good,True
Groundnut,1.0,42.9,13.1,4.59,53.0,8.1,84.0,44.0,0.48,616,125,0.33,4975,5,28080,464.4,5,5,5,5,5,Poor,True
Groundnut,6.25,7.4,87.2,8.3,161.0,6.8,78.6,65.8,0.49,613,125,2.14,33150,9,179156,440.4,5,19,5,5,5,Poor,True
Groundnut,0.5,17.0,91.1,4.2,298.0,21.4,40.9,57.0,0.78,617,123,0.22,2398,20,22815,851.4,41,5,5,42,77,Poor,True
Groundnut,1.0,20.6,37.9,5.95,1000.0,112.0,72.0,27.6,1.68,528,120,0.72,4833,58,98280,1933.5,83,100,73,68,45,Moderate,True
Groundnut,12.25,22.4,42.2,5.74,2934.0,130.7,31.9,35.1,1.11,492,116,6.81,54321,34,795454,1364.4,100,95,89,5,25,Poor,True
Groundnut,10.0,30.0,26.4,7.64,401.0,23.2,46.1,85.1,1.49,594,116,6.31,48161,52,871650,1709.9,100,68,29,81,89,Moderate,True
Groundnut,10.0,35.0,15.4,5.84,2861.0,196.8,77.6,71.7,0.84,634,118,4.51,51906,22,491400,846.7,88,100,5,5,5,Poor,True
Groundnut,12.25,28.3,51.3,7.16,737.0,28.4,47.8,37.3,2.43,477,116,12.51,56419,99,1741399,2986.5,100,100,100,100,100,Good,True
Groundnut,16.0,27.8,28.3,5.54,445.0,61.3,96.3,43.2,1.63,561,113,11.68,83096,58,1525680,1736.0,100,76,37,98,99,Moderate,True
Groundnut,5.0,38.3,16.8,4.58,104.0,17.9,82.2,99.8,0.68,622,124,1.97,26429,16,198900,652.6,49,5,5,5,55,Poor,True
Groundnut,2.0,43.2,15.3,4.24,86.0,15.8,46.9,70.2,0.58,587,127,0.71,9593,9,67860,607.4,5,5,5,5,42,Poor,True
Groundnut,4.0,30.4,55.2,6.7,705.0,44.8,74.1,46.0,2.51,491,118,4.08,19977,99,587340,2840.1,100,100,100,100,100,Good,True
Groundnut,1.5,34.4,66.9,5.24,467.0,63.6,81.5,20.8,1.74,489,112,1.16,7472,67,152685,1943.4,95,46,91,100,96,Moderate,True
Groundnut,3.5,23.8,34.1,7.28,326.0,33.0,98.7,34.3,1.82,552,118,2.73,18123,66,372645,1956.2,100,94,59,53,100,Moderate,True
Groundnut,6.25,29.0,46.0,5.57,679.0,118.6,61.4,83.2,1.7,491,117,4.43,31658,58,621562,1863.4,100,78,100,100,38,Moderate,True
Groundnut,0.25,14.0,51.1,6.41,736.0,16.9,58.1,48.6,1.11,473,127,0.14,1220,39,16234,1230.7,5,100,100,100,49,Poor,True
Groundnut,12.25,43.0,39.7,4.99,1331.0,123.5,40.2,89.0,0.8,510,131,5.28,60437,22,573300,848.6,5,23,80,26,33,Poor,True
Groundnut,3.0,34.7,48.0,4.54,591.0,16.7,78.4,31.5,1.16,473,117,1.71,14785,36,203580,1276.9,92,5,100,100,47,Poor,True
Groundnut,2.25,32.3,48.0,6.35,608.0,8.6,83.4,59.0,1.27,497,114,1.35,11539,45,167164,1348.7,100,100,100,100,5,Poor,True
Groundnut,6.25,24.9,96.4,5.51,668.0,58.0,90.2,26.3,1.19,582,113,3.61,32372,41,435094,1244.0,100,72,5,100,100,Poor,True
Groundnut,5.0,42.1,90.6,8.77,1625.0,5.3,56.6,89.8,0.48,614,129,1.67,25175,5,140400,457.7,5,5,5,5,5,Poor,True
Groundnut,3.0,31.6,59.0,6.54,566.0,26.2,84.9,67.7,2.56,470,113,2.95,15050,99,449280,2885.2,100,100,100,100,100,Good,True
Groundnut,16.0,43.1,19.6,4.3,77.0,16.2,37.0,45.3,0.56,620,127,5.7,75068,10,524160,598.2,5,5,5,5,45,Poor,True
Groundnut,6.25,38.4,78.1,6.25,1169.0,52.4,45.4,73.3,1.53,558,124,4.09,29128,54,559406,1820.5,48,100,38,47,100,Moderate,True
Groundnut,0.5,29.6,49.8,6.74,697.0,38.5,33.5,21.5,2.47,492,113,0.5,2282,99,72248,3066.0,100,100,100,100,100,Good,True
Groundnut,7.5,5.8,17.0,8.48,1435.0,20.5,34.8,67.6,0.64,628,128,2.89,35780,12,280800,684.8,5,7,5,13,71,Poor,True
Groundnut,0.25,42.6,12.5,4.55,118.0,19.8,42.6,49.2,0.6,617,126,0.1,1153,11,8775,661.1,5,5,5,5,67,Poor,True
Groundnut,12.25,41.2,13.8,4.08,188.0,18.2,80.3,60.9,0.63,599,128,4.51,61808,11,451474,630.4,15,5,5,5,57,Poor,True
Groundnut,10.0,39.6,14.4,4.18,181.0,17.2,63.4,75.6,0.63,603,125,3.94,49918,11,368550,638.3,34,5,5,5,51,Poor,True
Groundnut,3.5,42.4,85.9,8.87,200.0,15.6,79.0,99.8,0.56,618,130,1.28,19013,8,114660,503.1,5,5,5,5,40,Poor,True
Groundnut,1.5,44.0,29.2,5.07,2518.0,96.2,74.4,23.5,0.73,576,125,0.62,7379,16,64058,768.1,5,30,40,5,62,Poor,True
Groundnut,5.0,42.9,18.7,4.08,182.0,9.3,42.0,32.5,0.49,623,127,1.73,24156,5,143325,493.3,5,5,5,5,5,Poor,True
Groundnut,2.0,31.1,59.7,6.0,479.0,8.1,41.1,89.2,1.28,476,116,1.2,9809,45,149760,1426.8,100,100,100,100,5,Poor,True
Groundnut,1.0,28.1,48.1,4.01,540.0,23.7,44.6,50.5,1.2,464,114,0.6,4671,43,70200,1402.9,100,5,100,100,92,Poor,True
Groundnut,0.5,42.4,83.8,8.89,110.0,17.5,88.0,26.7,0.59,616,127,0.18,2534,10,17258,581.1,5,5,11,5,53,Poor,True
Groundnut,5.0,23.5,67.7,6.83,611.0,8.6,32.2,82.9,1.24,490,112,3.0,23598,45,362700,1437.0,100,100,87,100,5,Poor,True
Groundnut,3.5,13.7,19.2,8.64,2867.0,5.9,97.5,58.6,0.48,605,130,1.17,18860,9,98280,421.1,5,5,5,5,5,Poor,True
Groundnut,3.0,21.0,31.9,7.01,497.0,65.0,72.0,35.2,1.81,562,115,2.47,15087,70,317655,2005.5,88,100,50,100,95,Moderate,True
Groundnut,10.0,17.4,44.4,5.41,1244.0,105.9,92.2,89.0,1.37,496,123,6.42,54208,46,801450,1378.5,45,63,98,37,52,Moderate,True
Groundnut,1.5,42.6,19.8,4.4,123.0,11.6,33.5,46.2,0.51,621,128,0.51,6827,5,44752,555.5,5,5,5,5,15,Poor,True
Groundnut,7.5,36.2,33.0,5.44,1392.0,89.3,93.9,87.4,1.17,563,120,4.23,39644,39,513337,1194.9,74,66,55,19,69,Poor,True
Groundnut,2.0,21.6,41.3,8.66,711.0,53.7,30.6,41.9,1.25,495,116,1.17,9329,44,146250,1467.7,96,5,86,100,100,Poor,True
Groundnut,9.0,38.3,14.0,4.21,59.0,13.9,48.4,79.7,0.63,650,124,3.48,42922,10,331695,672.8,49,5,5,5,29,Poor,True
Groundnut,12.25,42.5,14.7,8.4,93.0,10.7,55.8,64.5,0.5,604,129,4.26,62276,6,358312,475.4,5,13,5,5,10,Poor,True
Groundnut,12.25,29.4,47.5,6.5,513.0,31.8,96.3,65.4,2.49,483,117,12.16,65490,99,1784396,2624.7,100,100,100,100,100,Good,True
Groundnut,0.25,17.6,54.5,7.07,1051.0,61.9,77.0,89.0,1.75,482,122,0.18,1319,63,25594,1840.4,47,100,100,62,98,Moderate,True
Groundnut,1.0,28.4,67.2,4.73,578.0,18.6,58.1,79.0,1.17,479,110,0.57,5024,39,68445,1262.4,100,5,89,100,59,Poor,True
Groundnut,0.25,20.3,96.2,8.44,862.0,146.8,36.4,43.9,0.83,630,121,0.12,1161,23,12139,945.6,79,10,5,86,8,Poor,True
Groundnut,3.5,24.7,53.4,5.49,1059.0,93.1,98.8,79.7,1.9,478,114,2.76,19083,68,389025,1938.6,100,70,100,61,65,Moderate,True
Groundnut,2.25,30.0,93.2,7.83,2271.0,98.7,74.0,62.4,0.92,620,115,1.06,11751,27,121095,930.5,100,54,5,5,59,Poor,True
Groundnut,12.25,11.3,49.7,7.3,449.0,22.8,53.0,29.9,1.25,482,128,6.99,59801,41,895781,1397.9,5,93,100,100,86,Poor,True
Groundnut,1.0,20.3,50.2,6.72,150.0,62.7,58.7,40.2,1.24,477,118,0.59,4875,42,72540,1388.0,80,100,100,5,97,Poor,True
Groundnut,9.0,29.7,99.5,4.22,515.0,12.6,80.8,73.2,0.92,600,111,4.35,48450,27,484380,899.8,100,5,5,100,21,Poor,True
Groundnut,1.5,6.9,15.6,8.31,144.0,11.4,70.4,32.3,0.54,614,126,0.55,7420,9,47385,538.6,5,19,5,5,14,Poor,True
Groundnut,12.25,22.1,52.7,6.46,723.0,46.7,95.2,67.7,2.55,479,115,12.04,66508,98,1827394,2647.6,100,100,100,100,100,Good,True
Groundnut,2.0,19.0,58.3,6.01,428.0,57.8,75.5,57.4,2.06,487,119,1.64,10012,78,241020,2307.3,65,100,100,92,100,Good,True
Groundnut,12.25,25.8,60.9,6.11,611.0,28.3,58.8,28.4,2.52,464,116,11.96,57891,99,1805895,3019.5,100,100,100,100,100,Good,True
Groundnut,1.0,27.3,68.4,6.17,347.0,100.8,33.3,40.1,1.83,482,115,0.77,4542,70,107055,2257.0,100,100,84,61,57,Moderate,True
Groundnut,1.0,32.3,46.4,6.25,567.0,38.8,90.6,82.7,2.52,501,112,0.98,5395,98,147420,2632.5,100,100,100,100,100,Good,True
Groundnut,10.0,41.1,84.2,4.35,2173.0,13.3,42.5,42.7,0.56,597,126,3.59,46955,7,327600,597.7,16,5,9,5,26,Poor,True
Groundnut,16.0,20.0,69.9,8.72,629.0,37.3,94.5,58.6,1.21,529,118,8.98,86132,39,1132560,1214.9,77,5,77,100,100,Poor,True
Groundnut,2.25,8.9,52.0,5.83,686.0,39.4,72.3,32.7,1.26,470,131,1.3,10872,42,165848,1425.5,5,100,100,100,100,Poor,True
Groundnut,12.25,42.8,15.5,4.19,138.0,6.8,44.4,96.1,0.49,620,129,4.2,62036,5,351146,466.0,5,5,5,5,5,Poor,True
Groundnut,3.0,25.0,48.6,6.01,616.0,31.9,71.4,32.1,2.51,485,113,2.99,15086,98,440505,2820.0,100,100,100,100,100,Good,True
Groundnut,1.0,33.1,45.4,6.08,522.0,53.8,55.4,56.2,2.45,485,114,1.01,4944,99,143325,2799.0,100,100,100,100,100,Good,True
Groundnut,3.5,32.4,39.7,6.39,808.0,23.7,42.4,49.1,2.21,508,116,3.19,16249,87,452497,2684.8,100,100,80,93,92,Good,True
Groundnut,2.0,34.7,58.6,5.89,972.0,53.0,64.0,37.8,2.18,470,114,1.75,10098,83,255060,2425.8,92,100,100,72,100,Good,True
Groundnut,3.5,31.4,57.3,6.94,2289.0,59.0,85.0,24.4,1.27,477,112,2.07,17918,42,260033,1351.2,100,100,100,5,100,Poor,True
Groundnut,7.5,10.2,83.7,8.71,151.0,6.4,77.0,33.2,0.51,616,129,2.49,38313,5,223762,484.0,5,5,11,5,5,Poor,True
Groundnut,3.5,29.3,45.5,6.43,598.0,47.6,82.9,83.8,2.53,499,115,3.41,18162,99,518017,2752.2,100,100,100,100,100,Good,True
Groundnut,5.0,9.8,62.6,6.6,524.0,50.0,90.2,63.2,1.31,472,130,3.19,26500,45,383175,1345.9,5,100,100,100,100,Poor,True
Groundnut,2.0,33.0,46.1,7.05,526.0,47.9,40.4,59.3,2.55,487,111,2.06,9285,99,298350,3113.2,100,100,100,100,100,Good,True
Groundnut,0.25,12.1,45.1,5.9,587.0,18.9,80.2,78.8,1.23,477,128,0.14,1285,38,17989,1299.9,5,100,100,100,61,Poor,True
Groundnut,16.0,39.8,12.4,4.05,185.0,18.9,73.3,90.8,0.67,618,125,6.31,82669,12,627120,658.6,31,5,5,5,61,Poor,True
Groundnut,7.5,22.6,53.9,7.5,676.0,5.5,38.6,55.0,1.23,493,114,4.36,34864,41,539662,1447.9,100,78,100,100,5,Poor,True
Groundnut,0.25,32.1,41.8,6.49,2241.0,64.6,40.6,65.8,1.24,498,114,0.14,1241,45,18135,1361.3,100,100,88,5,95,Poor,True
Groundnut,2.25,28.0,58.8,6.04,1175.0,29.4,91.3,97.5,1.86,483,115,1.71,12012,65,244823,1938.2,100,100,100,46,100,Moderate,True
Groundnut,9.0,26.7,45.7,8.37,659.0,171.2,33.8,82.4,1.1,474,115,4.79,43457,34,579150,1232.7,100,15,100,100,5,Poor,True
Groundnut,9.0,31.1,57.2,7.46,1278.0,31.3,47.0,88.9,1.57,502,114,6.3,43772,59,826605,1788.4,100,81,100,33,100,Moderate,True
Groundnut,12.25,35.7,41.0,6.44,485.0,7.4,94.8,84.8,1.23,514,117,6.99,68347,40,881449,1189.7,79,100,85,100,5,Poor,True
Groundnut,5.0,24.7,50.4,7.42,474.0,5.7,52.8,42.1,1.27,469,118,3.03,23807,44,371475,1460.4,100,84,100,100,5,Poor,True
Groundnut,3.5,24.1,64.2,7.15,683.0,52.7,33.2,64.0,2.49,469,115,3.58,16224,99,509828,3042.4,100,100,100,100,100,Good,True
Groundnut,12.25,43.6,10.2,4.49,53.0,11.6,86.1,57.0,0.51,612,129,4.29,64257,6,365479,468.8,5,5,5,5,15,Poor,True
Groundnut,9.0,38.4,19.6,4.52,134.0,18.7,87.2,62.9,0.68,622,121,3.63,47915,17,358020,647.2,47,5,5,5,60,Poor,True
Groundnut,1.0,31.8,53.6,6.1,478.0,34.2,44.0,91.1,2.52,487,114,1.02,5052,99,147420,2818.1,100,100,100,100,100,Good,True
Groundnut,2.0,11.8,56.0,6.94,753.0,37.6,60.6,45.8,1.29,469,130,1.19,10041,43,150930,1403.1,5,100,100,100,100,Poor,True
Groundnut,1.5,21.8,68.8,4.41,772.0,25.5,89.6,80.4,1.24,501,115,0.87,7592,42,108810,1333.2,98,5,82,97,100,Poor,True
Groundnut,1.0,36.6,30.8,4.14,117.0,86.1,45.8,85.0,0.84,572,118,0.46,4967,24,49140,889.3,69,5,46,5,72,Poor,True
Groundnut,0.25,32.3,53.9,5.93,644.0,49.7,88.6,77.2,2.41,485,115,0.24,1346,99,35246,2518.6,100,100,100,100,100,Good,True
Groundnut,7.5,37.0,15.3,4.56,193.0,12.4,32.7,42.1,0.65,618,123,2.92,34561,12,285188,725.2,64,5,5,5,21,Poor,True
Groundnut,6.25,24.2,62.8,5.9,628.0,33.1,90.4,74.7,2.49,476,113,6.33,33124,99,910406,2648.5,100,100,100,100,100,Good,True
Groundnut,3.0,9.8,14.3,4.64,87.0,12.3,67.1,21.9,0.55,597,129,1.04,14357,6,96525,572.3,5,5,5,5,20,Poor,True
Groundnut,0.5,34.0,53.9,6.55,635.0,31.9,89.4,54.0,2.46,480,116,0.5,2579,99,71955,2690.0,100,100,100,100,100,Good,True
Groundnut,5.0,35.4,64.2,4.09,488.0,50.7,52.4,70.4,1.25,479,117,3.02,24743,42,365625,1377.7,84,5,100,100,100,Poor,True
Groundnut,16.0,42.2,53.5,5.66,625.0,32.3,94.1,46.3,1.28,492,126,9.62,83942,42,1198080,1327.3,5,87,100,100,100,Poor,True
Groundnut,2.0,36.5,62.4,5.71,1040.0,38.4,63.8,92.2,1.94,475,123,1.7,10433,71,226980,2075.6,70,92,100,63,100,Moderate,True
Groundnut,1.0,31.0,52.1,6.99,516.0,8.9,67.9,34.4,1.3,487,117,0.6,4772,45,76050,1493.7,100,100,100,100,5,Poor,True
Groundnut,7.5,27.8,46.3,5.8,511.0,35.4,51.5,50.6,2.45,504,115,7.49,35935,99,1074938,2891.3,100,100,100,100,100,Good,True
Groundnut,0.5,25.4,55.1,7.92,1389.0,68.9,45.7,21.1,1.33,481,119,0.31,2347,47,38902,1557.5,100,47,100,19,91,Moderate,True
Groundnut,16.0,19.3,58.4,5.81,1298.0,36.6,78.5,97.0,1.58,494,114,11.26,85315,57,1478880,1633.4,68,100,100,31,100,Moderate,True
Groundnut,1.5,21.9,54.7,4.06,771.0,40.3,38.2,46.4,1.3,475,114,0.9,7243,45,114075,1475.0,98,5,100,97,100,Poor,True
Groundnut,10.0,38.8,10.8,4.64,133.0,12.1,83.3,82.0,0.59,624,125,3.69,52391,9,345150,558.8,43,5,5,5,18,Poor,True
Groundnut,0.5,28.0,58.1,7.23,672.0,138.0,30.9,48.9,1.48,500,116,0.33,2206,50,43290,1862.4,100,97,100,100,18,Moderate,True
Groundnut,4.0,24.8,48.9,6.8,732.0,29.1,44.6,89.2,2.57,459,114,4.02,19157,98,601380,3039.2,100,100,100,100,100,Good,True
Groundnut,16.0,41.2,12.7,4.82,196.0,12.4,74.2,23.3,0.53,619,129,5.74,79279,7,496080,525.7,14,7,5,5,20,Poor,True
Groundnut,10.0,30.7,42.5,5.86,365.0,121.6,49.2,98.2,1.6,483,115,6.89,49801,57,936000,1779.5,100,100,91,68,35,Moderate,True
Groundnut,1.5,8.0,57.0,6.22,421.0,20.8,45.1,81.7,1.22,476,129,0.86,7878,40,107055,1258.9,5,100,100,89,74,Poor,True
Groundnut,7.5,40.3,17.0,4.12,166.0,13.4,92.5,66.7,0.58,616,122,2.76,40519,10,254475,528.0,25,5,5,5,27,Poor,True
Groundnut,3.0,28.8,52.5,6.2,595.0,38.4,61.4,60.9,2.48,481,115,3.07,14761,99,435240,2848.6,100,100,100,100,100,Good,True
Groundnut,6.25,38.5,28.3,6.84,537.0,73.9,89.6,68.2,1.58,556,121,4.24,33250,53,577688,1637.4,47,100,36,100,85,Moderate,True
Groundnut,5.0,23.2,48.8,6.67,197.0,67.9,58.8,23.6,1.25,479,116,3.03,23181,42,365625,1477.3,100,100,100,5,92,Poor,True
Groundnut,1.0,6.6,86.1,8.38,144.0,18.4,57.3,43.0,0.6,637,131,0.36,4813,11,35100,629.3,5,14,5,5,58,Poor,True
Groundnut,2.0,25.8,44.1,7.42,1190.0,49.9,43.3,43.8,1.71,485,115,1.54,9500,65,200070,2006.0,100,84,97,44,100,Moderate,True
Groundnut,1.5,13.7,87.6,8.66,125.0,10.5,82.8,66.7,0.5,601,125,0.51,8027,5,43875,446.6,5,5,5,5,8,Poor,True
Groundnut,3.0,24.4,47.8,6.78,482.0,25.7,99.5,93.3,2.46,487,116,2.92,17092,99,431730,2425.9,100,100,100,100,100,Good,True
Groundnut,16.0,20.3,29.1,6.4,440.0,79.9,56.7,38.6,1.67,577,120,11.84,76841,59,1563120,1934.2,80,100,40,96,79,Moderate,True
Groundnut,5.0,31.1,98.1,6.67,1890.0,115.8,91.4,82.5,0.97,594,111,2.45,27121,28,283725,946.1,100,100,5,5,41,Poor,True
Groundnut,2.0,27.7,19.8,5.64,610.0,53.7,43.9,42.5,1.33,610,116,1.17,9667,41,155610,1509.7,100,85,5,100,100,Poor,True
Groundnut,1.5,22.7,54.4,6.06,529.0,37.4,86.7,36.8,2.47,475,114,1.5,7798,99,216742,2679.5,100,100,100,100,100,Good,True
Groundnut,3.0,31.6,59.3,6.23,561.0,42.2,86.9,75.3,2.55,475,116,2.99,15572,99,447525,2773.9,100,100,100,100,100,Good,True
Groundnut,1.5,31.2,53.0,6.26,791.0,8.2,46.8,72.9,1.24,483,116,0.89,7277,42,108810,1395.3,100,100,100,95,5,Poor,True
Groundnut,2.25,39.7,17.7,4.26,142.0,15.7,40.7,21.3,0.59,625,126,0.87,10270,11,77659,656.2,32,5,5,5,41,Poor,True
Groundnut,5.0,23.9,52.5,5.94,719.0,42.4,30.4,82.3,2.43,482,115,5.02,23208,99,710775,2962.6,100,100,100,100,100,Good,True
Groundnut,3.0,35.4,61.2,6.06,854.0,110.8,47.2,86.8,1.76,472,118,2.32,14876,66,308880,1976.4,83,100,100,87,46,Moderate,True
Groundnut,5.0,30.0,35.6,6.46,374.0,63.0,94.2,94.3,2.02,519,114,4.1,27074,78,590850,2082.4,100,100,64,71,97,Good,True
Groundnut,6.25,33.0,51.9,7.15,705.0,35.3,60.0,44.3,2.46,475,114,6.1,30383,99,899438,2860.3,100,100,100,100,100,Good,True
Groundnut,3.5,43.3,59.4,6.56,748.0,68.2,33.0,32.8,1.22,494,129,2.13,15740,42,249795,1487.0,5,100,100,100,91,Poor,True
Groundnut,2.0,27.8,52.9,6.09,715.0,43.6,52.0,78.7,2.54,478,113,1.97,9934,99,297180,2891.5,100,100,100,100,100,Good,True
Groundnut,1.0,10.8,15.3,4.97,181.0,8.0,91.8,23.5,0.49,620,131,0.36,5085,8,28665,463.7,5,21,5,5,5,Poor,True
Groundnut,5.0,24.9,52.9,6.76,473.0,40.7,62.2,27.5,2.47,459,118,5.06,23967,99,722475,2914.5,100,100,100,100,100,Good,True
Groundnut,2.25,25.8,55.7,5.67,583.0,7.7,50.6,60.0,1.23,481,117,1.29,11077,39,161899,1361.6,100,87,100,100,5,Poor,True
Groundnut,16.0,33.1,61.1,6.64,624.0,28.9,74.2,57.3,2.5,475,117,16.0,80015,99,2340000,2824.5,100,100,100,100,100,Good,True
Groundnut,1.0,9.7,56.9,5.91,626.0,20.5,37.3,65.1,1.21,480,130,0.57,4486,40,70785,1477.9,5,100,100,100,72,Poor,True
Groundnut,10.0,22.4,62.3,5.89,747.0,27.9,76.2,90.1,2.44,485,114,10.04,51968,99,1427400,2646.7,100,100,100,100,100,Good,True
Groundnut,2.0,27.3,64.9,6.4,495.0,56.6,75.9,92.1,2.46,469,115,1.97,10570,99,287820,2623.0,100,100,100,100,100,Good,True
Groundnut,7.5,32.0,61.8,6.29,1392.0,136.0,88.8,52.3,1.3,463,115,4.46,39382,42,570375,1348.3,100,100,100,19,20,Poor,True
Groundnut,3.0,31.6,51.6,5.73,335.0,130.8,66.9,98.8,1.42,476,114,1.92,15299,50,249210,1528.9,100,93,100,56,25,Moderate,True
Groundnut,0.5,7.4,91.2,8.53,182.0,18.1,41.2,67.0,0.59,625,127,0.19,2370,7,17258,628.2,5,5,5,5,56,Poor,True
Groundnut,0.5,34.1,40.3,4.58,629.0,40.8,68.1,41.3,1.24,501,116,0.29,2473,40,36270,1366.6,99,5,82,100,100,Poor,True
Groundnut,4.0,42.9,84.1,8.39,2417.0,19.9,61.0,37.4,0.63,611,127,1.56,18547,13,147420,694.8,5,13,9,5,68,Poor,True
Groundnut,7.5,26.3,54.2,6.76,712.0,55.3,32.9,25.0,2.47,480,114,7.32,34783,99,1083713,3015.6,100,100,100,100,100,Good,True
Banana,6.25,36.4,73.7,5.58,2398.0,94.6,44.8,64.7,26.56,1373,276,9.04,86665,69,415000,378.9,95,79,100,57,70,Moderate,True
Banana,1.0,32.8,77.3,6.15,1572.0,179.0,30.3,63.7,37.16,1450,266,1.8,13677,99,92900,579.2,100,100,100,100,100,Good,True
Banana,0.25,37.5,69.5,7.74,1160.0,180.9,89.5,90.8,27.62,1380,274,0.36,3926,72,17262,339.7,83,57,100,100,100,Moderate,True
Banana,2.0,23.2,68.7,6.81,1126.0,138.7,48.1,92.7,35.87,1396,273,3.51,30001,99,179350,497.8,100,100,100,100,100,Good,True
Banana,12.25,36.9,47.2,5.94,2285.0,160.5,99.0,64.1,25.5,1606,274,16.57,200254,66,780938,290.0,89,100,51,67,100,Moderate,True
Banana,1.5,5.4,18.2,4.76,185.0,13.0,43.5,53.3,6.77,1824,300,0.9,21282,5,25388,19.3,5,5,5,5,5,Poor,True
Banana,0.25,26.4,57.5,6.82,1241.0,197.2,85.7,63.1,33.58,1482,263,0.43,3875,93,20988,441.6,100,100,90,100,86,Good,True
Banana,3.5,22.0,88.8,5.73,2473.0,125.7,94.3,56.6,23.91,1664,267,4.74,52865,60,209212,295.7,100,93,44,51,100,Moderate,True
Banana,9.0,24.0,47.3,5.33,1977.0,153.1,81.5,30.8,25.37,1714,279,12.23,128370,67,570825,344.7,100,56,52,93,100,Moderate,True
Banana,0.25,31.2,73.6,5.9,1621.0,122.4,34.2,28.0,36.11,1374,273,0.45,3312,99,22569,581.4,100,100,100,100,100,Good,True
Banana,0.25,6.6,95.1,8.42,347.0,28.9,80.7,20.7,6.95,1757,304,0.16,3634,5,4344,19.5,5,5,5,5,5,Poor,True
Banana,2.0,34.5,61.5,6.38,1696.0,147.7,79.2,55.6,35.74,1368,271,3.62,29814,99,178700,499.4,100,100,100,100,100,Good,True
Banana,0.25,43.0,97.2,8.49,90.0,20.0,96.8,58.9,7.12,1791,297,0.16,3905,7,4450,14.0,17,5,5,5,5,Poor,True
Banana,2.25,43.0,16.6,8.28,361.0,17.2,71.6,42.0,8.02,1812,299,1.38,33163,6,45112,36.0,17,14,5,5,5,Poor,True
Banana,2.0,35.1,60.3,6.53,1445.0,139.7,80.6,39.7,35.56,1409,273,3.62,29479,99,177800,503.1,100,100,100,100,100,Good,True
Banana,2.0,12.5,15.0,4.44,117.0,15.8,32.7,71.9,6.84,1744,295,1.21,28638,5,34200,19.4,5,5,5,5,5,Poor,True
Banana,3.5,29.7,46.8,4.67,1631.0,165.0,94.5,55.2,17.38,1567,269,3.59,54539,40,152075,178.8,100,5,50,100,100,Poor,True
Banana,6.25,33.3,83.0,6.7,2074.0,111.2,49.2,93.2,32.32,1540,267,10.33,88864,88,505000,468.3,100,100,81,85,90,Good,True
Banana,3.5,22.1,58.1,5.89,1719.0,218.8,47.7,21.1,25.41,1396,268,4.82,47799,64,222338,365.2,100,100,93,100,45,Moderate,True
Banana,2.0,22.6,60.9,6.86,2754.0,139.9,38.0,55.4,21.95,1374,265,2.52,28481,56,109750,285.3,100,100,100,26,100,Moderate,True
Banana,4.0,30.8,73.7,5.82,1762.0,176.0,50.6,97.6,35.94,1429,271,7.24,58623,99,359400,513.1,100,100,100,100,100,Good,True
Banana,4.0,6.3,16.0,4.56,127.0,9.7,59.9,70.5,7.05,1781,300,2.41,58450,5,70500,20.6,5,5,5,5,5,Poor,True
Banana,1.0,25.2,71.9,8.8,1364.0,141.4,40.5,46.7,18.28,1432,263,1.08,13536,45,45700,237.6,100,5,100,100,100,Poor,True
Banana,5.0,34.4,69.9,6.5,1541.0,132.6,85.2,52.2,35.31,1427,264,9.15,76453,99,441375,477.3,100,100,100,100,100,Good,True
Banana,1.0,35.6,64.0,6.02,1441.0,171.8,42.2,34.3,35.82,1386,271,1.76,13070,99,89550,585.2,100,100,100,100,100,Good,True
Banana,10.0,25.4,62.5,6.81,1695.0,164.7,72.5,99.5,35.85,1387,272,18.51,154486,99,896250,480.1,100,100,100,100,100,Good,True
Banana,6.25,11.5,98.4,6.1,1886.0,8.7,76.6,27.9,13.02,1823,308,5.23,89061,24,203438,128.4,5,100,5,100,5,Poor,True
Banana,2.0,24.3,65.5,6.37,1200.0,188.1,99.2,40.8,35.38,1406,266,3.56,29343,99,176900,502.9,100,100,100,100,100,Good,True
Banana,1.0,7.8,24.8,4.99,3000.0,11.2,55.1,90.5,7.54,1787,309,0.62,14828,7,18850,27.1,5,23,5,5,5,Poor,True
Banana,2.25,30.8,69.4,5.95,1126.0,121.7,59.6,60.1,37.0,1437,271,3.98,32152,99,208125,547.3,100,100,100,100,100,Good,True
Banana,3.5,35.1,50.2,6.36,2668.0,121.0,59.5,65.0,22.84,1612,270,4.35,50553,55,199850,295.3,100,100,63,34,100,Moderate,True
Banana,4.0,13.1,95.0,8.59,164.0,36.8,88.3,66.4,7.0,1816,304,2.47,60667,6,70000,15.4,5,5,5,5,5,Poor,True
Banana,4.0,21.4,53.3,7.13,112.0,79.8,33.7,26.2,16.44,1528,269,3.79,53414,35,164400,207.8,93,100,75,5,52,Poor,True
Banana,1.0,32.3,68.7,7.22,3057.0,167.7,74.6,22.9,18.06,1374,270,1.04,13495,44,45150,234.6,100,98,100,5,100,Poor,True
Banana,10.0,12.4,25.0,8.27,3000.0,18.9,96.0,94.8,7.38,1834,298,6.28,155890,6,184500,18.4,5,15,5,5,5,Poor,True
Banana,0.5,29.3,79.5,6.71,1364.0,159.4,47.4,24.4,35.5,1422,283,0.92,6691,99,44375,563.2,100,100,100,100,100,Good,True
Banana,4.0,29.2,63.6,6.18,1609.0,187.2,63.2,61.5,35.68,1402,269,6.87,60389,99,356800,490.8,100,100,100,100,100,Good,True
Banana,9.0,21.4,76.4,5.99,2159.0,192.4,48.8,52.0,32.43,1402,275,14.68,123980,86,729675,488.5,93,100,100,78,96,Good,True
Banana,6.25,43.0,31.8,8.2,3000.0,34.9,68.5,60.5,7.85,1773,305,4.18,90626,6,122656,35.3,17,21,5,5,5,Poor,True
Banana,6.25,40.7,71.8,8.12,264.0,154.7,43.9,28.7,14.48,1351,292,5.6,85970,29,226250,163.2,44,27,100,5,100,Poor,True
Banana,0.25,43.0,93.5,8.57,395.0,41.6,36.5,73.5,7.87,1759,298,0.15,3556,5,4919,38.3,17,5,14,5,7,Poor,True
Banana,3.0,23.2,68.8,7.13,1678.0,136.4,47.7,71.1,37.02,1384,268,5.44,41675,99,277650,566.2,100,100,100,100,100,Good,True
Banana,3.0,19.3,95.5,6.04,611.0,195.7,99.6,92.7,15.11,1726,278,2.83,46894,31,113325,141.7,68,100,5,23,89,Poor,True
Banana,1.0,7.3,13.1,4.46,96.0,15.1,53.7,93.4,6.9,1853,294,0.6,14699,5,17250,17.4,5,5,5,5,5,Poor,True
Banana,7.5,34.5,64.5,7.19,1192.0,128.0,77.2,93.2,35.13,1363,277,13.57,114053,99,658688,477.5,100,100,100,100,100,Good,True
Banana,2.25,44.0,63.7,6.46,1281.0,137.5,64.9,59.2,19.1,1392,302,2.44,32780,44,107438,227.8,5,100,100,100,100,Poor,True
Banana,12.25,28.8,75.8,5.66,648.0,63.8,89.5,26.4,20.78,1352,266,14.09,181710,50,636388,250.2,100,86,100,28,33,Moderate,True
Banana,4.0,31.5,64.3,6.12,1878.0,127.0,99.7,21.2,36.69,1372,270,7.2,57950,97,366900,533.1,100,100,100,100,100,Good,True
Banana,0.5,43.0,97.2,8.62,468.0,7.7,80.7,73.8,7.37,1804,300,0.31,7666,7,9212,20.2,17,5,5,5,5,Poor,True
Banana,2.0,13.1,29.5,4.4,89.0,32.1,64.7,76.4,6.87,1798,306,1.22,30383,5,34350,13.1,5,5,5,5,5,Poor,True
Banana,6.25,8.4,17.2,8.42,3000.0,36.2,81.2,90.3,6.76,1822,299,3.78,98710,5,105625,7.0,5,5,5,5,5,Poor,True
Banana,10.0,27.0,67.1,6.64,1552.0,168.2,33.8,99.8,36.12,1390,272,17.5,133681,99,903000,575.5,100,100,100,100,100,Good,True
Banana,16.0,13.1,19.4,4.1,145.0,16.5,80.4,93.1,6.74,1760,290,9.67,235459,5,269600,14.5,5,5,5,5,5,Poor,True
Banana,7.5,30.5,60.0,7.44,118.0,140.9,76.3,43.7,18.13,1385,275,8.11,111494,42,339938,204.9,100,81,100,5,100,Poor,True
Banana,1.0,37.8,76.4,5.81,1826.0,32.8,58.7,70.2,17.9,1428,276,1.06,14502,38,44750,208.6,78,100,100,100,5,Poor,True
Banana,3.0,30.5,78.3,6.54,1334.0,148.4,85.5,89.6,36.21,1372,269,5.49,45921,99,271575,491.4,100,100,100,100,100,Good,True
Banana,7.5,5.2,16.0,4.35,94.0,19.8,73.0,33.2,7.11,1872,301,4.62,109621,5,133312,21.6,5,5,5,5,5,Poor,True
Banana,7.5,10.1,10.7,4.51,70.0,6.9,38.9,48.4,7.22,1792,308,4.57,101894,5,135375,32.9,5,5,5,5,5,Poor,True
Banana,3.5,37.2,58.8,4.77,1726.0,181.4,97.7,89.3,17.82,1441,275,3.67,56962,40,155925,173.7,86,5,95,100,100,Poor,True
Banana,4.0,22.2,77.5,6.94,1566.0,166.6,42.6,61.3,36.51,1377,267,7.45,55313,99,365100,560.1,100,100,100,100,100,Good,True
Banana,5.0,44.0,84.9,6.82,1896.0,177.0,69.5,65.4,18.19,1548,301,5.17,74254,41,227375,206.2,5,100,69,100,100,Poor,True
Banana,1.0,43.0,96.4,4.89,353.0,17.9,94.3,42.0,7.48,1814,298,0.65,15043,7,18700,24.3,17,14,5,5,5,Poor,True
Banana,1.0,11.5,14.7,4.02,166.0,11.2,75.7,25.7,7.08,1819,298,0.61,14167,5,17700,24.9,5,5,5,5,5,Poor,True
Banana,3.0,33.5,62.7,6.83,1439.0,120.5,81.4,67.3,36.99,1399,270,5.6,46048,99,277425,502.5,100,100,100,100,100,Good,True
Banana,12.25,27.3,78.1,7.06,1629.0,165.7,72.7,43.4,35.71,1431,265,21.53,178016,99,1093619,514.3,100,100,100,100,100,Good,True
Banana,12.25,7.9,14.5,4.6,148.0,9.0,52.8,21.6,6.89,1801,294,7.22,163382,5,211006,29.1,5,5,5,5,5,Poor,True
Banana,6.25,21.1,61.7,7.5,144.0,170.1,40.9,33.1,18.15,1370,276,6.47,86927,41,283594,226.2,89,77,100,5,100,Poor,True
Banana,9.0,25.1,74.6,7.11,1184.0,156.6,74.6,83.5,35.26,1408,272,16.68,134137,99,793350,491.4,100,100,100,100,100,Good,True
Banana,3.0,7.5,14.2,8.38,489.0,39.5,74.5,56.5,7.04,1837,300,1.85,43158,8,52800,22.3,5,6,5,5,5,Poor,True
Banana,7.5,31.9,71.5,6.1,1848.0,158.6,64.1,49.6,34.75,1385,271,13.48,106082,99,651562,514.2,100,100,100,100,100,Good,True
Banana,1.0,9.0,71.0,6.9,1712.0,126.0,74.7,94.6,18.63,1410,295,1.1,14775,44,46575,215.2,5,100,100,100,100,Poor,True
Banana,2.25,43.0,21.3,4.13,81.0,16.5,64.4,58.5,7.27,1761,295,1.37,32171,6,40894,27.1,17,5,5,5,5,Poor,True
Banana,3.0,10.6,17.9,4.68,86.0,14.1,66.2,59.6,7.25,1774,302,1.76,42570,5,54375,27.7,5,5,5,5,5,Poor,True
Banana,12.25,25.5,62.9,4.13,1804.0,158.0,73.4,69.7,18.61,1410,271,13.02,176678,40,569931,222.6,100,5,100,100,100,Poor,True
Banana,6.25,30.1,68.7,6.71,1874.0,124.0,88.5,35.6,36.1,1360,271,10.95,93211,99,564062,505.1,100,100,100,100,100,Good,True
Banana,5.0,32.5,82.4,6.75,2240.0,191.2,69.6,28.7,30.99,1443,270,7.89,72565,79,387375,433.8,100,100,85,71,98,Good,True
Banana,6.25,43.0,14.5,8.84,489.0,28.7,58.0,31.7,7.25,1809,299,3.87,86197,5,113281,31.4,17,5,5,5,5,Poor,True
Banana,10.0,28.0,60.3,5.28,679.0,151.2,72.3,28.0,22.39,1379,264,12.15,143953,55,559750,288.8,100,50,100,33,100,Moderate,True
Banana,2.0,29.9,78.3,7.06,1317.0,155.1,86.2,48.2,35.8,1400,270,3.6,30108,99,179000,494.5,100,100,100,100,100,Good,True
Banana,9.0,43.0,97.6,8.58,3000.0,38.1,43.5,36.4,7.17,1819,295,5.68,124840,9,161325,29.2,17,5,5,5,5,Poor,True
Banana,1.5,13.8,96.3,8.43,3000.0,38.7,90.2,50.4,6.87,1844,305,0.91,22835,5,25762,12.8,5,5,5,5,5,Poor,True
Banana,0.25,28.4,73.8,6.39,1288.0,181.8,74.1,31.4,36.79,1385,266,0.45,3657,99,22994,528.8,100,100,100,100,100,Good,True
Banana,12.25,28.8,65.8,7.15,1784.0,183.2,86.2,84.1,35.3,1406,263,21.35,185883,99,1081062,481.6,100,100,100,100,100,Good,True
Banana,3.0,44.0,55.4,6.51,1308.0,178.0,76.4,81.7,17.56,1511,306,3.19,45039,39,131700,192.4,5,100,83,100,100,Poor,True
Banana,1.0,23.2,75.4,6.81,1329.0,129.1,55.0,85.3,35.82,1388,270,1.86,15012,97,89550,496.5,100,100,100,100,100,Good,True
Banana,12.25,22.9,79.0,6.15,1830.0,126.1,66.5,93.2,36.56,1397,272,22.03,182235,99,1119650,514.4,100,100,100,100,100,Good,True
Banana,2.0,39.7,51.8,7.84,1118.0,127.3,96.0,38.2,24.98,1520,275,2.67,30525,63,124900,309.2,56,49,69,100,100,Moderate,True
Banana,0.25,40.9,14.8,7.25,1323.0,19.1,79.0,46.5,13.39,1807,288,0.22,3576,26,8369,134.0,42,96,5,100,5,Poor,True
Banana,4.0,6.9,15.0,4.72,198.0,8.1,81.1,57.4,6.95,1790,298,2.45,60750,6,69500,14.4,5,5,5,5,5,Poor,True
Banana,0.5,10.6,97.6,8.79,3000.0,19.3,36.2,79.7,7.07,1725,299,0.3,7158,5,8838,23.5,5,5,5,5,5,Poor,True
Banana,1.0,23.4,65.4,6.87,1864.0,136.3,54.4,73.5,36.7,1383,271,1.79,14524,99,91750,531.7,100,100,100,100,100,Good,True
Banana,0.25,31.0,23.5,6.96,1074.0,177.5,61.1,55.7,18.12,1865,275,0.27,3589,40,11325,215.5,100,100,5,96,100,Poor,True
Banana,6.25,30.9,64.6,6.66,1695.0,127.2,43.5,27.8,36.65,1395,266,11.38,86635,99,572656,561.0,100,100,100,100,100,Good,True
Banana,16.0,28.0,55.1,4.2,1363.0,160.1,71.6,65.2,18.05,1465,277,17.53,243446,43,722000,196.6,100,5,81,100,100,Poor,True
Banana,5.0,43.0,16.0,4.55,402.0,43.0,61.5,93.9,7.25,1777,292,3.03,76280,7,90625,18.8,17,5,5,5,9,Poor,True
Banana,0.25,26.6,69.6,6.0,1433.0,187.7,76.6,53.1,35.43,1397,266,0.44,3675,99,22144,502.6,100,100,100,100,100,Good,True
Banana,3.5,24.9,58.4,8.67,1354.0,136.6,77.2,91.7,18.65,1401,272,3.76,51930,44,163187,214.2,100,5,94,100,100,Poor,True
Banana,12.25,26.2,18.7,6.43,1732.0,125.1,85.3,95.0,18.53,1787,270,13.2,187417,45,567481,202.8,100,100,5,100,100,Poor,True
Banana,3.0,43.0,93.1,8.39,254.0,32.9,86.4,78.3,7.47,1715,291,1.86,46202,9,56025,21.3,17,6,17,5,5,Poor,True
Banana,2.0,22.3,70.8,6.73,1560.0,161.7,78.0,83.7,37.17,1419,270,3.5,31327,98,185850,493.3,100,100,100,100,100,Good,True
Banana,10.0,24.9,75.1,6.77,1567.0,127.1,97.8,77.6,35.66,1415,273,18.43,161433,99,891500,452.2,100,100,100,100,100,Good,True
Banana,2.0,23.0,71.2,7.0,1550.0,175.7,33.8,41.6,36.85,1431,277,3.65,27368,99,184250,573.2,100,100,100,100,100,Good,True
Banana,2.0,7.4,10.0,4.06,198.0,10.9,56.0,56.3,7.13,1811,299,1.2,28176,6,35650,26.5,5,5,5,5,5,Poor,True
Banana,2.25,37.9,61.5,6.58,890.0,140.6,78.6,56.9,29.68,1383,277,3.48,33622,77,166950,396.5,78,100,100,67,100,Good,True
Banana,7.5,28.5,78.8,6.66,1153.0,138.1,59.3,71.4,36.62,1383,269,13.96,109793,99,686625,525.4,100,100,100,100,100,Good,True
Banana,0.25,22.9,75.3,6.9,1579.0,130.4,83.9,94.2,35.05,1410,273,0.45,3745,99,21906,484.9,100,100,100,100,100,Good,True
Banana,3.5,26.1,76.7,7.15,1812.0,154.4,55.4,56.6,35.62,1385,267,6.42,51063,99,311675,510.4,100,100,100,100,100,Good,True
Banana,2.25,31.1,84.4,7.39,967.0,80.2,43.5,31.1,24.85,1503,268,3.11,30946,66,139781,351.7,100,85,72,79,53,Moderate,True
Banana,0.5,36.5,50.9,5.24,2016.0,115.6,75.0,58.4,23.89,1558,271,0.65,7447,63,29862,301.0,94,46,65,90,95,Moderate,True
Banana,0.25,39.1,80.6,6.56,1644.0,200.1,51.1,81.2,29.21,1447,282,0.38,3596,77,18256,407.7,63,100,96,100,81,Good,True
Banana,2.0,28.1,61.1,6.42,1822.0,167.5,53.6,54.7,34.75,1442,269,3.49,27857,99,173750,523.7,100,100,100,100,100,Good,True
Banana,5.0,24.3,64.7,4.49,1156.0,128.9,46.9,24.4,18.23,1341,265,5.39,70138,44,227875,224.9,100,5,100,100,100,Poor,True
Banana,5.0,28.4,72.9,5.87,1129.0,179.4,84.8,91.3,36.68,1381,269,9.05,76525,98,458500,499.2,100,100,100,100,100,Good,True
Banana,1.5,22.9,73.1,6.65,1249.0,156.5,59.8,76.2,36.62,1372,271,2.66,21239,99,137325,546.6,100,100,100,100,100,Good,True
Banana,4.0,21.9,53.7,5.56,1008.0,100.8,38.2,76.2,28.73,1516,266,6.31,54291,79,287300,429.2,99,77,76,86,77,Good,True
Banana,2.25,17.1,53.5,5.31,2232.0,113.8,74.6,89.1,22.8,1505,294,2.83,34842,54,128250,268.1,42,54,75,71,93,Moderate,True
Banana,2.0,34.8,62.6,7.01,1511.0,132.5,88.7,87.0,36.09,1416,272,3.66,30591,98,180450,489.9,100,100,100,100,100,Good,True
Banana,6.25,43.0,40.1,8.25,2702.0,43.9,88.5,21.0,9.78,1685,295,4.46,92415,13,152812,65.4,17,17,24,31,10,Poor,True
Banana,7.5,31.0,47.8,7.27,1841.0,218.2,44.3,90.0,24.66,1573,265,10.12,107524,65,462375,330.0,100,95,54,100,47,Moderate,True
Banana,6.25,7.7,15.4,4.0,124.0,12.9,74.4,86.6,7.14,1779,301,3.88,93795,5,111562,18.9,5,5,5,5,5,Poor,True
Banana,10.0,34.4,70.7,6.07,1896.0,141.8,40.4,36.2,35.67,1364,270,18.62,135769,99,891750,556.8,100,100,100,100,100,Good,True
Banana,16.0,43.0,97.3,8.79,247.0,14.9,89.3,56.8,7.4,1855,292,10.12,244380,6,296000,21.1,17,5,5,5,5,Poor,True
Banana,7.5,32.2,88.1,7.15,1132.0,203.6,53.2,24.7,26.24,1582,275,10.42,101570,67,492000,384.4,100,100,49,100,74,Moderate,True
Banana,7.5,25.5,67.5,6.49,1360.0,185.8,38.3,56.8,36.68,1390,271,13.68,105633,99,687750,551.1,100,100,100,100,100,Good,True
Banana,0.25,17.4,76.8,5.26,2222.0,86.1,88.8,71.2,22.04,1407,290,0.31,3828,57,13775,259.8,45,49,100,72,60,Moderate,True
Banana,9.0,34.6,53.3,6.01,1015.0,178.5,77.7,55.4,31.04,1563,269,14.5,132384,81,698400,427.6,100,100,75,87,100,Good,True
Banana,1.0,43.0,93.2,8.58,339.0,11.7,90.4,60.9,7.75,1788,301,0.63,15779,7,19375,22.8,17,5,17,5,5,Poor,True
Banana,4.0,28.7,72.6,6.78,1837.0,181.1,31.3,73.6,35.44,1400,275,7.27,56616,99,354400,526.0,100,100,100,100,100,Good,True
Banana,5.0,30.4,87.9,6.45,1324.0,192.3,64.3,61.4,27.15,1680,274,7.46,72260,70,339375,369.7,100,100,50,100,96,Moderate,True
Banana,16.0,32.5,84.9,6.04,254.0,123.8,47.9,37.3,17.71,1572,265,17.02,217545,40,708400,225.6,100,100,69,5,100,Poor,True
Banana,0.25,30.0,58.7,8.99,1387.0,121.3,67.7,54.5,18.46,1379,266,0.28,3625,41,11538,218.3,100,5,95,100,100,Poor,True
Banana,3.0,18.1,60.1,7.99,1665.0,125.5,42.4,98.9,22.93,1414,276,3.97,43200,58,171975,298.1,53,37,100,100,100,Moderate,True
Banana,0.5,23.7,64.6,7.07,1089.0,11.6,78.7,21.0,18.46,1328,272,0.55,7332,43,23075,214.7,100,100,100,98,5,Poor,True
Banana,12.25,43.0,94.6,8.61,87.0,43.3,86.1,37.3,7.33,1758,307,7.67,184038,6,224481,22.0,17,5,7,5,9,Poor,True
Banana,7.5,34.4,80.1,7.04,436.0,193.9,34.6,46.2,18.35,1419,273,7.92,102801,42,344062,234.7,100,100,99,5,93,Poor,True
Banana,10.0,34.7,41.0,7.62,1755.0,65.6,61.2,78.5,19.64,1678,261,11.25,149225,43,491000,229.0,100,67,28,100,35,Moderate,True
Banana,0.25,13.7,93.9,4.75,3000.0,40.6,33.9,42.3,7.14,1794,306,0.15,3366,5,4462,32.6,5,5,12,5,6,Poor,True
Banana,3.0,37.8,26.6,6.11,1576.0,158.7,56.2,65.6,17.84,1833,284,3.09,43750,40,133800,205.8,79,100,5,100,100,Poor,True
Banana,3.0,40.0,50.6,7.16,2721.0,170.5,74.7,57.5,20.29,1548,293,3.44,44810,48,152175,239.6,53,100,64,29,100,Moderate,True
Banana,7.5,31.3,78.3,7.0,1830.0,188.9,67.7,83.7,35.01,1393,269,13.15,114928,98,656438,471.2,100,100,100,100,100,Good,True
Banana,3.5,6.9,20.4,4.71,91.0,18.7,81.4,42.5,6.88,1843,307,2.1,51926,5,60200,15.9,5,5,5,5,5,Poor,True
Banana,1.5,27.1,60.7,6.18,1113.0,149.7,48.3,81.6,35.41,1369,268,2.76,21535,99,132788,516.6,100,100,100,100,100,Good,True
Banana,16.0,43.0,96.8,4.91,500.0,33.0,78.0,54.7,7.34,1839,299,10.24,230981,7,293600,27.1,17,15,5,5,5,Poor,True
Banana,1.5,37.1,85.9,5.56,2197.0,56.3,88.9,67.7,19.31,1523,276,1.64,22331,45,72412,224.3,87,77,63,74,24,Poor,True
Banana,3.5,37.7,58.5,5.93,2209.0,114.8,31.5,60.0,28.85,1424,282,5.32,46014,81,252438,448.6,79,100,94,73,94,Good,True
Banana,7.5,25.2,73.8,6.6,1522.0,159.5,99.5,96.6,34.35,1429,270,13.75,121154,99,644062,431.6,100,100,100,100,100,Good,True
Banana,7.5,31.7,56.8,7.19,1296.0,201.0,33.5,53.8,31.83,1473,271,12.44,102630,85,596812,481.5,100,100,88,100,79,Good,True
Banana,4.0,20.7,80.6,6.63,2834.0,95.5,94.6,25.8,19.66,1436,271,4.46,60187,46,196600,226.6,85,100,96,19,71,Moderate,True
Banana,10.0,13.7,96.2,8.53,3000.0,12.3,30.1,91.1,7.28,1753,298,6.05,144115,7,182000,26.3,5,5,5,5,5,Poor,True
Banana,12.25,23.0,84.1,5.8,2589.0,104.6,62.8,64.6,23.82,1522,275,16.02,182571,60,729488,299.6,100,100,74,41,82,Moderate,True
Banana,16.0,23.7,79.5,5.86,1433.0,154.5,32.1,79.2,36.64,1387,270,28.62,227825,99,1465600,543.3,100,100,100,100,100,Good,True
Banana,10.0,28.5,61.4,6.19,1660.0,146.2,82.1,47.6,35.87,1353,270,18.19,146715,99,896750,511.2,100,100,100,100,100,Good,True
Banana,6.25,7.2,96.2,8.61,375.0,6.5,34.1,26.7,6.77,1784,304,3.87,82937,6,105781,27.5,5,5,5,5,5,Poor,True
Banana,16.0,5.6,17.9,4.69,64.0,10.2,69.1,54.8,6.7,1761,299,9.65,234709,5,268000,14.2,5,5,5,5,5,Poor,True
Banana,3.0,43.0,95.3,8.27,328.0,13.2,55.4,67.9,7.72,1822,297,1.82,42851,9,57900,35.1,17,15,5,5,5,Poor,True
Banana,2.0,29.4,50.5,7.94,1796.0,87.1,32.7,20.8,22.83,1583,272,2.56,25300,59,114150,351.2,100,41,64,100,61,Moderate,True
Banana,0.25,12.7,18.1,4.19,89.0,14.3,39.4,31.6,6.89,1792,297,0.15,3373,6,4306,27.7,5,5,5,5,5,Poor,True
Banana,1.0,29.4,73.6,6.25,1308.0,170.3,94.4,58.9,35.09,1457,274,1.82,15183,99,87725,477.8,100,100,100,100,100,Good,True
Banana,5.0,17.8,65.3,7.31,2802.0,201.8,83.2,24.4,18.89,1455,287,5.62,73528,43,236125,221.1,50,91,100,22,78,Moderate,True
Banana,6.25,8.6,93.9,8.38,188.0,15.8,74.4,29.4,6.86,1749,308,3.87,88243,5,107188,21.5,5,6,12,5,5,Poor,True
Banana,3.5,34.8,70.8,8.6,1169.0,160.3,72.1,82.3,18.97,1392,277,3.84,52964,39,165988,213.4,100,5,100,100,100,Poor,True
Banana,3.5,28.0,60.7,5.91,1188.0,220.8,77.1,49.7,24.78,1423,266,4.66,51097,64,216825,324.3,100,100,100,100,41,Moderate,True
Banana,3.0,13.8,12.1,4.44,184.0,19.7,86.4,39.9,6.66,1771,305,1.79,45261,5,49950,10.4,5,5,5,5,5,Poor,True
Banana,10.0,25.0,77.9,6.92,1709.0,158.3,93.4,36.4,36.97,1434,276,17.38,150326,98,924250,514.8,100,100,100,100,100,Good,True
Banana,0.5,19.5,55.4,5.08,1535.0,23.5,52.4,33.3,15.05,1426,280,0.47,6917,33,18812,172.0,70,31,82,100,5,Poor,True
Banana,0.5,29.1,69.8,4.12,1134.0,141.1,40.3,38.8,18.2,1427,266,0.55,6717,41,22750,238.7,100,5,100,100,100,Poor,True
Banana,2.0,11.3,11.0,4.16,102.0,16.1,85.4,90.9,6.68,1752,300,1.19,31316,9,33400,6.7,5,5,5,5,5,Poor,True
Banana,5.0,38.7,48.0,5.51,2291.0,134.8,52.8,55.0,24.37,1576,288,6.43,71906,63,304625,323.6,67,73,55,66,100,Moderate,True
Banana,1.5,20.8,45.1,7.53,2757.0,123.8,68.6,59.3,19.37,1606,279,1.65,21527,43,72638,237.4,86,74,43,26,100,Moderate,True
Banana,4.0,26.7,66.0,6.4,1739.0,143.3,92.1,49.9,36.54,1415,272,7.27,61089,99,365400,498.1,100,100,100,100,100,Good,True
Banana,12.25,28.4,78.3,6.29,1605.0,158.9,30.9,76.8,35.94,1388,267,21.98,168744,98,1100662,552.3,100,100,100,100,100,Good,True
Banana,2.25,12.7,13.3,4.26,128.0,20.0,51.3,61.5,6.8,1835,297,1.36,32075,6,38250,19.3,5,5,5,5,5,Poor,True
Banana,16.0,34.2,53.6,7.42,831.0,55.8,72.9,43.4,19.58,1504,271,18.43,224216,45,783200,249.3,100,82,76,57,24,Moderate,True
Banana,0.5,37.9,78.0,5.32,940.0,227.3,63.3,74.3,20.4,1382,274,0.53,7289,46,25500,249.8,78,55,100,75,29,Moderate,True
Banana,0.5,24.8,45.4,7.19,1264.0,176.2,41.1,50.3,26.04,1611,267,0.68,6803,66,32550,378.5,100,100,45,100,100,Moderate,True
Banana,5.0,43.0,95.9,4.02,3000.0,37.6,56.6,61.9,7.27,1741,294,3.1,69772,5,90875,30.2,17,5,5,5,5,Poor,True
Banana,12.25,32.2,64.5,4.28,1621.0,148.1,59.3,80.5,18.12,1419,269,12.88,181984,42,554925,204.9,100,5,100,100,100,Poor,True
Banana,10.0,43.0,34.9,4.06,347.0,49.5,45.1,44.1,7.65,1771,297,6.45,129646,7,191250,47.5,17,5,5,5,16,Poor,True
Banana,12.25,30.5,64.9,6.79,1225.0,140.3,36.7,92.4,34.7,1394,265,21.28,174309,98,1062688,509.7,100,100,100,100,100,Good,True
Banana,1.5,20.4,55.9,5.26,1534.0,66.4,50.0,95.5,21.98,1441,279,1.88,21983,54,82425,274.9,81,49,84,100,36,Moderate,True
Banana,3.0,34.7,85.9,6.0,1598.0,190.9,63.4,47.0,30.09,1578,273,4.57,42768,78,225675,427.7,100,100,63,100,98,Good,True
Banana,12.25,35.5,66.1,6.0,1405.0,121.1,56.6,75.8,35.99,1398,273,22.61,181697,99,1102194,506.6,100,100,100,100,100,Good,True
Banana,0.25,30.1,75.6,7.25,1140.0,29.4,59.5,78.9,18.55,1408,279,0.27,3732,43,11594,210.7,100,96,100,100,5,Poor,True
Banana,4.0,5.8,19.9,4.79,138.0,12.1,66.8,88.9,6.77,1794,299,2.43,63347,7,67700,6.9,5,5,5,5,5,Poor,True
Banana,2.0,26.3,77.0,6.93,1781.0,123.0,78.3,87.9,36.02,1449,270,3.57,30352,99,180100,493.4,100,100,100,100,100,Good,True
Banana,5.0,24.2,74.8,5.86,1629.0,160.0,47.4,34.7,35.72,1367,272,9.02,68619,99,446500,550.7,100,100,100,100,100,Good,True
Banana,1.0,21.9,72.0,6.84,2657.0,191.9,95.5,64.1,23.75,1372,270,1.29,15006,60,59375,295.7,99,100,100,35,96,Moderate,True
Banana,9.0,44.9,81.8,7.52,1999.0,155.3,98.9,89.5,17.36,1471,293,9.3,142447,39,390600,174.2,5,74,88,91,100,Poor,True
Banana,9.0,33.9,64.1,6.92,3066.0,187.2,89.2,80.8,19.32,1392,271,9.76,141149,42,434700,208.0,100,100,100,5,100,Poor,True
Banana,2.25,43.0,30.5,4.63,475.0,40.3,84.0,86.5,7.15,1793,289,1.4,35247,10,40219,14.1,17,5,5,5,5,Poor,True
Banana,2.0,39.9,81.8,7.64,1050.0,227.1,77.4,84.0,20.72,1418,279,2.25,31089,47,103600,233.2,53,65,89,92,30,Moderate,True
Banana,7.5,33.1,78.5,5.93,1887.0,142.1,39.2,65.3,36.02,1366,276,13.57,102546,99,675375,558.6,100,100,100,100,100,Good,True
Banana,10.0,11.9,95.8,4.04,334.0,6.7,56.9,87.9,7.07,1812,306,6.18,145705,5,176750,21.3,5,5,5,5,5,Poor,True
Banana,12.25,7.6,93.7,8.69,293.0,38.8,47.2,72.1,7.31,1745,300,7.48,176159,8,223869,27.1,5,5,13,5,5,Poor,True
Banana,9.0,44.0,72.0,6.16,1600.0,170.9,93.9,45.3,18.91,1432,299,9.28,137114,44,425475,210.3,5,100,100,100,100,Poor,True
Banana,3.5,25.8,66.3,5.97,1386.0,145.9,32.4,66.5,35.95,1376,275,6.23,47997,99,314563,555.4,100,100,100,100,100,Good,True
Banana,5.0,28.8,76.3,6.97,1847.0,134.2,72.9,25.9,36.4,1375,265,9.04,69342,99,455000,556.2,100,100,100,100,100,Good,True
Banana,2.25,24.7,78.0,7.0,1441.0,136.9,45.0,33.4,35.43,1397,275,3.99,30512,98,199294,553.2,100,100,100,100,100,Good,True
Banana,3.5,40.5,60.9,6.24,2411.0,163.5,67.0,69.2,25.29,1428,289,4.76,53283,65,221288,315.3,47,100,100,56,100,Moderate,True
Banana,0.25,18.2,60.4,6.59,694.0,171.4,77.3,85.8,22.92,1382,283,0.32,3785,56,14325,278.5,55,100,100,36,100,Moderate,True
Banana,10.0,31.5,62.1,6.46,1742.0,145.0,77.4,95.5,35.23,1392,270,17.82,152959,98,880750,475.8,100,100,100,100,100,Good,True
Banana,12.25,40.6,78.4,6.59,1212.0,6.2,34.8,90.8,16.29,1377,284,12.66,170748,37,498881,192.2,46,100,100,100,5,Poor,True
Banana,0.25,29.3,67.4,7.58,1075.0,129.4,30.3,28.0,30.78,1440,271,0.4,3255,79,19238,491.0,100,70,100,96,100,Good,True
Banana,1.5,37.8,76.0,7.27,1926.0,31.1,94.0,36.3,17.91,1383,277,1.58,22639,40,67162,196.7,79,94,100,98,5,Poor,True
Banana,1.0,35.6,75.6,6.63,1468.0,126.8,58.0,39.6,35.98,1401,272,1.77,13451,99,89950,568.7,100,100,100,100,100,Good,True
Banana,2.25,43.9,56.0,6.54,1068.0,111.7,65.4,40.9,17.88,1502,305,2.44,32688,42,100575,207.7,6,100,85,95,90,Poor,True
Banana,12.25,28.5,78.0,5.96,1880.0,120.6,83.9,36.8,36.73,1449,270,22.29,182664,99,1124856,515.8,100,100,100,100,100,Good,True
Banana,1.5,37.6,56.0,6.91,110.0,162.9,42.2,88.7,17.48,1487,281,1.56,21279,40,65550,208.1,81,100,85,5,100,Poor,True
Banana,5.0,21.5,80.2,7.21,497.0,129.8,90.5,82.5,18.75,1372,263,5.32,78083,41,234375,200.2,95,99,99,5,100,Poor,True
Banana,2.25,30.3,29.4,6.22,1856.0,153.3,77.9,60.3,18.76,1812,271,2.47,33230,45,105525,217.6,100,100,5,100,100,Poor,True
Banana,0.5,32.0,45.8,5.88,1871.0,190.3,86.1,38.6,25.99,1572,264,0.72,7368,69,32487,340.9,100,100,46,100,99,Moderate,True
Banana,10.0,37.7,75.9,7.7,2865.0,111.4,92.4,75.9,17.62,1395,273,10.55,154822,43,440500,184.5,80,61,100,17,90,Poor,True
Banana,1.5,33.8,71.8,6.11,1368.0,130.5,33.3,67.3,35.22,1383,273,2.66,19990,99,132075,560.7,100,100,100,100,100,Good,True
Banana,10.0,27.7,78.3,7.27,3098.0,157.3,65.9,83.0,17.94,1436,275,10.95,147992,43,448500,203.1,100,95,100,5,100,Poor,True
Banana,3.0,30.0,78.0,5.83,1150.0,131.4,42.4,64.4,35.58,1411,276,5.32,41499,99,266850,543.0,100,100,100,100,100,Good,True
Banana,3.0,34.5,66.4,5.54,2732.0,155.8,68.9,96.9,21.95,1417,275,3.7,44233,53,164625,272.2,100,76,100,28,100,Moderate,True
Banana,2.25,31.5,68.4,6.71,1424.0,132.2,34.6,62.0,37.29,1388,266,4.12,31687,99,209756,562.0,100,100,100,100,100,Good,True
Banana,9.0,33.0,78.6,6.79,176.0,124.9,79.9,75.4,18.23,1406,273,10.19,140116,46,410175,192.7,100,100,100,5,100,Poor,True
Banana,7.5,22.6,65.0,6.72,1840.0,139.0,46.0,29.8,36.04,1373,270,13.25,102288,99,675750,560.6,100,100,100,100,100,Good,True
Banana,4.0,43.6,42.1,7.46,997.0,1.5,34.0,74.9,12.36,1712,296,3.34,57395,25,123600,115.3,10,80,32,84,5,Poor,True
Banana,10.0,9.3,16.5,6.64,1399.0,150.2,51.6,76.3,15.16,1860,300,9.53,143731,36,379000,163.7,5,100,5,100,100,Poor,True
Banana,4.0,29.4,76.1,6.96,1168.0,125.5,90.8,59.5,35.48,1447,276,6.99,62533,99,354800,467.4,100,100,100,100,100,Good,True
Banana,3.5,26.9,61.3,5.85,1714.0,83.4,52.0,63.6,28.29,1395,273,5.11,51218,73,247538,383.3,100,100,100,100,57,Moderate,True
Banana,5.0,8.7,17.1,5.59,2455.0,4.8,45.3,88.6,10.56,1852,293,3.7,71879,16,132000,83.6,5,80,5,52,5,Poor,True
Banana,10.0,38.4,75.1,5.87,1061.0,220.5,38.1,47.5,24.26,1412,272,13.3,138611,62,606500,337.6,72,100,100,94,42,Moderate,True
Banana,0.25,39.6,25.1,5.98,1704.0,113.3,30.7,47.5,16.8,1801,280,0.26,3313,37,10500,216.9,57,100,5,100,92,Poor,True
Banana,16.0,6.8,22.6,8.25,444.0,29.4,31.3,37.2,7.16,1815,303,10.01,214158,6,286400,33.7,5,17,5,5,5,Poor,True
Banana,6.25,26.9,61.1,5.88,1318.0,159.6,61.4,22.6,34.38,1390,270,11.3,88375,99,537188,507.9,100,100,100,100,100,Good,True
Banana,4.0,20.2,54.4,7.75,1082.0,223.8,32.1,65.3,21.05,1488,274,4.6,54894,54,210500,283.5,79,56,79,97,36,Moderate,True
Banana,7.5,13.1,31.1,8.73,339.0,41.7,32.5,57.2,7.2,1815,298,4.42,103903,6,135000,29.9,5,5,5,5,7,Poor,True
Banana,9.0,29.4,95.5,5.65,1240.0,124.5,55.5,75.7,17.77,1828,277,9.69,126921,43,399825,215.0,100,86,5,100,100,Poor,True
Banana,16.0,32.6,78.4,6.43,1275.0,38.5,30.5,78.9,18.65,1394,271,16.86,220159,43,746000,238.8,100,100,100,100,5,Poor,True
Banana,2.0,21.9,83.6,6.84,2073.0,161.1,92.7,75.2,30.83,1491,275,3.21,30917,83,154150,398.6,99,100,77,85,100,Good,True
Banana,0.25,25.7,46.9,6.0,1874.0,65.9,92.1,48.1,22.7,1567,269,0.31,3807,56,14188,272.7,100,100,50,100,36,Moderate,True
Banana,0.5,14.6,28.6,4.14,2869.0,142.1,59.5,46.0,10.11,1840,301,0.38,7496,18,12638,68.6,13,5,5,16,100,Poor,True
Banana,3.5,33.5,72.1,6.57,1769.0,138.6,34.8,45.0,36.55,1400,271,6.39,47310,98,319812,576.0,100,100,100,100,100,Good,True
Banana,16.0,12.7,93.2,8.77,122.0,6.3,57.7,36.2,7.11,1762,308,9.57,223864,7,284400,27.0,5,5,17,5,5,Poor,True
Banana,12.25,30.9,73.4,6.41,1928.0,34.2,87.9,32.0,18.66,1392,273,13.23,178522,41,571462,220.1,100,100,100,98,5,Poor,True
Banana,0.5,9.3,61.6,6.42,1903.0,186.6,53.7,70.5,17.96,1435,302,0.54,7485,43,22450,199.9,5,100,100,100,100,Poor,True
Banana,3.5,21.8,40.4,5.18,245.0,159.1,45.8,98.4,14.4,1727,263,3.24,50606,29,126000,149.0,97,41,25,5,100,Poor,True
Banana,10.0,28.9,79.6,6.33,1491.0,164.6,96.9,49.0,35.66,1358,280,18.12,156431,99,891500,469.9,100,100,100,100,100,Good,True
Banana,1.5,16.1,29.9,4.51,1028.0,100.9,79.2,22.2,12.64,1777,289,1.27,22145,23,47400,114.0,30,5,5,89,77,Poor,True
Banana,0.5,23.2,64.5,6.55,1204.0,130.7,68.7,28.2,36.88,1353,271,0.91,7270,99,46100,534.1,100,100,100,100,100,Good,True
Banana,0.25,26.6,76.4,6.5,1467.0,164.3,39.9,50.2,34.36,1350,272,0.45,3445,98,21475,523.4,100,100,100,100,100,Good,True
Banana,3.0,43.0,21.9,4.27,3000.0,44.0,55.3,77.3,7.29,1811,303,1.86,42122,7,54675,29.8,17,5,5,5,10,Poor,True
Banana,3.0,35.6,62.1,4.31,1274.0,181.9,34.1,60.2,18.64,1433,273,3.13,40427,43,139800,245.8,100,5,100,100,100,Poor,True
Banana,3.5,35.5,92.3,4.11,719.0,0.4,56.3,47.8,11.7,1737,270,2.75,50010,19,102375,104.7,100,5,22,40,5,Poor,True
Banana,16.0,21.9,56.5,5.97,1160.0,64.5,72.0,63.8,22.73,1459,272,19.69,234678,58,909200,287.4,99,100,87,100,34,Moderate,True
Banana,1.0,22.6,68.9,6.93,1180.0,127.4,72.3,52.5,35.59,1443,270,1.79,14643,99,88975,507.6,100,100,100,100,100,Good,True
Banana,5.0,43.0,93.2,4.12,3000.0,33.5,86.2,42.4,7.67,1755,293,3.16,73931,5,95875,29.7,17,5,17,5,5,Poor,True
Banana,16.0,8.8,45.2,4.8,522.0,127.5,66.1,95.7,11.02,1658,303,12.37,247734,18,440800,77.9,5,5,44,8,100,Poor,True
Banana,0.5,25.6,67.7,6.28,1496.0,154.2,99.4,78.7,35.52,1420,271,0.94,7610,99,44400,483.4,100,100,100,100,100,Good,True
Banana,3.0,35.3,41.1,7.47,1277.0,65.1,77.2,47.7,20.23,1735,267,3.57,43369,51,151725,249.8,100,79,28,100,35,Moderate,True
Banana,2.0,26.5,76.9,7.18,2512.0,127.8,84.9,33.2,26.18,1416,268,2.89,29525,69,130900,343.4,100,100,100,47,100,Moderate,True
Banana,0.5,10.7,10.3,8.23,2843.0,195.8,35.6,22.4,10.17,1831,306,0.37,6744,15,12712,88.5,5,19,5,19,89,Poor,True
Banana,0.25,34.1,66.1,6.15,1147.0,137.5,45.9,82.6,35.11,1440,269,0.45,3595,99,21944,510.4,100,100,100,100,100,Good,True
Banana,3.5,43.0,93.4,8.71,3000.0,47.2,53.6,25.2,7.71,1742,299,2.22,48820,6,67462,38.2,17,5,15,5,14,Poor,True
Banana,2.0,30.5,79.8,7.85,2462.0,199.1,50.8,66.4,25.24,1392,270,2.7,28752,61,126200,338.9,100,49,100,51,83,Moderate,True
Banana,2.25,32.5,75.9,6.76,1136.0,154.1,54.9,96.6,35.45,1363,274,4.03,33869,99,199406,488.8,100,100,100,100,100,Good,True
Banana,3.0,13.7,96.6,8.34,258.0,41.5,78.2,67.5,7.18,1823,291,1.78,45707,5,53850,17.8,5,10,5,5,7,Poor,True
Banana,3.5,33.3,20.3,6.44,1195.0,187.0,69.6,95.2,18.73,1826,272,3.8,53595,43,163888,205.8,100,100,5,100,100,Poor,True
Banana,2.25,17.9,78.0,6.36,712.0,52.4,48.3,24.5,17.96,1415,297,2.33,29629,38,101025,241.0,51,100,100,39,20,Poor,True
Banana,3.0,43.0,27.3,8.49,3000.0,5.6,42.1,33.6,7.46,1770,295,1.86,40951,6,55950,36.6,17,5,5,5,5,Poor,True
Banana,16.0,29.7,63.8,7.01,1140.0,147.1,52.6,93.3,36.57,1391,268,29.9,237117,99,1462800,516.9,100,100,100,100,100,Good,True
Banana,6.25,27.5,69.5,7.1,1470.0,71.6,76.3,26.4,24.43,1438,261,8.29,90443,64,381719,322.1,100,100,100,100,43,Moderate,True
Banana,6.25,43.0,16.3,4.91,287.0,9.3,47.3,98.2,7.79,1822,295,3.94,92810,5,121719,31.1,17,15,5,5,5,Poor,True
Banana,16.0,43.0,95.8,8.34,340.0,39.2,97.2,91.1,7.36,1793,296,10.06,254056,5,294400,15.9,17,10,5,5,5,Poor,True
Banana,2.0,31.8,60.3,6.55,1775.0,170.9,68.0,84.1,35.92,1393,277,3.52,29140,99,179600,516.3,100,100,100,100,100,Good,True
Banana,4.0,28.0,46.2,6.61,2865.0,182.9,59.6,72.9,19.03,1670,265,4.34,59609,45,190300,219.2,100,100,48,17,100,Poor,True
Banana,10.0,30.8,53.0,6.73,943.0,228.6,54.8,96.2,21.39,1519,266,12.06,149712,51,534750,257.2,100,100,73,75,27,Moderate,True
Banana,9.0,37.0,97.3,6.93,1926.0,159.4,49.9,42.2,18.72,1835,272,9.61,123126,41,421200,242.1,88,100,5,98,100,Poor,True
Banana,4.0,31.1,58.4,6.6,2311.0,223.6,58.6,95.4,22.91,1433,274,5.08,59747,58,229100,283.5,100,100,94,65,36,Moderate,True
Banana,1.0,30.0,80.2,6.16,3093.0,124.9,56.8,46.5,18.24,1437,270,1.07,14074,44,45600,224.0,100,100,99,5,100,Poor,True
Banana,4.0,6.9,33.5,5.76,2260.0,15.6,90.7,90.9,11.44,1789,305,3.24,63131,21,114400,81.2,5,97,5,69,5,Poor,True
Banana,16.0,23.7,56.2,4.2,1795.0,163.0,54.9,90.6,18.15,1472,269,17.08,235102,42,726000,208.8,100,5,86,100,100,Poor,True
Banana,5.0,12.9,15.8,4.14,115.0,5.1,66.5,70.3,6.94,1830,306,3.0,72724,5,86750,19.3,5,5,5,5,5,Poor,True
Banana,7.5,33.9,80.6,6.09,1583.0,110.8,83.5,28.6,34.16,1380,270,13.17,108020,92,640500,492.9,100,100,96,100,89,Good,True
Banana,0.25,20.3,97.6,6.14,1185.0,149.0,77.8,31.3,17.69,1822,280,0.26,3633,41,11056,204.3,80,100,5,100,100,Poor,True
Banana,2.0,17.4,61.4,6.31,1659.0,51.2,47.2,95.1,18.94,1340,287,2.19,28658,46,94700,230.4,46,100,100,100,18,Moderate,True
Banana,1.5,31.9,75.3,7.81,1078.0,112.9,67.6,97.2,27.56,1405,264,2.15,22546,69,103350,358.4,100,52,100,97,92,Moderate,True
Banana,16.0,12.7,15.6,4.68,55.0,10.2,67.1,36.4,6.82,1770,301,9.03,214805,5,272800,27.0,5,5,5,5,5,Poor,True
Banana,12.25,34.0,75.2,6.32,1882.0,178.2,72.3,100.0,36.4,1408,267,23.14,191054,99,1114750,483.5,100,100,100,100,100,Good,True
Banana,0.5,23.2,62.4,6.19,1536.0,174.2,33.0,88.9,36.01,1403,269,0.91,6581,99,45012,584.0,100,100,100,100,100,Good,True
Banana,6.25,36.3,10.4,7.28,1875.0,126.9,92.3,78.7,18.59,1817,273,6.65,101111,44,290469,187.3,97,93,5,100,100,Poor,True
Banana,1.5,9.9,18.1,4.18,185.0,9.3,37.3,54.5,6.9,1732,303,0.9,20795,5,25875,24.4,5,5,5,5,5,Poor,True
Banana,0.25,9.8,28.0,8.43,450.0,32.1,98.5,43.5,7.1,1848,301,0.15,3792,6,4438,17.0,5,5,5,5,5,Poor,True
Banana,7.5,21.1,45.5,6.32,2028.0,225.6,93.8,44.5,21.69,1660,278,9.33,117328,49,406688,246.6,89,100,45,89,32,Moderate,True
Banana,1.5,42.4,35.0,8.25,1814.0,197.7,38.1,44.8,13.64,1767,292,1.26,20647,27,51150,147.7,23,17,5,100,85,Poor,True
Banana,10.0,34.2,83.1,7.4,1860.0,20.9,60.4,36.6,17.22,1453,272,10.23,142441,40,430500,202.2,100,84,80,100,5,Poor,True
Banana,3.5,43.0,94.9,8.42,342.0,38.2,45.9,77.3,7.3,1764,294,2.08,52221,7,63875,22.3,17,5,6,5,5,Poor,True
Banana,0.5,7.0,19.6,4.76,123.0,5.6,77.3,70.8,7.08,1778,290,0.31,7709,5,8850,14.8,5,5,5,5,5,Poor,True
Banana,5.0,32.8,62.8,5.28,1328.0,186.2,35.5,73.3,27.29,1440,272,6.89,68190,71,341125,400.3,100,51,100,100,100,Moderate,True
Banana,4.0,43.0,97.9,4.06,89.0,11.8,70.4,60.6,7.28,1741,303,2.51,59921,6,72800,21.5,17,5,5,5,5,Poor,True
Banana,4.0,24.3,60.9,6.42,1618.0,140.2,56.9,75.6,35.92,1413,272,7.36,61231,99,359200,486.6,100,100,100,100,100,Good,True
Banana,12.25,5.8,16.3,4.35,190.0,17.2,73.9,66.6,6.99,1765,306,7.34,180865,5,214069,18.4,5,5,5,5,5,Poor,True
Banana,1.0,35.5,49.9,5.68,1106.0,91.6,63.0,20.6,26.63,1555,272,1.4,14003,70,66575,375.4,100,88,62,100,66,Moderate,True
Banana,4.0,29.4,67.9,6.55,1285.0,155.3,77.6,34.9,35.74,1390,278,7.31,58239,99,357400,513.7,100,100,100,100,100,Good,True
Banana,7.5,30.8,67.8,6.15,1851.0,127.5,46.6,79.9,36.19,1392,271,13.84,106414,99,678562,537.7,100,100,100,100,100,Good,True
Banana,1.5,33.5,71.1,6.42,1557.0,170.2,60.9,78.3,35.64,1406,279,2.69,21783,99,133650,513.6,100,100,100,100,100,Good,True
Banana,0.5,6.9,12.5,4.04,83.0,6.1,99.7,35.4,6.98,1801,299,0.31,7394,7,8725,18.0,5,5,5,5,5,Poor,True
Banana,1.0,30.1,73.7,6.06,1141.0,120.5,35.3,47.6,36.1,1411,265,1.79,13613,99,90250,563.0,100,100,100,100,100,Good,True
Banana,7.5,32.2,63.4,6.09,1639.0,180.8,77.2,77.3,35.78,1388,278,13.82,115041,99,670875,483.2,100,100,100,100,100,Good,True
Banana,9.0,32.0,75.7,6.49,1490.0,136.0,86.3,80.0,35.13,1417,264,16.11,134032,99,790425,489.7,100,100,100,100,100,Good,True
Banana,3.5,6.3,11.2,4.09,200.0,11.9,94.8,33.6,6.77,1799,297,2.07,52398,5,59238,13.1,5,5,5,5,5,Poor,True
Banana,12.25,9.0,12.6,4.43,183.0,16.3,81.3,45.0,6.84,1837,307,7.74,186386,6,209475,12.4,5,5,5,5,5,Poor,True
Banana,16.0,35.6,64.9,7.94,2444.0,69.2,49.6,97.1,21.8,1383,270,20.29,237357,51,872000,267.4,100,41,100,53,40,Moderate,True
Banana,9.0,29.8,46.9,6.92,2898.0,181.2,95.2,83.5,17.56,1604,273,9.91,145833,41,395100,170.9,100,100,50,14,100,Poor,True
Banana,5.0,9.3,93.5,4.51,250.0,5.6,90.8,61.8,7.2,1712,295,3.14,76654,6,90000,17.4,5,5,15,5,5,Poor,True
Banana,1.0,34.4,65.8,6.17,1280.0,158.2,72.3,37.9,36.85,1440,269,1.79,14265,99,92125,545.8,100,100,100,100,100,Good,True
Banana,7.5,30.4,76.4,6.04,1461.0,146.8,43.6,30.0,35.95,1368,265,13.58,98432,99,674062,584.8,100,100,100,100,100,Good,True
Banana,5.0,33.8,79.8,6.75,1354.0,182.5,68.3,49.3,35.26,1406,273,8.82,69509,98,440750,534.1,100,100,100,100,100,Good,True
Banana,0.25,26.1,63.4,6.11,1723.0,174.8,65.5,99.6,36.65,1390,264,0.47,3611,99,22906,534.3,100,100,100,100,100,Good,True
Banana,1.5,28.1,74.8,6.2,1887.0,132.9,37.3,49.9,35.92,1394,275,2.77,20645,97,134700,552.5,100,100,100,100,100,Good,True
Banana,10.0,9.5,97.0,4.9,3000.0,17.8,58.2,77.2,7.14,1825,299,6.09,146696,5,178500,21.7,5,14,5,5,5,Poor,True
Banana,3.0,10.0,17.8,4.35,120.0,8.9,56.4,94.2,6.82,1800,302,1.79,44932,5,51150,13.8,5,5,5,5,5,Poor,True
Banana,9.0,43.0,31.2,4.69,270.0,31.5,44.1,79.6,7.27,1825,300,5.74,132011,5,163575,23.9,17,5,5,5,5,Poor,True
Banana,16.0,7.7,62.1,5.55,1653.0,179.9,30.2,91.8,17.9,1385,303,17.32,223917,40,716000,219.8,5,76,100,100,100,Poor,True
Banana,3.0,22.6,65.2,5.63,738.0,92.1,66.7,79.1,24.67,1449,270,3.99,45543,59,185025,306.3,100,84,100,43,67,Moderate,True
Banana,1.0,22.2,48.7,6.04,2384.0,192.8,49.4,29.0,25.98,1590,271,1.41,13446,70,64950,383.0,100,100,57,58,95,Moderate,True
Banana,7.5,43.0,93.9,8.68,313.0,46.7,63.3,30.5,7.8,1815,290,4.86,108134,9,146250,35.2,17,5,12,5,13,Poor,True
Banana,6.25,31.6,63.1,6.39,1197.0,161.4,78.9,70.9,36.16,1418,269,11.02,92758,99,565000,509.1,100,100,100,100,100,Good,True
Banana,12.25,18.1,44.0,7.42,1040.0,106.4,86.7,82.5,21.63,1684,286,15.32,189603,55,662419,249.4,54,83,39,91,84,Moderate,True
Banana,12.25,43.0,32.7,4.37,94.0,22.9,34.4,24.1,7.44,1786,299,7.87,160003,5,227850,42.4,17,5,5,5,5,Poor,True
Banana,10.0,7.9,95.4,8.31,3000.0,12.2,93.9,74.9,6.97,1777,306,6.11,156240,5,174250,11.5,5,12,5,5,5,Poor,True
Banana,3.0,25.2,71.6,6.72,1842.0,22.8,30.3,75.6,17.98,1387,264,3.09,41872,42,134850,222.1,100,100,100,100,5,Poor,True
Banana,9.0,14.9,17.9,6.4,316.0,106.2,76.8,55.5,12.93,1840,288,7.74,131158,24,290925,121.8,16,100,5,5,84,Poor,True
Banana,6.25,43.0,32.8,4.78,411.0,17.3,70.1,40.0,7.25,1832,303,3.96,89294,7,113281,26.9,17,5,5,5,5,Poor,True
Banana,12.25,43.0,25.6,4.95,3000.0,9.5,77.5,47.3,7.96,1812,291,7.66,176264,8,243775,38.3,17,19,5,5,5,Poor,True
Banana,0.25,26.7,95.2,7.22,1918.0,118.7,64.9,22.3,18.34,1778,268,0.27,3574,44,11462,220.7,100,99,5,98,98,Poor,True
Banana,0.5,34.7,73.7,6.19,1647.0,140.5,77.5,42.4,35.74,1363,272,0.91,7561,98,44675,490.9,100,100,100,100,100,Good,True
Banana,2.0,30.9,68.6,6.69,1708.0,165.3,64.4,99.6,36.64,1354,270,3.48,29859,99,183200,513.6,100,100,100,100,100,Good,True
Banana,3.0,8.2,98.0,4.29,3000.0,10.8,68.4,44.6,7.08,1775,296,1.77,42820,6,53100,24.0,5,5,5,5,5,Poor,True
Banana,7.5,43.0,97.9,4.7,3000.0,25.7,58.5,76.3,7.37,1765,294,4.71,110045,5,138188,25.6,17,5,5,5,5,Poor,True
Banana,12.25,43.0,96.5,4.56,3000.0,8.4,58.9,63.9,7.17,1783,297,7.61,178689,5,219581,22.9,17,5,5,5,5,Poor,True
Banana,9.0,38.4,71.9,6.2,2884.0,214.8,75.1,96.6,17.81,1420,271,9.48,136338,44,400725,193.9,72,100,100,15,53,Poor,True
Banana,7.5,34.6,62.9,6.4,1200.0,145.1,59.1,94.5,38.05,1429,268,13.57,111600,99,713438,539.3,100,100,100,100,100,Good,True
Banana,9.0,14.7,32.2,7.71,2515.0,83.3,36.0,88.9,11.84,1764,298,7.38,127669,20,266400,108.7,14,60,5,47,56,Poor,True
Banana,16.0,33.6,82.9,8.61,1436.0,116.3,63.7,59.7,17.8,1457,272,16.72,230997,40,712000,208.2,100,5,82,100,96,Poor,True
Banana,0.5,31.2,61.8,6.62,1452.0,124.0,66.7,65.0,37.41,1394,268,0.91,7359,98,46762,535.4,100,100,100,100,100,Good,True
Banana,2.25,37.1,82.3,6.7,1430.0,14.7,53.7,38.7,17.93,1479,273,2.41,31102,42,100856,224.3,86,100,85,100,5,Poor,True
Banana,0.25,9.8,79.9,6.4,1751.0,193.0,60.8,45.0,17.74,1358,292,0.26,3693,42,11087,200.2,5,100,100,100,94,Poor,True
Banana,3.5,37.6,74.3,6.91,1643.0,36.6,43.3,69.6,18.16,1410,276,3.69,48905,41,158900,224.9,82,100,100,100,5,Poor,True
Banana,12.25,13.9,18.2,8.79,3000.0,41.5,42.1,46.6,6.95,1835,302,7.12,164590,5,212844,29.3,5,5,5,5,7,Poor,True
Banana,9.0,34.2,54.7,6.72,1415.0,215.9,97.2,64.4,25.44,1537,272,12.66,141191,68,572400,305.4,100,100,80,100,51,Moderate,True
Banana,10.0,31.3,75.9,6.12,1692.0,165.3,93.9,93.1,35.4,1393,271,17.92,156625,99,885000,465.0,100,100,100,100,100,Good,True
Banana,3.0,25.2,43.5,6.89,1790.0,155.4,83.1,77.9,24.41,1643,273,3.93,46587,61,183075,293.0,100,100,37,100,100,Moderate,True
Banana,10.0,35.7,59.5,6.86,2349.0,216.5,97.4,55.1,25.68,1435,268,13.38,156745,67,642000,309.6,100,100,98,61,50,Moderate,True
Banana,16.0,8.7,17.6,4.47,50.0,17.5,65.6,85.6,7.14,1838,299,9.75,239201,5,285600,19.4,5,5,5,5,5,Poor,True
Banana,9.0,31.1,78.5,6.22,1801.0,131.0,97.0,44.3,35.84,1386,272,16.25,135238,99,806400,496.3,100,100,100,100,100,Good,True
Banana,12.25,9.4,10.9,4.13,142.0,17.3,95.6,61.0,7.06,1769,297,7.41,196719,5,216212,9.9,5,5,5,5,5,Poor,True
Banana,1.0,21.8,75.7,6.31,193.0,192.9,66.7,82.1,18.55,1388,272,1.05,14808,39,46375,213.2,97,100,100,5,95,Poor,True
Banana,0.5,25.8,45.7,7.45,2307.0,191.1,37.1,86.0,24.27,1590,265,0.66,7162,60,30338,323.6,100,80,46,65,98,Moderate,True
Banana,4.0,27.0,68.2,6.79,1529.0,172.0,62.4,98.5,35.66,1403,267,7.21,60728,99,356600,487.2,100,100,100,100,100,Good,True
Banana,6.25,28.1,74.4,7.03,1536.0,165.6,90.7,87.8,35.4,1433,262,10.98,98945,99,553125,459.0,100,100,100,100,100,Good,True
Banana,1.0,27.0,73.9,6.48,1381.0,130.9,82.2,36.6,35.27,1372,271,1.77,14831,99,88175,494.5,100,100,100,100,100,Good,True
Banana,1.0,36.4,95.7,6.09,1696.0,189.0,32.3,74.1,18.62,1768,266,1.1,14380,42,46550,223.7,95,100,5,100,100,Poor,True
Banana,16.0,21.5,72.4,4.47,1289.0,139.0,34.6,95.2,18.23,1406,270,17.0,217844,42,729200,234.7,94,5,100,100,100,Poor,True
Banana,10.0,37.2,77.6,8.62,1776.0,149.8,51.1,50.2,18.33,1396,274,10.52,139015,40,458250,229.6,86,5,100,100,100,Poor,True
Banana,0.5,30.4,60.0,8.86,2088.0,133.3,76.9,80.4,18.02,1365,273,0.52,7614,42,22525,195.8,100,5,100,84,100,Poor,True
Banana,1.0,31.3,61.5,6.06,2616.0,78.9,84.9,51.5,23.41,1338,269,1.31,15353,57,58525,281.2,100,100,100,38,51,Moderate,True
Banana,0.25,39.9,40.4,5.57,710.0,143.4,83.4,87.0,18.32,1663,280,0.26,3996,45,11450,186.5,54,78,25,38,100,Poor,True
Banana,2.0,32.1,88.1,5.5,2383.0,175.9,38.1,65.8,24.29,1690,270,2.69,28318,63,121450,328.9,100,71,49,58,100,Moderate,True
Banana,5.0,24.4,81.4,7.07,2424.0,76.8,30.5,22.3,24.72,1441,270,6.59,65162,68,309000,374.2,100,100,91,55,49,Moderate,True
Banana,0.25,38.0,76.2,5.55,1183.0,168.4,60.2,50.4,30.96,1422,273,0.4,3547,81,19350,445.5,76,76,100,100,100,Good,True
Banana,0.25,32.4,76.1,6.32,1665.0,183.4,38.2,90.3,37.48,1442,262,0.43,3534,99,23425,562.8,100,100,100,100,100,Good,True
Banana,3.0,24.7,58.0,7.03,2343.0,109.3,86.3,88.9,28.44,1407,269,4.64,47702,75,213300,347.2,100,100,92,62,87,Good,True
Banana,7.5,37.0,84.0,8.45,1275.0,167.7,58.4,84.4,17.86,1458,268,7.75,109246,39,334875,206.5,88,5,75,100,100,Poor,True
Banana,12.25,30.9,97.1,5.95,1193.0,173.6,72.1,76.2,18.53,1822,272,13.78,180787,46,567481,213.9,100,100,5,100,100,Poor,True
Banana,1.5,39.4,62.8,6.66,1633.0,188.3,36.4,26.8,28.74,1392,275,2.3,19805,75,107775,444.2,59,100,100,100,100,Good,True
Banana,10.0,24.5,76.3,5.84,1632.0,132.7,44.9,80.7,36.4,1364,276,17.95,144053,99,910000,531.7,100,100,100,100,100,Good,True
Banana,4.0,34.6,73.9,6.46,2279.0,159.9,92.7,85.4,29.64,1405,268,5.9,64431,79,296400,360.0,100,100,100,67,100,Good,True
Banana,3.5,26.9,66.3,7.09,1380.0,156.9,90.7,98.0,36.29,1422,273,6.4,56679,99,317538,460.2,100,100,100,100,100,Good,True
Banana,2.0,30.5,62.8,5.8,1693.0,181.3,53.0,46.6,35.74,1418,268,3.6,27871,99,178700,541.2,100,100,100,100,100,Good,True
Banana,4.0,22.0,71.3,8.87,1226.0,196.4,69.0,41.5,17.68,1386,274,4.33,59264,42,176800,198.3,100,5,100,100,88,Poor,True
Banana,0.5,24.9,51.9,5.57,754.0,152.6,100.0,53.4,24.33,1525,275,0.66,7618,64,30412,299.2,100,78,69,45,100,Moderate,True
Banana,16.0,8.4,12.4,4.42,74.0,14.4,72.6,67.1,6.78,1748,298,9.48,233839,5,271200,16.0,5,5,5,5,5,Poor,True
Banana,12.25,36.8,88.9,5.54,1657.0,161.6,60.5,52.0,24.14,1550,273,16.14,183762,62,739288,302.3,90,75,44,100,100,Moderate,True
Banana,0.5,11.8,23.8,4.29,3000.0,28.7,48.2,28.4,6.88,1783,299,0.31,6960,5,8600,23.6,5,5,5,5,5,Poor,True
Banana,12.25,23.7,66.6,6.08,1848.0,123.9,86.1,51.2,35.7,1357,272,22.25,178382,99,1093312,512.9,100,100,100,100,100,Good,True
Banana,2.0,13.2,18.8,4.69,142.0,18.0,41.1,79.4,6.91,1849,305,1.19,28871,5,34550,19.7,5,5,5,5,5,Poor,True
Banana,5.0,26.1,70.5,6.33,1224.0,121.7,72.5,90.3,36.79,1428,271,8.87,77788,99,459875,491.2,100,100,100,100,100,Good,True
Banana,7.5,17.9,72.3,6.42,665.0,217.9,72.0,75.0,19.98,1395,290,8.57,109401,49,374625,242.4,51,100,100,31,47,Moderate,True
Banana,2.25,27.6,73.9,5.93,1735.0,165.0,50.6,95.5,35.35,1399,270,4.07,33103,99,198844,500.7,100,100,100,100,100,Good,True
Banana,7.5,26.1,49.3,6.57,2658.0,132.6,34.9,33.1,22.7,1521,267,9.23,98788,56,425625,330.8,100,100,59,35,100,Moderate,True
Banana,12.25,30.5,71.5,5.86,1518.0,178.4,85.4,42.0,36.65,1433,269,22.46,182024,99,1122406,516.6,100,100,100,100,100,Good,True
Banana,10.0,23.7,67.8,6.73,1350.0,157.2,89.5,45.9,35.72,1389,277,17.52,149812,99,893000,496.1,100,100,100,100,100,Good,True
Banana,1.5,32.4,76.4,7.45,323.0,117.0,63.3,47.4,17.69,1441,274,1.58,21276,44,66338,211.8,100,80,100,5,96,Poor,True
Banana,9.0,22.1,60.7,5.22,1767.0,115.7,57.1,88.2,26.06,1376,259,12.51,135657,65,586350,332.2,100,45,100,100,95,Moderate,True
Banana,7.5,12.0,96.2,4.35,3000.0,9.9,85.1,42.8,6.94,1779,304,4.44,108055,5,130125,20.4,5,5,5,5,5,Poor,True
Banana,3.0,43.0,98.0,4.8,392.0,17.2,72.1,58.4,7.27,1818,289,1.84,44467,5,54525,22.6,17,5,5,5,5,Poor,True
Banana,12.25,26.3,67.3,6.1,1031.0,87.9,62.8,67.1,28.64,1334,268,18.64,180738,78,877100,385.3,100,100,100,89,62,Good,True
Banana,12.25,37.1,87.0,5.99,600.0,144.6,63.0,46.3,19.47,1548,278,14.03,173142,47,596269,244.4,87,100,56,21,100,Moderate,True
Banana,7.5,9.6,96.0,4.26,3000.0,45.6,44.2,94.1,7.16,1740,299,4.7,106343,6,134250,26.2,5,5,5,5,12,Poor,True
Banana,16.0,24.2,70.7,6.27,1266.0,187.7,67.0,50.2,35.85,1430,273,28.29,237910,99,1434000,502.7,100,100,100,100,100,Good,True
Banana,7.5,10.3,14.0,4.22,68.0,15.1,57.1,41.6,6.74,1856,302,4.46,102524,5,126375,23.3,5,5,5,5,5,Poor,True
Banana,12.25,26.7,65.0,6.02,1616.0,124.6,68.2,54.1,36.85,1395,261,22.25,175888,99,1128531,541.6,100,100,100,100,100,Good,True
Banana,7.5,25.2,99.1,5.95,2628.0,103.9,63.5,53.9,15.78,1778,271,7.4,112429,31,295875,163.2,100,100,5,37,81,Poor,True
Banana,2.25,24.2,64.6,5.88,1427.0,186.6,69.5,26.3,35.42,1367,270,4.03,31708,99,199238,528.4,100,100,100,100,100,Good,True
Banana,12.25,36.7,49.6,6.39,2151.0,227.4,96.8,29.8,21.46,1545,273,14.48,184446,54,657212,256.3,92,100,61,78,29,Moderate,True
Banana,5.0,21.7,49.2,7.08,2253.0,226.4,78.5,45.9,20.72,1580,273,5.84,75239,54,259000,244.2,97,100,59,70,31,Moderate,True
Banana,3.0,22.7,79.4,7.42,2773.0,199.7,32.7,78.0,20.82,1394,270,3.53,42267,52,156150,269.4,100,83,100,25,82,Moderate,True
Banana,5.0,28.9,75.6,7.0,1677.0,149.3,73.6,68.8,35.53,1397,270,8.95,75612,98,444125,487.4,100,100,100,100,100,Good,True
Banana,0.25,29.4,66.3,6.95,1598.0,171.2,78.1,83.2,35.34,1355,272,0.44,3817,99,22088,478.7,100,100,100,100,100,Good,True
Banana,10.0,26.9,62.0,4.37,1421.0,159.8,61.7,49.0,19.07,1429,267,10.4,141840,41,476750,236.1,100,5,100,100,100,Poor,True
Banana,0.5,26.7,56.3,7.09,2887.0,177.1,49.1,78.1,20.59,1471,272,0.57,7050,49,25738,265.1,100,100,86,15,100,Moderate,True
Banana,3.0,27.2,84.2,7.43,644.0,167.7,63.6,53.0,21.5,1473,271,3.6,43697,53,161250,269.0,100,81,73,28,100,Moderate,True
Banana,16.0,10.4,83.8,5.76,1351.0,196.6,68.5,42.2,17.45,1438,299,16.24,226468,41,698000,208.2,5,96,76,100,88,Poor,True
Banana,0.5,7.2,38.6,4.45,1880.0,122.2,95.2,50.5,13.14,1715,297,0.43,7605,26,16425,116.0,5,5,19,100,100,Poor,True
Banana,3.5,19.8,57.1,7.55,1557.0,228.0,30.5,55.9,21.43,1405,276,4.07,46985,49,187512,299.1,74,73,89,100,28,Moderate,True
Banana,0.25,25.0,74.9,6.17,1201.0,140.5,41.8,64.7,35.79,1380,274,0.46,3499,98,22369,539.3,100,100,100,100,100,Good,True
Banana,3.0,20.0,83.7,6.83,2847.0,100.8,91.8,38.3,18.57,1502,274,3.34,43995,41,139275,216.6,76,100,77,18,77,Poor,True
Banana,5.0,33.6,65.3,6.1,1688.0,125.0,59.0,96.0,35.68,1367,269,8.99,73631,98,446000,505.7,100,100,100,100,100,Good,True
Banana,4.0,24.2,61.5,6.05,1369.0,174.1,72.7,29.2,34.86,1409,275,7.51,56606,98,348600,515.8,100,100,100,100,100,Good,True
Banana,6.25,30.0,61.9,5.57,994.0,122.1,93.3,64.8,32.44,1390,274,10.38,96354,87,506875,426.1,100,78,100,83,100,Good,True
Banana,6.25,28.2,66.6,6.02,1574.0,171.8,75.3,62.8,36.21,1416,266,11.26,96620,98,565781,485.6,100,100,100,100,100,Good,True
Banana,2.0,24.4,76.9,6.56,1401.0,180.5,63.6,20.0,36.16,1390,271,3.61,28118,99,180800,543.0,100,100,100,100,100,Good,True
Banana,7.5,25.4,68.5,6.31,211.0,136.4,88.7,68.1,18.84,1361,268,8.07,115459,42,353250,206.0,100,100,100,5,100,Poor,True
Banana,1.0,30.5,96.2,7.47,1258.0,187.3,88.6,94.4,17.78,1795,277,1.04,15861,41,44450,180.2,100,79,5,100,100,Poor,True
Banana,12.25,19.8,77.2,6.96,1245.0,189.0,100.0,58.3,30.22,1396,285,19.68,186162,83,925488,397.1,74,100,100,100,100,Good,True
Banana,7.5,32.1,60.9,4.62,1819.0,186.2,36.4,98.6,18.04,1385,272,8.08,109562,43,338250,208.7,100,5,100,100,100,Poor,True
Banana,9.0,24.2,64.9,5.61,811.0,185.9,84.4,25.4,26.74,1441,267,12.51,137599,70,601650,337.2,100,82,100,54,100,Moderate,True
Banana,1.0,33.9,63.8,5.96,1488.0,172.1,58.2,52.5,35.52,1427,268,1.77,14526,99,88800,511.3,100,100,100,100,100,Good,True
Banana,5.0,21.2,59.2,7.16,3170.0,180.5,34.9,92.2,18.1,1386,274,5.25,71482,42,226250,216.5,91,100,97,5,100,Poor,True
Banana,0.25,43.0,16.8,8.34,3000.0,18.6,72.7,52.2,7.34,1783,296,0.16,3610,7,4588,27.1,17,10,5,5,5,Poor,True
Banana,16.0,26.6,83.3,6.11,1243.0,87.9,55.6,86.0,27.97,1481,270,23.14,239474,76,1118800,367.2,100,100,79,100,62,Good,True
Banana,10.0,43.0,17.2,8.88,3000.0,22.1,33.4,63.3,7.35,1764,297,6.25,134286,9,183750,36.8,17,5,5,5,5,Poor,True
Banana,1.5,12.6,73.0,7.42,1349.0,178.2,92.8,93.4,18.65,1395,298,1.61,23935,40,69938,192.2,5,83,100,100,100,Poor,True
Banana,1.5,32.8,78.9,6.12,1535.0,141.4,41.4,20.7,35.26,1404,277,2.76,19519,99,132225,577.4,100,100,100,100,100,Good,True
Banana,5.0,29.1,85.8,7.85,1590.0,107.8,31.6,73.9,24.28,1572,266,6.83,68365,63,303500,343.9,100,48,63,100,86,Moderate,True
Banana,12.25,22.9,60.7,6.5,1524.0,173.3,41.4,21.5,36.02,1369,270,22.01,159679,99,1103113,590.8,100,100,100,100,100,Good,True
Banana,2.0,26.3,74.2,6.01,1657.0,126.6,47.2,50.8,36.77,1434,272,3.58,28867,99,183850,536.9,100,100,100,100,100,Good,True
Banana,5.0,24.1,88.8,7.72,1810.0,126.3,31.8,70.6,25.31,1654,277,6.81,69294,61,316375,356.6,100,59,44,100,100,Moderate,True
Banana,5.0,40.3,62.4,6.35,2532.0,186.3,58.0,54.1,24.48,1363,282,6.51,71961,62,306000,325.2,49,100,100,45,100,Moderate,True
Banana,6.25,22.6,69.7,5.25,1598.0,116.0,59.3,23.2,26.24,1427,272,8.46,86383,66,410000,374.6,100,48,100,100,95,Moderate,True
Banana,4.0,10.4,56.1,6.99,1624.0,143.0,36.3,92.5,18.28,1430,302,4.29,58234,43,182800,213.9,5,100,85,100,100,Poor,True
Banana,2.0,25.0,95.0,5.71,1327.0,161.1,92.5,29.8,17.95,1775,269,2.14,28728,43,89750,212.4,100,91,5,100,100,Poor,True
Banana,10.0,35.1,84.0,7.97,1310.0,72.9,51.9,56.5,22.65,1514,274,12.09,138437,56,566250,309.0,100,39,75,100,44,Moderate,True
Banana,5.0,21.7,72.8,7.38,1138.0,29.1,78.7,31.6,17.68,1422,271,5.32,73227,40,221000,201.8,97,85,100,100,5,Poor,True
Banana,6.25,8.8,14.2,4.68,148.0,7.6,61.4,93.4,6.87,1780,288,3.81,93785,5,107344,14.5,5,5,5,5,5,Poor,True
Banana,1.0,35.4,63.4,5.52,1218.0,31.0,43.8,39.3,18.33,1408,277,1.04,13664,39,45825,235.4,100,73,100,100,5,Poor,True
Banana,5.0,7.2,13.3,4.75,142.0,18.6,31.4,64.1,7.17,1782,300,2.95,67002,5,89625,33.8,5,5,5,5,5,Poor,True
Banana,0.5,34.4,78.1,6.02,1724.0,153.1,48.0,45.6,35.8,1393,267,0.9,6977,99,44750,541.4,100,100,100,100,100,Good,True
Banana,4.0,23.9,63.2,5.91,483.0,196.8,91.9,87.3,18.37,1374,274,4.47,63459,41,183700,189.5,100,100,100,5,87,Poor,True
Banana,3.5,23.1,76.9,7.18,1655.0,188.3,94.0,81.7,35.63,1402,270,6.43,55458,99,311763,462.2,100,100,100,100,100,Good,True
Banana,4.0,6.4,93.4,8.66,3000.0,21.6,39.8,40.5,7.23,1771,304,2.45,55502,7,72300,30.3,5,5,15,5,5,Poor,True
Banana,2.0,27.4,71.3,7.04,2204.0,187.1,99.9,49.6,31.34,1394,267,3.32,30707,86,156700,410.3,100,100,100,74,100,Good,True
Banana,4.0,40.7,42.6,6.15,284.0,163.6,86.0,37.6,14.91,1727,283,3.67,59247,29,149100,151.7,44,100,34,5,100,Poor,True
Banana,1.0,33.6,81.1,7.37,1131.0,14.8,98.5,56.4,18.4,1440,268,1.03,15230,43,46000,202.0,100,87,93,100,5,Poor,True
Banana,7.5,26.0,69.5,6.47,1264.0,138.1,42.1,40.8,36.79,1409,267,13.86,106104,99,689812,550.1,100,100,100,100,100,Good,True
Banana,9.0,24.0,64.4,7.88,777.0,194.6,77.2,26.1,25.21,1399,272,11.94,129178,61,567225,339.1,100,46,100,49,91,Moderate,True
Banana,2.25,33.4,62.1,5.45,2278.0,167.0,72.1,85.8,29.23,1384,273,3.37,33761,76,164419,387.0,100,67,100,67,100,Good,True
Banana,2.0,10.1,96.4,8.44,3000.0,10.6,99.0,73.5,6.71,1806,299,1.18,30891,6,33550,8.6,5,5,5,5,5,Poor,True
Banana,0.25,32.4,83.5,7.27,3129.0,183.5,78.5,60.9,17.81,1465,272,0.27,3745,39,11131,197.2,100,94,78,5,100,Poor,True
Banana,7.5,29.8,67.1,6.95,1342.0,151.6,88.5,39.8,35.65,1355,275,13.21,112199,99,668438,495.8,100,100,100,100,100,Good,True
Banana,9.0,33.9,61.6,6.01,1173.0,187.1,97.0,60.5,37.09,1386,266,16.56,136538,99,834525,511.2,100,100,100,100,100,Good,True
Banana,9.0,13.7,14.5,4.27,61.0,16.1,48.0,23.5,6.87,1826,301,5.53,122915,5,154575,25.8,5,5,5,5,5,Poor,True
Banana,1.0,20.4,70.5,8.7,1131.0,135.6,31.3,75.9,17.78,1427,277,1.05,13968,41,44450,218.2,81,5,100,100,100,Poor,True
Banana,1.0,26.4,97.2,7.35,250.0,69.2,95.4,81.5,13.32,1833,263,0.88,15347,27,33300,117.0,100,88,5,5,40,Poor,True
Banana,9.0,22.8,71.2,6.76,763.0,212.5,59.2,48.1,25.41,1447,277,11.61,132347,63,571725,332.0,100,100,100,47,57,Moderate,True
Banana,1.0,10.2,46.1,4.12,1919.0,86.2,36.7,95.7,13.34,1683,295,0.82,14638,26,33350,127.8,5,5,47,98,60,Poor,True
Banana,2.0,30.3,74.9,6.68,1600.0,165.7,80.5,81.7,34.68,1360,269,3.66,30533,98,173400,467.9,100,100,100,100,100,Good,True
Banana,10.0,26.5,43.5,5.22,1578.0,181.0,61.8,71.1,22.7,1645,267,13.07,144115,58,567500,293.8,100,45,37,100,100,Moderate,True
Banana,0.5,34.9,69.4,6.55,1222.0,189.1,40.9,39.1,36.28,1380,270,0.9,6809,98,45350,566.0,100,100,100,100,100,Good,True
Banana,2.25,33.2,75.0,5.92,1470.0,147.5,30.1,29.5,34.46,1350,271,3.97,29559,97,193838,555.8,100,100,100,100,100,Good,True
Banana,2.0,36.5,50.2,7.94,2421.0,52.1,67.5,50.3,15.99,1496,264,2.03,29480,39,79950,171.2,94,41,63,55,19,Poor,True
Banana,1.5,23.5,73.8,5.33,1247.0,169.1,46.0,81.1,27.08,1429,273,2.19,21266,72,101550,377.5,100,56,100,100,100,Moderate,True
Banana,9.0,17.8,65.8,6.1,702.0,186.7,84.8,41.7,22.05,1379,285,11.3,131051,59,496125,278.6,51,100,100,37,100,Moderate,True
Banana,3.0,28.3,97.1,6.36,1211.0,183.8,77.1,24.9,18.64,1763,268,3.22,42172,45,139800,231.5,100,100,5,100,100,Poor,True
Banana,16.0,29.5,63.7,7.05,1472.0,149.1,99.3,82.4,35.57,1363,264,28.8,258074,99,1422800,451.3,100,100,100,100,100,Good,True
Banana,7.5,32.0,73.8,6.22,1187.0,179.8,81.2,36.9,37.31,1358,269,13.57,106463,99,699563,557.1,100,100,100,100,100,Good,True
Banana,12.25,10.2,19.3,4.04,121.0,12.4,31.1,88.2,6.85,1821,297,7.53,168092,6,209781,24.8,5,5,5,5,5,Poor,True
Banana,10.0,27.8,78.9,6.95,1844.0,127.8,77.9,66.5,36.64,1379,276,17.58,146876,97,916000,523.7,100,100,100,100,100,Good,True
Banana,12.25,7.2,77.2,7.28,1554.0,176.3,96.2,79.7,19.35,1356,303,13.03,198067,44,592594,199.2,5,94,100,100,100,Poor,True
Banana,0.25,22.4,86.7,6.57,2492.0,193.0,41.1,51.1,24.63,1579,278,0.36,3399,64,15394,352.9,100,100,58,49,94,Moderate,True
Banana,0.5,44.0,75.9,7.09,1463.0,178.2,79.5,95.1,18.79,1387,303,0.55,7800,45,23488,201.1,5,100,100,100,100,Poor,True
Banana,10.0,25.6,71.5,6.91,3178.0,192.8,72.5,49.7,18.12,1405,277,10.67,152290,45,453000,197.5,100,100,100,5,95,Poor,True
Banana,3.0,36.9,76.0,6.21,2105.0,166.9,86.7,67.5,32.31,1372,274,4.84,45680,84,242325,430.5,90,100,100,82,100,Good,True
Banana,5.0,20.6,46.9,7.09,1664.0,207.1,72.2,81.8,26.18,1621,277,6.84,75260,64,327250,334.8,83,100,50,100,68,Moderate,True
Banana,0.5,6.9,10.3,4.55,62.0,13.1,65.6,80.9,7.18,1803,297,0.31,7175,6,8975,25.1,5,5,5,5,5,Poor,True
Banana,0.25,32.0,58.7,6.53,1885.0,20.4,94.5,82.8,18.97,1433,267,0.27,3877,43,11856,205.8,100,100,95,100,5,Poor,True
Banana,3.0,24.5,60.7,6.78,1719.0,120.8,67.1,88.4,35.47,1434,272,5.5,45763,99,266025,481.3,100,100,100,100,100,Good,True
Banana,3.0,37.0,70.4,6.74,1214.0,86.7,77.5,65.3,28.93,1378,270,4.72,43605,75,216975,397.6,88,100,100,100,60,Good,True
Banana,0.5,30.2,64.6,7.22,131.0,114.1,72.3,61.5,18.67,1370,272,0.52,7155,41,23338,226.2,100,98,100,5,93,Poor,True
Banana,6.25,43.0,96.2,4.4,3000.0,44.1,41.0,45.6,7.54,1745,291,3.78,86268,9,117812,36.6,17,5,5,5,10,Poor,True
Banana,12.25,11.7,16.4,4.0,81.0,7.3,37.0,62.7,7.21,1753,305,7.42,168993,5,220806,30.7,5,5,5,5,5,Poor,True
Banana,3.0,19.6,61.6,6.39,2346.0,72.0,74.7,55.8,24.01,1415,286,3.95,44919,58,180075,300.9,71,100,100,61,43,Moderate,True
Banana,5.0,27.5,80.8,6.2,1791.0,20.8,53.0,83.6,17.8,1399,279,5.27,72034,41,222500,208.9,100,100,95,100,5,Poor,True
Banana,2.0,21.7,66.3,6.67,1765.0,102.0,68.7,22.5,33.16,1419,270,3.3,29095,87,165800,469.9,97,100,100,100,79,Good,True
Banana,3.0,30.5,10.9,7.2,1760.0,183.9,33.2,52.0,18.28,1815,269,3.32,39629,41,137100,246.0,100,100,5,100,100,Poor,True
Banana,9.0,28.0,54.4,5.59,1305.0,148.9,92.6,92.9,32.52,1476,272,14.43,143730,84,731700,409.1,100,80,79,100,100,Good,True
Banana,7.5,13.0,19.8,4.17,53.0,11.0,48.2,62.6,7.05,1775,309,4.54,103758,5,132188,27.4,5,5,5,5,5,Poor,True
Banana,12.25,27.5,78.5,6.62,498.0,173.2,32.9,43.8,18.11,1368,269,13.77,166710,45,554619,232.7,100,100,100,5,100,Poor,True
Banana,16.0,32.2,51.8,7.1,1204.0,176.3,85.6,86.0,31.07,1481,269,24.58,253150,81,1242800,390.9,100,100,69,100,100,Good,True
Banana,0.5,34.3,79.8,5.52,2537.0,220.4,84.5,21.0,22.79,1393,265,0.62,7100,56,28488,301.2,100,73,100,45,42,Moderate,True
Banana,4.0,22.0,78.0,6.95,1870.0,169.0,63.4,70.8,35.32,1439,271,7.06,57967,99,353200,509.3,100,100,100,100,100,Good,True
Banana,0.25,32.8,72.6,6.69,1353.0,127.2,70.2,26.5,36.25,1449,270,0.45,3606,99,22656,528.3,100,100,100,100,100,Good,True
Banana,0.5,9.9,16.2,4.54,68.0,7.7,83.0,80.6,7.14,1807,296,0.3,7710,6,8925,15.8,5,5,5,5,5,Poor,True
Banana,1.5,34.8,78.5,6.99,1597.0,136.6,64.2,34.4,35.59,1420,272,2.61,20642,98,133462,546.6,100,100,100,100,100,Good,True
Banana,7.5,32.2,68.4,7.67,1893.0,126.0,94.9,91.5,28.89,1352,267,11.03,121894,79,541688,344.4,100,62,100,100,100,Good,True
Banana,6.25,33.7,70.8,6.18,1249.0,173.9,35.8,71.1,35.24,1374,262,10.96,85449,99,550625,544.4,100,100,100,100,100,Good,True
Banana,6.25,35.5,76.9,6.52,1276.0,133.0,98.7,53.2,35.83,1406,273,11.22,95148,99,559844,488.4,100,100,100,100,100,Good,True
Banana,1.5,9.4,95.9,8.44,137.0,29.5,37.4,74.8,6.86,1846,308,0.88,21175,5,25725,21.5,5,5,5,5,5,Poor,True
Banana,4.0,24.9,95.0,7.3,1058.0,110.5,35.6,89.3,17.78,1790,267,4.36,57789,41,177800,207.7,100,92,5,93,89,Poor,True
Banana,7.5,37.8,71.2,6.38,1643.0,98.3,45.5,27.2,30.44,1376,272,11.67,101557,82,570750,462.0,79,100,100,100,74,Good,True
Banana,0.5,7.3,97.8,8.72,379.0,29.7,31.7,43.7,6.81,1762,302,0.31,6895,5,8512,23.5,5,5,5,5,5,Poor,True
Banana,7.5,10.0,16.6,4.08,124.0,8.2,89.6,44.1,6.75,1777,298,4.58,112032,7,126562,13.0,5,5,5,5,5,Poor,True
Banana,1.5,22.1,65.4,6.19,1332.0,176.1,88.6,40.2,36.63,1407,263,2.62,22595,98,137363,507.9,100,100,100,100,100,Good,True
Banana,6.25,25.3,64.5,7.04,1620.0,135.2,49.7,29.3,35.86,1384,278,11.3,84986,99,560312,559.3,100,100,100,100,100,Good,True
Banana,5.0,20.2,81.2,4.31,1417.0,128.8,64.4,56.3,18.06,1467,271,5.11,72022,40,225750,213.4,79,5,93,100,100,Poor,True
Banana,0.25,30.2,75.9,6.0,1166.0,182.4,67.2,69.5,35.99,1322,272,0.46,3721,98,22494,504.5,100,100,100,100,100,Good,True
Banana,4.0,29.2,76.0,6.85,1878.0,155.0,35.1,29.8,35.05,1400,276,6.93,52928,99,350500,562.2,100,100,100,100,100,Good,True
Banana,12.25,18.4,42.0,6.88,1073.0,115.3,38.3,24.8,21.94,1733,284,14.85,159586,54,671913,321.0,57,100,31,96,94,Moderate,True
Banana,6.25,35.9,95.1,6.63,1318.0,140.2,63.0,84.8,17.99,1743,270,6.69,94901,45,281094,196.2,100,100,5,100,100,Poor,True
Banana,4.0,28.4,71.8,6.44,1491.0,152.0,88.2,77.6,35.65,1391,271,7.14,64104,99,356500,456.1,100,100,100,100,100,Good,True
Banana,7.5,44.0,85.0,7.16,1331.0,152.6,83.7,41.7,17.82,1561,301,7.64,110148,39,334125,203.3,5,100,68,100,100,Poor,True
Banana,9.0,27.6,78.6,7.53,2431.0,98.2,74.6,74.2,26.31,1415,270,12.74,135971,69,591975,335.4,100,74,100,54,74,Moderate,True
Banana,12.25,43.0,22.5,4.89,3000.0,33.5,82.5,93.7,7.7,1811,302,7.68,191594,7,235812,23.1,17,13,5,5,5,Poor,True
Banana,9.0,40.3,87.1,5.26,1307.0,211.9,83.8,94.5,22.02,1617,284,11.31,140702,55,495450,252.1,50,49,55,100,58,Moderate,True
Banana,1.5,25.9,73.2,6.03,1194.0,155.9,98.4,86.7,35.2,1385,267,2.7,23752,99,132000,455.7,100,100,100,100,100,Good,True
Banana,1.5,5.8,62.5,7.09,1895.0,167.7,45.2,86.0,18.74,1370,304,1.65,21710,44,70275,223.7,5,100,100,100,100,Poor,True
Banana,0.5,33.1,68.1,6.32,1593.0,139.4,63.8,42.6,35.75,1445,264,0.91,7099,99,44688,529.5,100,100,100,100,100,Good,True
Banana,16.0,23.0,82.6,5.74,192.0,168.0,67.7,43.1,17.65,1440,264,16.61,234372,42,706000,201.2,100,95,84,5,100,Poor,True
Banana,16.0,35.3,83.7,7.05,1428.0,122.7,88.8,35.5,31.09,1459,271,26.55,241750,86,1243600,414.4,100,100,76,100,100,Good,True
Banana,2.0,13.0,12.6,8.31,3000.0,14.1,79.6,69.3,7.26,1782,301,1.19,30100,6,36300,20.6,5,12,5,5,5,Poor,True
Banana,9.0,30.3,77.2,6.43,1764.0,185.5,86.3,83.2,36.33,1407,274,16.85,135586,98,817425,502.9,100,100,100,100,100,Good,True
Banana,1.0,8.6,48.2,6.65,1090.0,20.8,89.8,31.3,13.84,1594,293,0.89,15056,26,34600,129.8,5,100,55,98,5,Poor,True
Banana,12.25,13.9,12.0,4.15,171.0,12.6,36.3,84.1,6.94,1826,295,7.3,170214,6,212538,24.9,5,5,5,5,5,Poor,True
Banana,2.0,6.6,13.9,4.18,87.0,5.4,83.7,24.2,6.94,1807,292,1.2,29015,5,34700,19.6,5,5,5,5,5,Poor,True
Banana,16.0,29.3,79.7,6.15,1315.0,52.0,96.2,93.4,21.76,1389,273,19.84,256164,52,870400,239.8,100,100,100,100,19,Moderate,True
Banana,10.0,28.9,65.8,6.55,1869.0,128.8,68.7,97.9,37.12,1414,267,18.6,147772,99,928000,528.0,100,100,100,100,100,Good,True
Banana,12.25,44.0,57.7,5.73,1377.0,147.8,91.6,26.3,17.73,1460,308,13.07,175434,43,542981,209.5,5,93,91,100,100,Poor,True
Banana,3.0,11.7,43.1,4.1,983.0,175.9,34.2,98.5,13.11,1701,296,2.64,43772,26,98325,124.6,5,5,36,82,100,Poor,True
Banana,2.25,32.3,80.1,8.61,468.0,20.0,61.2,76.2,12.6,1448,274,1.86,32758,26,70875,116.4,100,5,99,5,5,Poor,True
Banana,6.25,25.6,68.6,7.23,1418.0,8.7,69.5,92.0,18.02,1448,269,6.57,93424,41,281562,201.4,100,97,100,100,5,Poor,True
Banana,10.0,43.0,35.0,8.29,144.0,42.3,61.6,25.8,7.51,1807,300,6.31,140993,6,187750,33.2,17,14,5,5,8,Poor,True
Banana,7.5,43.0,95.6,8.89,122.0,20.7,72.5,44.9,7.16,1811,297,4.68,107561,5,134250,24.8,17,5,5,5,5,Poor,True
Banana,3.5,34.9,72.3,6.24,1215.0,165.2,68.4,46.9,35.2,1408,268,6.22,50596,99,308000,508.7,100,100,100,100,100,Good,True
Banana,4.0,35.1,66.8,6.28,1329.0,164.3,74.5,43.3,36.22,1376,273,7.03,57728,99,362200,527.4,100,100,100,100,100,Good,True
Banana,6.25,23.0,78.4,6.04,1445.0,174.8,43.0,33.8,37.35,1396,274,11.35,85051,99,583594,586.2,100,100,100,100,100,Good,True
Banana,12.25,24.4,76.7,7.31,1815.0,152.1,62.2,94.0,34.66,1370,272,21.19,191503,96,1061462,454.3,100,91,100,100,100,Good,True
Banana,7.5,20.9,56.4,6.42,1739.0,25.4,69.9,75.6,17.8,1457,274,7.8,111947,41,333750,198.1,86,100,86,100,5,Poor,True
Banana,6.25,29.0,69.0,7.02,1538.0,186.0,80.2,84.9,37.5,1344,269,11.31,96720,99,585938,505.8,100,100,100,100,100,Good,True
Banana,9.0,43.0,96.1,4.03,356.0,9.5,77.3,21.4,7.28,1779,291,5.51,125458,5,163800,30.6,17,5,5,5,5,Poor,True
Banana,16.0,10.9,27.6,4.35,341.0,11.3,34.1,44.6,6.78,1723,303,9.62,218541,5,271200,24.1,5,5,5,5,5,Poor,True
Banana,1.0,30.1,66.0,6.92,3144.0,141.6,35.3,27.3,18.92,1425,272,1.13,13755,43,47300,243.9,100,100,100,5,100,Poor,True
Banana,0.5,10.7,16.4,4.78,102.0,15.3,90.1,38.4,6.8,1818,301,0.29,7601,7,8500,11.8,5,5,5,5,5,Poor,True
Banana,9.0,30.2,62.2,5.82,1180.0,133.5,84.4,81.9,37.18,1397,271,16.23,138717,99,836550,503.1,100,100,100,100,100,Good,True
Banana,7.5,8.5,57.5,6.63,1364.0,185.1,60.4,63.8,18.1,1418,296,7.69,112020,39,339375,203.0,5,100,91,100,100,Poor,True
Banana,9.0,34.8,83.2,6.11,1313.0,8.0,80.4,78.3,18.12,1508,269,9.53,136919,42,407700,197.8,100,100,80,100,5,Poor,True
Banana,5.0,33.8,68.4,6.46,1747.0,151.8,57.8,72.9,36.01,1340,262,8.92,72095,99,450125,524.3,100,100,100,100,100,Good,True
Banana,5.0,35.1,75.8,6.52,1493.0,129.0,85.4,35.4,35.24,1443,266,8.86,76484,99,440500,475.9,100,100,100,100,100,Good,True
Banana,7.5,13.7,15.8,4.05,191.0,14.6,45.1,94.5,7.08,1818,303,4.5,105704,5,132750,25.6,5,5,5,5,5,Poor,True
Banana,0.25,24.6,56.3,6.56,2540.0,137.7,49.2,65.4,24.92,1449,274,0.34,3516,65,15575,343.0,100,100,86,45,100,Moderate,True
Banana,1.5,35.2,61.5,6.39,1562.0,142.0,58.5,45.7,35.38,1377,264,2.74,21489,98,132675,517.4,100,100,100,100,100,Good,True
Banana,12.25,28.9,60.2,5.33,930.0,178.6,66.9,75.4,26.8,1366,267,16.71,183343,69,820750,347.7,100,55,100,73,100,Moderate,True
Banana,7.5,24.5,80.3,5.49,1826.0,132.5,95.3,59.9,30.15,1359,271,12.08,113534,82,565312,397.9,100,71,98,100,100,Good,True
Banana,3.0,29.6,74.0,6.92,2022.0,68.0,73.1,93.5,24.79,1355,274,3.91,45389,63,185925,309.6,100,100,100,89,38,Moderate,True
Banana,10.0,18.7,52.8,7.7,1961.0,205.2,97.6,39.9,26.15,1496,285,13.73,151344,64,653750,332.0,61,60,73,95,71,Moderate,True
Banana,5.0,24.5,36.5,7.51,373.0,84.9,57.1,27.5,14.17,1803,279,4.37,70154,25,177125,152.5,100,76,11,5,58,Poor,True
Banana,12.25,23.7,64.5,5.23,2594.0,60.5,67.6,79.6,20.25,1363,274,12.51,180352,45,620156,243.9,100,45,100,40,29,Moderate,True
Banana,5.0,14.7,65.6,5.43,974.0,120.5,44.1,51.3,19.15,1391,296,5.33,68590,43,239375,249.0,13,65,100,80,100,Poor,True
Banana,2.0,25.4,28.2,6.89,1097.0,133.6,72.3,96.0,18.34,1815,270,2.23,29546,46,91700,210.4,100,100,5,99,100,Poor,True
Banana,3.5,22.8,65.2,6.29,1327.0,121.9,42.1,87.9,36.05,1418,274,6.29,50099,99,315437,529.6,100,100,100,100,100,Good,True
Banana,12.25,32.2,51.5,6.01,1431.0,148.9,37.3,73.8,29.21,1476,271,18.83,162096,81,894556,451.9,100,100,68,100,100,Good,True
Banana,0.25,10.0,15.9,4.45,102.0,12.9,40.8,31.2,7.05,1765,300,0.15,3395,6,4406,29.8,5,5,5,5,5,Poor,True
Banana,6.25,23.8,72.3,6.95,1664.0,165.9,63.4,36.5,35.99,1391,261,11.42,88385,99,562344,536.2,100,100,100,100,100,Good,True
Banana,16.0,9.1,93.2,5.69,379.0,134.1,96.6,64.8,12.39,1763,302,13.66,255226,26,495600,94.2,5,89,16,5,100,Poor,True
Banana,6.25,28.2,78.6,6.08,2109.0,57.8,62.5,98.6,22.8,1445,271,7.55,93247,54,356250,282.0,100,100,100,82,26,Moderate,True
Banana,0.5,13.9,10.6,7.99,1906.0,194.9,82.0,40.9,13.72,1789,299,0.43,7202,25,17150,138.1,5,38,5,99,91,Poor,True
Banana,1.5,32.6,75.4,5.99,1477.0,126.9,99.1,54.0,37.19,1388,269,2.76,23358,98,139462,497.1,100,100,100,100,100,Good,True
Banana,16.0,33.1,95.4,6.45,1510.0,118.5,89.1,52.1,18.94,1814,265,17.73,234504,42,757600,223.1,100,100,5,100,98,Poor,True
Banana,1.0,25.6,61.7,6.79,1219.0,175.2,85.9,95.2,35.79,1384,269,1.82,15653,99,89475,471.6,100,100,100,100,100,Good,True
Banana,12.25,9.6,63.3,4.33,1175.0,92.3,47.3,75.0,15.17,1430,307,11.06,172865,31,464581,168.8,5,5,100,100,67,Poor,True
Banana,3.0,43.0,95.3,8.22,189.0,26.8,59.4,62.8,7.66,1838,296,1.92,44511,8,57450,29.1,17,20,5,5,5,Poor,True
Banana,7.5,10.1,14.7,4.5,227.0,33.7,91.2,30.2,7.37,1747,303,4.47,107129,5,138188,29.0,5,5,5,5,5,Poor,True
Banana,1.0,8.0,20.9,8.76,3000.0,19.0,37.5,41.0,7.08,1784,312,0.61,13420,5,17700,31.9,5,5,5,5,5,Poor,True
Banana,12.25,31.0,79.9,7.19,1838.0,124.3,37.2,81.3,35.57,1411,274,22.22,175086,99,1089331,522.2,100,100,100,100,100,Good,True
Banana,1.0,44.0,69.4,7.31,1077.0,174.7,90.5,65.5,17.91,1382,307,1.11,15423,42,44775,190.3,5,91,100,96,100,Poor,True
Banana,6.25,29.3,76.5,5.8,1142.0,203.5,76.2,90.9,31.12,1407,278,10.04,97310,82,486250,399.7,100,100,100,100,74,Good,True
Banana,4.0,25.0,84.5,5.92,1076.0,208.5,74.1,86.3,27.92,1545,271,5.95,60282,76,279200,363.2,100,100,72,96,65,Good,True
Banana,2.0,35.1,71.4,5.87,1168.0,33.7,46.5,84.4,18.65,1382,265,2.12,28659,44,93250,225.4,100,100,100,100,5,Poor,True
Banana,9.0,10.2,93.7,8.82,3000.0,34.1,99.7,35.6,7.11,1737,299,5.48,136292,5,159975,17.4,5,5,13,5,5,Poor,True
Banana,2.0,12.5,10.0,4.47,152.0,9.2,64.1,92.8,6.95,1774,298,1.17,29767,8,34750,16.7,5,5,5,5,5,Poor,True
Banana,3.5,26.6,62.8,7.18,2489.0,153.7,47.7,93.0,26.84,1417,274,5.0,51626,71,234850,354.9,100,100,100,49,100,Moderate,True
Banana,16.0,6.0,96.2,8.27,217.0,12.0,69.6,57.2,7.29,1833,309,9.59,236389,7,291600,23.4,5,15,5,5,5,Poor,True
Banana,2.0,43.0,26.7,4.52,3000.0,13.0,59.0,99.0,7.12,1792,299,1.26,30104,6,35600,18.3,17,5,5,5,5,Poor,True
Banana,10.0,10.4,27.4,4.01,220.0,29.6,57.8,61.9,6.83,1791,302,6.17,146282,6,170750,16.7,5,5,5,5,5,Poor,True
Banana,3.0,29.3,64.9,6.71,1530.0,161.3,63.5,32.8,36.66,1410,268,5.44,42696,99,274950,544.0,100,100,100,100,100,Good,True
Banana,3.0,11.5,18.5,4.12,186.0,20.0,30.7,25.6,7.03,1727,303,1.87,39421,6,52725,33.7,5,5,5,5,5,Poor,True
Banana,1.0,34.7,83.2,6.4,1720.0,7.2,83.5,65.7,18.13,1516,274,1.01,14813,40,45325,206.0,100,100,80,100,5,Poor,True
Banana,1.5,29.2,61.6,7.28,1732.0,193.6,41.9,33.3,34.17,1412,273,2.59,19897,95,128138,544.0,100,94,100,100,93,Good,True
Banana,12.25,12.9,15.9,4.3,147.0,7.5,55.6,25.5,6.53,1790,301,7.5,165240,7,199981,21.0,5,5,5,5,5,Poor,True
Banana,16.0,12.7,17.0,4.78,199.0,5.9,30.2,82.3,6.79,1861,306,9.66,229697,6,271600,18.2,5,5,5,5,5,Poor,True
Banana,1.0,37.1,59.7,5.63,1759.0,96.9,92.6,56.3,29.33,1404,265,1.54,15105,79,73325,385.4,87,84,99,100,73,Good,True
Banana,6.25,31.6,67.3,6.43,1742.0,192.7,39.4,73.1,35.48,1346,272,11.19,88191,97,554375,528.6,100,100,100,100,95,Good,True
Banana,9.0,25.1,67.0,6.32,1112.0,179.9,88.2,75.6,36.48,1471,268,16.42,139005,99,820800,490.5,100,100,100,100,100,Good,True
Banana,1.0,33.8,69.9,6.4,1407.0,174.9,51.6,85.7,36.17,1371,278,1.8,14724,99,90425,514.1,100,100,100,100,100,Good,True
Banana,4.0,7.2,19.6,8.32,3000.0,34.0,48.9,45.9,7.23,1779,293,2.42,56060,5,72300,29.0,5,12,5,5,5,Poor,True
Banana,0.25,29.2,88.7,6.54,2412.0,82.8,72.6,24.2,23.07,1679,266,0.31,3645,59,14419,295.6,100,100,45,56,56,Moderate,True
Banana,9.0,10.6,79.6,5.15,795.0,72.6,66.7,47.9,13.42,1386,306,7.68,130302,26,301950,131.7,5,38,100,52,44,Poor,True
Banana,2.25,38.8,23.4,6.58,741.0,80.0,45.1,61.3,13.87,1801,275,2.03,31473,30,78019,147.9,67,100,5,43,53,Poor,True
Banana,16.0,35.9,69.0,5.9,1571.0,172.7,72.6,91.0,36.22,1393,278,29.09,243959,99,1448800,493.9,100,100,100,100,100,Good,True
Banana,10.0,23.6,69.6,6.65,1243.0,133.1,35.7,68.0,35.75,1449,273,18.07,140738,99,893750,535.0,100,100,100,100,100,Good,True
Banana,7.5,31.5,79.4,6.58,1366.0,149.3,54.5,96.8,37.29,1450,265,13.54,112692,99,699188,520.4,100,100,100,100,100,Good,True
Banana,9.0,17.6,75.7,5.52,2521.0,211.7,68.9,49.3,22.57,1374,277,11.47,124728,56,507825,307.1,48,73,100,46,59,Moderate,True
Banana,0.25,5.2,16.4,4.47,63.0,15.8,72.1,80.6,6.96,1861,301,0.15,3895,5,4350,11.7,5,5,5,5,5,Poor,True
Banana,6.25,44.2,88.8,8.29,2811.0,59.5,60.0,65.3,9.81,1593,302,4.59,90927,15,153281,68.6,5,14,44,21,28,Poor,True
Banana,16.0,23.5,73.4,7.14,1121.0,144.1,73.9,32.5,35.91,1345,278,28.1,228153,99,1436400,529.6,100,100,100,100,100,Good,True
Banana,3.5,34.9,74.1,6.45,1467.0,142.0,33.0,57.1,37.27,1398,265,6.33,47334,99,326113,589.0,100,100,100,100,100,Good,True
Banana,1.5,12.2,18.3,4.81,3000.0,20.2,66.1,62.9,6.89,1732,307,0.9,21170,5,25837,22.0,5,6,5,5,5,Poor,True
Banana,1.5,9.9,31.4,8.59,226.0,49.1,64.5,34.8,7.24,1716,301,0.94,21413,6,27150,26.8,5,5,5,5,16,Poor,True
Banana,9.0,29.3,78.5,6.41,1422.0,134.2,31.5,24.5,35.41,1400,270,16.14,116666,99,796725,582.9,100,100,100,100,100,Good,True
Banana,0.5,8.2,55.0,5.5,1936.0,116.8,69.9,59.8,16.97,1519,302,0.5,7439,38,21212,185.1,5,72,81,97,96,Poor,True
Banana,4.0,38.0,97.0,7.25,1214.0,167.7,61.2,74.8,17.87,1777,282,4.15,57895,39,178700,208.7,76,96,5,100,100,Poor,True
Banana,5.0,32.9,79.9,7.0,1418.0,9.5,54.1,85.5,19.02,1436,268,5.56,75972,44,237750,212.9,100,100,100,100,5,Poor,True
Banana,4.0,32.4,64.0,7.06,1512.0,186.9,78.8,49.9,36.34,1394,266,7.46,58004,99,363400,526.5,100,100,100,100,100,Good,True
Banana,1.0,25.4,46.9,6.46,1090.0,68.2,74.5,60.0,23.68,1610,270,1.29,14484,56,59200,308.7,100,100,50,98,39,Moderate,True
Banana,12.25,43.0,30.8,4.1,134.0,17.3,43.1,69.7,7.25,1857,305,7.7,176797,5,222031,25.6,17,5,5,5,5,Poor,True
Banana,1.0,31.6,67.3,6.74,1245.0,133.1,98.7,42.8,36.49,1382,269,1.81,15316,99,91225,495.6,100,100,100,100,100,Good,True
Banana,9.0,9.4,10.4,4.11,187.0,6.7,78.5,51.5,6.86,1858,311,5.37,135416,8,154350,14.0,5,5,5,5,5,Poor,True
Banana,1.5,43.0,28.0,8.45,3000.0,29.0,63.9,56.6,7.34,1782,302,0.94,22151,5,27525,24.3,17,5,5,5,5,Poor,True
Banana,16.0,7.2,19.0,4.04,153.0,8.2,60.8,73.5,7.02,1806,302,9.57,233364,7,280800,20.3,5,5,5,5,5,Poor,True
Banana,3.5,10.8,31.7,4.72,192.0,27.7,87.4,91.2,7.06,1776,299,2.09,55563,6,61775,11.2,5,5,5,5,5,Poor,True
Banana,12.25,7.1,94.6,4.88,493.0,46.9,89.4,50.3,7.3,1802,306,7.49,184474,7,223562,21.2,5,12,8,5,13,Poor,True
Banana,6.25,24.7,76.9,6.28,1104.0,186.7,97.0,48.8,36.56,1406,273,10.98,95640,99,571250,497.3,100,100,100,100,100,Good,True
Banana,4.0,43.0,97.7,8.87,3000.0,28.6,76.0,44.8,7.35,1832,301,2.4,59290,6,73500,24.0,17,5,5,5,5,Poor,True
Banana,9.0,13.8,93.3,8.48,3000.0,25.0,65.7,30.9,6.92,1800,300,5.47,124696,9,155700,24.9,5,5,16,5,5,Poor,True
Banana,3.5,28.4,74.8,6.61,1152.0,144.4,48.6,70.1,35.97,1428,276,6.3,47697,99,314738,559.9,100,100,100,100,100,Good,True
Banana,10.0,31.5,59.2,5.35,2763.0,147.2,65.6,43.0,21.51,1415,271,11.82,148788,52,537750,261.4,100,57,97,25,100,Moderate,True
Banana,1.0,22.2,63.6,5.97,1131.0,126.3,30.4,85.5,36.05,1426,270,1.76,13938,99,90125,546.6,100,100,100,100,100,Good,True
Banana,3.5,11.5,19.6,8.54,333.0,43.4,66.6,67.2,6.8,1799,295,2.19,50253,5,59500,18.4,5,5,5,5,9,Poor,True
Banana,12.25,30.9,27.8,7.22,2581.0,72.8,73.2,46.1,14.9,1841,266,11.48,174747,32,456312,161.1,100,98,5,41,44,Poor,True
Banana,1.0,16.2,26.0,6.62,399.0,38.2,91.9,71.8,10.83,1775,294,0.77,15963,17,27075,69.6,31,100,5,5,5,Poor,True
Banana,1.5,7.6,16.2,4.49,177.0,18.4,80.3,26.5,6.76,1868,303,0.93,22655,5,25350,11.9,5,5,5,5,5,Poor,True
Banana,10.0,44.0,62.9,6.51,1387.0,145.4,60.9,82.7,18.49,1416,294,10.98,145490,43,462250,217.7,5,100,100,100,100,Poor,True
Banana,0.5,7.7,18.2,4.3,174.0,13.2,98.0,89.3,7.09,1727,300,0.31,8337,5,8862,6.3,5,5,5,5,5,Poor,True
Banana,6.25,28.8,61.7,7.06,1347.0,163.2,66.4,68.3,34.94,1443,271,11.23,89959,99,545938,506.9,100,100,100,100,100,Good,True
Banana,7.5,22.5,99.5,5.12,1305.0,153.9,62.9,99.9,16.7,1829,271,7.41,115493,34,313125,171.1,100,35,5,100,100,Poor,True
Banana,9.0,29.3,42.5,7.83,2290.0,205.8,44.4,70.9,20.03,1611,266,10.08,127420,49,450675,253.7,100,50,34,66,70,Moderate,True
Banana,4.0,31.3,71.1,5.94,1760.0,177.6,84.3,51.2,35.84,1405,263,7.22,60421,99,358400,493.2,100,100,100,100,100,Good,True
Banana,16.0,19.2,84.8,6.28,1915.0,220.0,96.4,62.7,23.14,1530,285,20.33,249281,58,925600,271.3,67,100,69,99,43,Moderate,True
Banana,5.0,28.7,96.3,6.99,1484.0,139.4,74.2,27.3,17.83,1738,267,5.35,70544,41,222875,215.9,100,100,5,100,100,Poor,True
Banana,9.0,43.0,97.8,8.24,3000.0,33.6,41.4,25.4,7.67,1812,299,5.57,121926,7,172575,41.5,17,18,5,5,5,Poor,True
Banana,9.0,11.6,93.1,8.25,3000.0,18.5,39.8,70.3,7.83,1760,295,5.7,124587,9,176175,41.4,5,17,17,5,5,Poor,True
Banana,5.0,21.8,78.3,7.45,2401.0,133.3,86.0,80.2,27.3,1363,273,7.23,76673,73,341250,345.1,98,80,100,57,100,Moderate,True
Banana,6.25,17.1,40.2,5.84,2311.0,188.5,59.6,45.7,19.1,1710,283,6.94,90438,43,298438,230.0,42,100,25,64,100,Moderate,True
Banana,12.25,35.8,46.6,6.95,1568.0,95.1,69.6,87.2,25.68,1575,266,16.51,189501,68,786450,315.0,100,100,49,100,70,Moderate,True
Banana,12.25,23.9,73.7,5.95,1208.0,181.0,74.8,53.3,36.38,1371,269,21.46,174032,98,1114138,540.2,100,100,100,100,100,Good,True
Banana,1.0,35.1,68.3,6.74,1867.0,157.4,36.3,22.8,35.1,1403,276,1.75,13221,99,87750,563.7,100,100,100,100,100,Good,True
Banana,2.25,33.1,81.3,5.22,647.0,99.0,66.3,56.1,19.81,1439,260,2.55,31264,49,111431,256.4,100,45,92,28,75,Moderate,True
Banana,10.0,36.6,12.7,7.42,1673.0,124.1,54.4,93.5,17.83,1793,274,10.39,151885,39,445750,193.5,93,83,5,100,100,Poor,True
Banana,0.5,23.6,69.1,5.88,1531.0,167.8,37.6,78.9,34.85,1403,264,0.89,6894,99,43562,531.9,100,100,100,100,100,Good,True
Banana,7.5,40.0,56.5,7.06,1789.0,118.2,83.5,99.1,26.35,1473,292,10.83,119054,71,494062,315.0,53,100,87,100,98,Moderate,True
Banana,1.5,24.6,70.3,6.94,2015.0,54.8,52.9,77.3,21.94,1338,271,1.86,21885,54,82275,275.9,100,100,100,90,23,Moderate,True
Banana,3.5,34.2,14.4,6.94,1903.0,128.6,97.5,34.5,18.81,1796,266,3.81,50124,42,164587,228.4,100,100,5,100,100,Poor,True
Banana,9.0,29.6,72.7,6.17,1605.0,159.7,54.3,86.9,37.74,1410,268,15.92,131909,99,849150,543.7,100,100,100,100,100,Good,True
Banana,1.5,8.1,19.1,5.92,620.0,139.9,48.9,36.6,13.21,1807,298,1.27,20829,25,49538,137.8,5,100,5,24,100,Poor,True
Banana,1.0,30.9,75.1,6.05,1267.0,129.4,37.2,82.7,35.65,1404,267,1.71,13637,99,89125,553.6,100,100,100,100,100,Good,True
Banana,2.25,28.9,56.3,6.06,488.0,140.2,40.8,28.0,18.49,1434,274,2.36,31327,41,104006,232.0,100,100,86,5,100,Poor,True
Banana,3.5,8.1,15.0,8.2,3000.0,14.4,49.6,53.2,7.58,1792,300,2.23,49907,7,66325,32.9,5,21,5,5,5,Poor,True
Banana,10.0,12.3,100.0,8.43,1189.0,192.0,47.2,49.3,13.2,1750,296,8.44,143978,23,330000,129.2,5,5,5,100,96,Poor,True
Banana,0.5,28.9,75.8,5.87,1235.0,161.2,49.4,76.8,34.25,1415,274,0.92,6945,99,42812,516.4,100,100,100,100,100,Good,True
Banana,10.0,26.4,96.6,5.6,1829.0,172.3,32.6,33.7,17.7,1778,268,10.64,130410,41,442500,239.3,100,81,5,100,100,Poor,True
Banana,4.0,37.8,46.4,6.63,2239.0,112.2,40.6,48.8,24.7,1611,279,5.15,55825,64,247000,342.5,78,100,48,71,91,Moderate,True
Banana,3.0,39.9,76.9,7.61,1488.0,153.1,80.5,27.1,26.14,1342,283,4.08,43961,70,196050,346.0,54,67,100,100,100,Moderate,True
Banana,4.0,32.1,96.1,5.14,1118.0,174.5,63.2,72.0,16.59,1784,265,3.91,59138,36,165900,180.5,100,37,5,100,100,Poor,True
Banana,4.0,39.6,65.1,7.66,1819.0,52.2,76.8,93.8,19.08,1433,284,4.3,61136,44,190800,212.1,58,64,100,100,19,Poor,True
Banana,0.25,28.3,61.4,8.84,1166.0,140.7,67.5,33.6,18.61,1421,273,0.27,3572,44,11631,225.6,100,5,100,100,100,Poor,True
Banana,3.5,29.4,66.5,6.87,1465.0,144.0,33.6,90.7,35.36,1440,271,6.4,51594,99,309400,499.7,100,100,100,100,100,Good,True
Banana,6.25,19.6,62.9,5.67,1591.0,155.4,39.9,77.8,30.8,1416,286,10.01,89348,83,481250,438.6,72,88,100,100,100,Good,True
Banana,0.25,22.5,63.3,6.82,1739.0,161.5,47.2,43.0,37.4,1413,272,0.44,3332,99,23375,601.5,100,100,100,100,100,Good,True
Banana,9.0,28.2,73.8,6.71,1748.0,138.9,62.9,90.2,36.46,1385,273,15.64,128600,99,820350,537.9,100,100,100,100,100,Good,True
Banana,3.0,21.6,66.5,8.59,1503.0,151.6,86.2,91.7,18.75,1363,278,3.27,47794,43,140625,194.2,95,5,100,100,100,Poor,True
Banana,2.25,11.9,79.8,7.4,1579.0,174.2,99.5,69.0,18.12,1383,297,2.41,35378,43,101925,188.1,5,84,100,100,100,Poor,True
Banana,0.5,22.0,58.7,6.4,2134.0,140.5,30.3,49.2,32.16,1444,272,0.83,6563,84,40200,512.5,100,100,95,80,100,Good,True
Banana,6.25,35.9,78.6,6.63,1296.0,136.3,67.2,68.3,34.51,1383,276,11.27,91472,98,539219,489.5,100,100,100,100,100,Good,True
Banana,0.5,9.8,93.3,4.04,3000.0,23.1,65.6,67.2,7.51,1682,290,0.3,7196,7,9388,30.5,5,5,16,5,5,Poor,True
Banana,1.0,30.8,72.3,6.99,1658.0,164.9,34.4,81.6,36.55,1395,275,1.85,14064,99,91375,549.7,100,100,100,100,100,Good,True
Banana,3.0,18.4,86.4,5.71,695.0,112.9,69.0,90.6,21.11,1585,283,3.55,46120,49,158325,243.3,57,92,60,36,92,Moderate,True
Banana,10.0,29.2,67.3,6.44,1681.0,155.6,72.9,82.2,35.86,1431,267,18.4,156692,99,896500,472.1,100,100,100,100,100,Good,True
Banana,0.5,7.7,17.9,4.46,56.0,18.1,80.2,59.1,7.0,1781,303,0.31,7371,5,8750,18.7,5,5,5,5,5,Poor,True
Banana,4.0,13.6,18.3,4.67,186.0,5.0,73.7,78.8,7.06,1815,294,2.42,60890,5,70600,15.9,5,5,5,5,5,Poor,True
Banana,3.5,10.0,66.7,4.0,2054.0,2.0,47.6,90.8,12.41,1387,297,2.98,51089,23,108588,112.5,5,5,100,87,5,Poor,True
Banana,4.0,24.4,62.2,8.67,1484.0,117.8,31.1,53.0,17.92,1369,281,4.31,53512,44,179200,234.9,100,5,100,100,97,Poor,True
Banana,9.0,12.5,13.5,4.26,139.0,14.2,97.6,23.1,7.1,1781,305,5.43,131622,5,159750,21.4,5,5,5,5,5,Poor,True
Banana,9.0,25.3,59.2,5.61,3187.0,116.9,90.6,79.9,17.61,1440,264,9.51,140086,42,396225,182.8,100,82,97,5,96,Poor,True
Banana,4.0,17.2,69.9,5.45,2679.0,70.6,79.9,33.1,19.19,1408,284,4.39,58004,44,191900,230.8,43,67,100,33,41,Poor,True
Banana,0.5,30.8,73.5,6.8,1776.0,159.0,41.8,34.5,36.52,1349,263,0.92,6773,99,45650,574.0,100,100,100,100,100,Good,True
Banana,4.0,15.1,11.6,6.0,2102.0,114.8,90.7,86.1,15.05,1847,299,3.84,63574,32,150500,136.7,18,100,5,83,94,Poor,True
Banana,6.25,31.9,83.9,6.59,1289.0,21.4,89.2,79.1,17.69,1526,270,6.68,95843,40,276406,188.4,100,100,75,100,5,Poor,True
Banana,16.0,20.5,19.5,6.95,1744.0,190.2,83.3,83.8,18.25,1736,272,16.61,255429,44,730000,185.8,82,100,5,100,100,Poor,True
Banana,12.25,37.9,44.9,7.64,2445.0,173.7,36.4,44.1,22.03,1618,278,14.97,164041,54,674669,311.3,77,65,43,53,100,Moderate,True
Banana,3.0,26.3,78.9,6.09,1469.0,186.5,80.3,86.7,35.54,1373,270,5.37,45631,99,266550,484.1,100,100,100,100,100,Good,True
Banana,0.25,22.1,65.2,6.86,1632.0,126.8,98.3,32.3,35.18,1372,270,0.46,3908,99,21988,462.6,100,100,100,100,100,Good,True
Banana,2.0,25.3,74.6,6.02,1306.0,180.2,57.9,30.7,35.6,1377,266,3.48,27062,99,178000,557.7,100,100,100,100,100,Good,True
Banana,2.25,20.3,15.4,7.41,1804.0,123.0,48.9,77.3,17.3,1785,275,2.37,31209,38,97313,211.8,80,84,5,100,100,Poor,True
Banana,7.5,24.0,97.8,6.16,1628.0,116.8,39.5,40.9,17.8,1767,271,8.2,101138,41,333750,230.0,100,100,5,100,96,Poor,True
Banana,12.25,28.8,25.4,5.2,531.0,138.3,84.2,24.5,14.13,1853,271,10.94,175824,28,432731,146.1,100,43,5,10,100,Poor,True
Banana,2.0,26.6,41.3,6.02,2853.0,190.5,31.9,35.3,18.2,1704,267,2.2,25711,46,91000,253.9,100,100,29,18,99,Poor,True
Banana,3.0,27.6,69.5,6.67,1272.0,155.1,61.3,95.1,36.42,1376,263,5.36,46544,99,273150,486.9,100,100,100,100,100,Good,True
Banana,3.0,30.8,97.0,5.72,1450.0,122.0,76.4,46.6,17.64,1838,267,3.2,44080,45,132300,200.1,100,93,5,100,100,Poor,True
Banana,3.0,10.8,18.4,4.45,157.0,8.5,46.1,32.9,6.93,1809,307,1.76,39389,5,51975,32.0,5,5,5,5,5,Poor,True
Banana,6.25,32.3,65.7,6.51,1897.0,122.1,52.6,50.5,36.27,1404,267,11.0,89498,99,566719,533.2,100,100,100,100,100,Good,True
Banana,4.0,10.7,14.8,4.33,138.0,18.4,78.7,42.0,7.11,1791,311,2.36,59637,5,71100,19.2,5,5,5,5,5,Poor,True
Banana,3.5,39.0,41.8,7.84,647.0,166.6,81.5,84.0,18.01,1648,286,3.62,53604,43,157588,194.0,65,50,31,28,100,Poor,True
Banana,0.25,34.8,79.6,6.12,1422.0,188.7,50.0,92.0,35.86,1429,269,0.45,3734,99,22412,500.2,100,100,100,100,100,Good,True
Banana,9.0,43.0,22.5,4.38,3000.0,6.8,33.8,39.7,7.34,1763,301,5.55,121719,7,165150,35.7,17,5,5,5,5,Poor,True
Banana,5.0,13.4,13.8,4.1,192.0,18.6,80.5,46.7,6.83,1823,303,3.03,74471,5,85375,14.6,5,5,5,5,5,Poor,True
Banana,0.5,37.0,69.7,5.78,428.0,196.7,64.3,94.6,17.59,1432,271,0.52,7585,41,21988,189.9,88,98,100,5,87,Poor,True
Banana,16.0,23.6,64.5,6.13,1403.0,159.5,84.7,54.3,36.07,1346,269,27.65,235076,98,1442800,513.8,100,100,100,100,100,Good,True
Banana,12.25,38.3,84.7,5.45,2852.0,210.6,71.1,43.3,17.15,1567,272,12.66,181205,41,525219,189.8,72,67,70,18,61,Poor,True
Banana,9.0,32.6,78.3,6.87,1224.0,28.4,70.1,76.6,18.29,1424,271,9.53,133757,43,411525,207.7,100,100,100,100,5,Poor,True
Banana,10.0,26.0,80.5,6.83,1741.0,191.1,90.5,35.6,34.98,1453,270,18.24,152001,99,874500,475.3,100,100,97,100,98,Good,True
Banana,5.0,23.6,76.5,6.23,885.0,133.4,80.8,34.6,29.18,1390,267,7.57,73390,81,364750,397.0,100,100,100,66,100,Good,True
Banana,9.0,31.0,70.7,6.13,1220.0,168.4,51.1,95.7,35.36,1447,272,15.82,131178,99,795600,506.5,100,100,100,100,100,Good,True
Banana,1.5,6.4,12.8,4.13,74.0,7.8,41.2,62.4,7.04,1853,301,0.93,21172,6,26400,24.7,5,5,5,5,5,Poor,True
Banana,7.5,33.8,50.2,6.63,1783.0,167.2,45.6,61.8,28.55,1546,278,11.29,102710,78,535312,421.2,100,100,63,100,100,Good,True
Banana,6.25,32.1,82.8,7.87,1849.0,190.8,85.0,35.7,25.26,1533,268,8.42,88245,68,394688,347.3,100,47,82,100,98,Moderate,True
Banana,12.25,28.2,72.1,6.63,1661.0,155.7,95.7,46.0,36.41,1429,271,22.09,186087,99,1115056,499.2,100,100,100,100,100,Good,True
Banana,0.25,38.9,62.2,6.46,2590.0,101.5,80.5,37.4,22.74,1355,279,0.31,3610,59,14212,293.7,65,100,100,40,78,Moderate,True
Banana,16.0,29.1,12.5,4.72,2077.0,154.3,90.3,43.3,15.31,1772,276,14.92,244664,33,612400,150.3,100,5,5,85,100,Poor,True
Banana,3.5,13.9,35.0,4.31,3000.0,22.5,77.3,61.8,6.84,1830,299,2.12,52527,5,59850,13.9,5,5,5,5,5,Poor,True
Banana,12.25,25.0,62.8,7.22,1181.0,12.7,79.4,92.4,19.35,1372,278,13.78,185118,41,592594,220.1,100,99,100,100,5,Poor,True
Banana,3.0,32.9,41.4,5.4,2736.0,138.8,73.0,35.1,20.07,1628,275,3.42,43142,46,150525,248.9,100,62,29,28,100,Moderate,True
Banana,3.5,31.9,70.4,6.39,1628.0,121.5,75.0,56.7,35.84,1399,266,6.52,52951,99,313600,492.2,100,100,100,100,100,Good,True
Banana,1.0,44.0,81.9,7.35,1883.0,169.1,68.7,85.0,17.75,1463,307,1.04,14915,39,44375,197.5,5,88,88,100,100,Poor,True
Banana,12.25,31.7,80.8,6.35,2330.0,79.0,91.9,89.1,25.77,1459,268,16.71,183850,66,789206,329.3,100,100,95,63,51,Moderate,True
Banana,5.0,30.5,64.9,5.8,1700.0,146.0,44.5,61.8,35.81,1366,275,9.21,70475,99,447625,535.2,100,100,100,100,100,Good,True
Banana,1.0,20.6,62.5,5.76,1472.0,27.5,70.8,83.0,17.31,1421,281,1.05,14845,42,43275,191.5,83,96,100,100,5,Poor,True
Banana,4.0,29.4,43.4,6.19,911.0,95.6,35.6,92.5,22.34,1643,273,4.92,55411,56,223400,303.2,100,100,37,70,71,Moderate,True
Banana,0.5,29.2,57.2,7.18,1711.0,5.8,47.0,22.6,18.17,1434,268,0.56,6629,41,22713,242.6,100,100,89,100,5,Poor,True
Banana,16.0,34.0,45.9,5.56,2129.0,130.9,74.7,41.4,24.91,1580,277,21.67,228242,61,996400,336.6,100,77,47,80,100,Moderate,True
Banana,7.5,24.6,62.1,7.35,1701.0,21.9,69.9,24.7,18.07,1421,263,8.05,109443,46,338812,209.6,100,88,100,100,5,Poor,True
Banana,12.25,39.1,72.6,5.74,1917.0,77.7,79.0,34.8,25.32,1404,284,16.58,180276,67,775425,330.1,63,94,100,99,50,Moderate,True
Banana,2.0,36.0,80.3,7.1,108.0,152.4,31.0,58.6,18.72,1359,261,2.1,26842,39,93600,248.7,100,100,98,5,100,Poor,True
Banana,3.5,34.7,64.7,6.05,1395.0,19.7,92.2,64.6,18.86,1397,267,3.75,55296,41,165025,198.4,100,100,100,100,5,Poor,True
Banana,16.0,35.6,56.2,7.1,1066.0,33.5,65.2,43.8,18.7,1490,266,16.85,227397,38,748000,228.9,100,100,86,95,5,Poor,True
Banana,7.5,32.3,35.7,7.6,2284.0,33.6,73.4,41.5,13.35,1819,266,6.76,107722,28,250312,132.4,100,69,8,67,5,Poor,True
Banana,1.0,15.0,43.0,7.23,2621.0,8.3,74.7,50.5,11.94,1684,305,0.85,14541,20,29850,105.3,17,97,35,38,5,Poor,True
Banana,10.0,37.7,64.3,7.55,1153.0,217.6,39.5,87.1,24.94,1421,277,13.1,140105,67,623500,345.0,80,73,100,100,47,Moderate,True
Banana,2.25,9.1,19.4,4.75,50.0,7.6,87.3,74.2,6.89,1800,294,1.38,34543,6,38756,12.2,5,5,5,5,5,Poor,True
Banana,0.5,43.0,32.5,8.24,3000.0,49.0,40.0,72.8,7.83,1823,298,0.33,6801,9,9788,43.9,17,17,5,5,16,Poor,True
Banana,1.5,30.7,73.5,5.95,1680.0,153.8,61.2,91.7,37.21,1455,264,2.64,22362,99,139538,524.0,100,100,100,100,100,Good,True
Banana,1.5,18.6,45.3,7.57,1432.0,115.7,65.5,82.9,23.99,1625,291,1.94,22437,60,89962,301.0,60,70,44,100,95,Moderate,True
Banana,0.5,13.5,95.8,8.37,3000.0,42.9,52.7,35.9,7.1,1734,299,0.31,6744,5,8875,31.6,5,7,5,5,8,Poor,True
Banana,3.0,30.1,67.2,6.62,1690.0,132.8,80.1,21.9,35.71,1439,275,5.52,43636,99,267825,513.8,100,100,100,100,100,Good,True
Banana,3.5,35.6,78.6,4.22,1499.0,169.2,39.8,52.6,18.81,1375,274,3.77,48054,41,164587,242.5,100,5,100,100,100,Poor,True
Banana,12.25,22.1,57.6,5.82,2720.0,158.1,34.7,99.1,22.49,1435,267,15.51,172047,57,688756,300.3,100,100,91,29,100,Moderate,True
Banana,3.0,29.1,56.0,4.69,1924.0,176.9,63.5,47.6,18.19,1471,270,3.2,42682,41,136425,219.6,100,5,85,98,100,Poor,True
Banana,12.25,40.6,74.0,4.95,447.0,121.7,53.5,87.5,14.62,1409,284,11.31,177363,28,447738,152.4,46,19,100,5,100,Poor,True
Banana,4.0,21.9,71.0,7.49,2126.0,120.6,58.8,39.8,32.1,1422,266,6.56,58162,82,321000,451.9,99,77,100,80,100,Good,True
Banana,2.0,39.3,77.1,6.28,612.0,90.7,93.7,69.5,19.38,1398,283,2.21,30937,45,96900,213.2,61,100,100,23,65,Moderate,True
Banana,12.25,40.7,42.9,7.63,2850.0,149.5,43.0,99.3,16.8,1712,287,11.89,176819,36,514500,191.0,44,66,35,18,100,Poor,True
Banana,10.0,6.5,18.6,4.32,138.0,9.2,68.4,24.9,6.95,1831,301,6.08,143520,6,173750,21.1,5,5,5,5,5,Poor,True
Banana,12.25,43.0,93.8,4.63,276.0,25.7,35.6,23.2,7.44,1757,294,7.96,164380,5,227850,38.6,17,5,12,5,5,Poor,True
Banana,3.0,30.3,62.9,7.79,1288.0,82.3,34.8,22.9,25.44,1415,262,4.18,38608,69,190800,394.2,100,53,100,100,55,Moderate,True
Banana,10.0,36.1,97.5,7.28,1864.0,137.0,66.7,20.7,18.44,1763,274,10.78,138168,43,461000,233.7,99,94,5,100,100,Poor,True
Banana,0.5,9.1,96.7,4.31,91.0,42.2,76.1,82.3,6.98,1715,301,0.31,7701,5,8725,13.3,5,5,5,5,8,Poor,True
Banana,12.25,29.0,88.1,5.21,1234.0,226.6,34.3,33.6,20.24,1632,273,13.81,157482,48,619850,293.6,100,44,48,100,30,Moderate,True
Banana,0.5,43.0,33.1,4.28,379.0,45.0,36.0,25.9,7.43,1758,292,0.32,6590,5,9288,40.9,17,5,5,5,11,Poor,True
Banana,6.25,23.0,61.9,7.08,1597.0,151.9,62.1,73.7,35.48,1384,274,11.18,94484,99,554375,486.7,100,100,100,100,100,Good,True
Banana,0.25,24.4,62.9,5.48,848.0,129.9,49.2,97.4,28.34,1434,265,0.36,3579,73,17712,394.9,100,69,100,60,100,Moderate,True
Banana,1.0,22.2,65.6,7.15,1246.0,153.1,35.3,84.1,34.94,1426,274,1.78,14388,99,87350,507.1,100,100,100,100,100,Good,True
Banana,1.5,9.0,95.6,8.23,3000.0,34.1,48.7,41.2,7.51,1788,304,0.97,20488,8,28162,37.5,5,19,5,5,5,Poor,True
Banana,10.0,38.4,87.4,6.87,781.0,68.2,46.0,95.0,20.74,1620,281,12.05,141985,46,518500,265.2,72,100,53,50,38,Moderate,True
Banana,0.5,31.6,73.0,4.32,1876.0,166.0,48.6,30.5,18.22,1355,266,0.55,6725,44,22775,238.7,100,5,100,100,100,Poor,True
Banana,6.25,30.0,82.7,7.47,263.0,181.1,54.0,38.4,17.36,1515,268,6.49,87410,39,271250,210.3,100,79,83,5,100,Poor,True
Banana,1.0,35.1,73.8,5.57,102.0,188.6,38.2,92.6,17.5,1403,275,1.05,14173,41,43750,208.7,100,78,100,5,100,Poor,True
Banana,2.0,29.2,76.2,5.8,1667.0,155.5,60.4,89.2,36.02,1410,272,3.46,29599,99,180100,508.5,100,100,100,100,100,Good,True
Banana,2.0,34.7,73.7,6.6,3051.0,149.7,73.1,41.1,18.55,1388,271,2.12,29722,43,92750,212.1,100,100,100,5,100,Poor,True
Banana,3.0,43.0,93.1,4.95,478.0,43.2,32.5,36.0,7.94,1804,298,1.96,40425,8,59550,47.3,17,20,17,5,9,Poor,True
Banana,16.0,25.2,62.0,6.86,1390.0,162.3,92.8,35.0,36.2,1332,277,28.97,248949,99,1448000,481.6,100,100,100,100,100,Good,True
Banana,5.0,6.1,97.9,8.72,3000.0,37.4,32.4,68.8,6.92,1859,290,3.0,70419,5,86500,22.8,5,5,5,5,5,Poor,True
Banana,12.25,11.4,30.7,4.67,408.0,47.5,79.4,41.5,7.24,1835,307,7.64,175661,5,221725,26.2,5,5,5,5,14,Poor,True
Banana,9.0,5.2,79.4,5.91,1580.0,182.6,41.5,77.5,18.2,1440,304,9.66,127110,45,409500,222.2,5,100,100,100,100,Poor,True
Banana,2.25,10.6,19.4,4.09,169.0,7.0,79.1,83.4,7.05,1805,293,1.33,34958,5,39656,13.4,5,5,5,5,5,Poor,True
Banana,1.0,30.9,61.5,6.53,1300.0,141.8,42.9,61.7,35.06,1409,270,1.86,14298,99,87650,513.0,100,100,100,100,100,Good,True
Banana,3.5,26.4,65.8,8.6,1076.0,170.0,73.6,84.0,18.91,1340,272,3.66,54112,42,165462,205.8,100,5,100,96,100,Poor,True
Banana,9.0,34.6,60.3,6.95,1306.0,165.7,48.5,35.3,35.24,1447,273,15.82,122588,99,792900,546.8,100,100,100,100,100,Good,True
Banana,3.5,33.3,83.9,4.74,1336.0,129.0,63.5,62.6,17.86,1471,269,3.68,49943,40,156275,212.9,100,5,75,100,100,Poor,True
Banana,0.5,43.0,31.3,4.88,480.0,36.4,62.8,85.5,7.77,1823,300,0.32,7518,7,9712,29.2,17,12,5,5,5,Poor,True
Banana,0.5,21.2,66.9,5.96,1025.0,212.7,43.2,78.9,28.2,1408,275,0.71,6999,72,35250,403.6,91,100,100,88,57,Moderate,True
Banana,0.25,33.1,70.9,6.9,1786.0,174.0,64.5,59.8,35.34,1395,270,0.46,3642,99,22088,506.5,100,100,100,100,100,Good,True
Banana,3.0,31.4,69.8,6.75,1768.0,143.9,66.2,73.1,35.94,1433,268,5.41,44390,99,269550,507.2,100,100,100,100,100,Good,True
Banana,0.25,37.3,75.9,6.36,3013.0,115.4,30.2,75.3,17.51,1415,276,0.27,3519,42,10944,211.0,85,100,100,5,94,Poor,True
Banana,3.5,38.6,51.6,6.15,1873.0,94.1,39.4,96.9,28.29,1533,281,5.0,51269,73,247538,382.8,69,100,68,100,69,Moderate,True
Banana,4.0,43.0,13.9,8.73,271.0,35.2,85.4,50.8,7.22,1820,300,2.43,59750,8,72200,20.8,17,5,5,5,5,Poor,True
Banana,0.25,35.7,80.8,6.45,3003.0,129.0,87.8,93.4,18.27,1388,266,0.27,3886,42,11419,193.8,100,100,95,5,100,Poor,True
Banana,16.0,10.3,19.7,4.59,152.0,10.7,89.0,52.1,6.85,1766,299,9.69,244086,5,274000,12.3,5,5,5,5,5,Poor,True
Banana,4.0,12.9,15.6,4.69,193.0,11.3,37.7,27.0,6.98,1871,306,2.42,54106,5,69800,29.0,5,5,5,5,5,Poor,True
Banana,1.5,13.7,15.5,4.0,86.0,5.4,69.8,72.7,6.93,1744,302,0.91,22314,5,25988,16.5,5,5,5,5,5,Poor,True
Banana,4.0,31.1,71.6,6.29,3097.0,198.0,31.4,62.3,18.36,1386,269,4.33,55027,41,183600,233.7,100,100,100,5,85,Poor,True
Banana,0.5,37.6,75.8,7.66,1025.0,76.7,46.0,84.3,24.74,1366,284,0.67,7212,63,30925,328.8,81,64,100,88,49,Moderate,True
Banana,6.25,30.0,66.0,6.06,1377.0,138.0,45.3,66.7,37.3,1435,271,11.36,87615,99,582812,565.2,100,100,100,100,100,Good,True
Banana,10.0,33.7,49.3,6.87,2557.0,54.6,75.4,47.7,18.72,1584,265,11.11,143866,46,468000,225.3,100,100,59,43,22,Poor,True
Banana,6.25,27.7,65.3,6.81,1713.0,167.9,57.4,76.2,34.38,1407,266,10.86,90958,99,537188,490.6,100,100,100,100,100,Good,True
Banana,12.25,34.6,75.0,7.98,1441.0,172.9,75.0,59.5,24.83,1459,270,15.78,180693,63,760419,320.8,100,38,100,100,100,Moderate,True
Banana,5.0,33.8,87.3,6.0,2581.0,63.0,30.6,77.3,20.51,1597,269,5.77,70202,50,256375,265.2,100,100,54,41,32,Moderate,True
Banana,3.0,29.9,44.1,6.0,2727.0,144.5,54.8,62.1,21.24,1673,278,3.45,42423,51,159300,275.5,100,100,40,29,100,Moderate,True
Banana,6.25,32.7,56.2,7.33,1596.0,83.6,31.9,23.0,27.42,1498,268,9.31,84669,72,428438,406.0,100,90,86,100,57,Moderate,True
Banana,16.0,12.5,10.5,4.49,132.0,5.6,73.8,34.9,7.09,1841,300,9.89,236435,6,283600,19.9,5,5,5,5,5,Poor,True
Banana,5.0,11.2,66.7,6.2,1680.0,146.6,54.6,98.1,18.32,1394,300,5.58,76253,40,229000,200.3,5,100,100,100,100,Poor,True
Banana,12.25,21.3,58.0,8.96,1842.0,124.5,86.0,66.8,17.59,1416,276,12.77,185179,42,538694,190.9,92,5,92,100,100,Poor,True
Banana,2.25,35.0,79.7,8.22,858.0,83.6,57.5,49.7,18.88,1392,270,2.39,31575,42,106200,236.3,100,19,100,62,57,Poor,True
Banana,5.0,11.6,22.1,8.55,3000.0,27.2,48.4,21.1,6.84,1868,307,2.93,68820,5,85500,24.2,5,5,5,5,5,Poor,True
Banana,0.25,21.6,95.3,5.73,1317.0,171.5,49.5,86.7,18.01,1788,272,0.27,3516,43,11256,220.1,95,93,5,100,100,Poor,True
Banana,16.0,11.3,19.7,4.61,115.0,10.0,31.6,75.4,6.99,1777,298,9.68,223154,5,279600,25.3,5,5,5,5,5,Poor,True
Banana,5.0,37.0,62.4,7.18,2602.0,168.0,76.8,23.3,26.07,1385,275,6.46,73996,64,325875,340.4,88,100,100,39,100,Moderate,True
Banana,4.0,29.8,78.9,7.99,1888.0,127.5,43.2,59.5,25.68,1386,269,5.12,55733,63,256800,360.8,100,37,100,100,100,Moderate,True
Banana,2.0,30.8,46.5,7.16,1624.0,78.8,74.9,35.9,26.45,1639,269,2.76,29737,65,132250,344.7,100,100,49,100,51,Moderate,True
Banana,10.0,38.8,41.4,5.7,2086.0,225.1,91.2,46.6,19.38,1671,278,10.89,149478,44,484500,224.1,67,91,29,84,33,Moderate,True
Banana,7.5,33.7,79.3,6.09,1807.0,131.7,61.2,71.6,34.65,1417,267,13.62,110505,99,649688,487.9,100,100,100,100,100,Good,True
Banana,2.25,29.0,63.2,7.06,1741.0,183.7,76.5,30.6,35.75,1400,276,3.99,31699,99,201094,534.4,100,100,100,100,100,Good,True
Banana,12.25,33.3,76.6,6.99,1853.0,187.0,42.4,45.8,35.73,1413,271,21.94,165784,99,1094231,560.0,100,100,100,100,100,Good,True
Banana,7.5,43.0,12.8,8.55,3000.0,26.2,55.7,36.3,7.41,1827,299,4.78,102242,5,138938,35.9,17,5,5,5,5,Poor,True
Banana,1.5,22.6,57.3,7.13,1589.0,188.2,85.6,95.4,33.35,1439,270,2.51,23409,94,125063,434.3,100,100,90,100,100,Good,True
Banana,3.0,40.5,32.3,7.31,2945.0,98.8,44.1,94.7,13.43,1826,288,2.57,40583,24,100725,148.2,46,92,5,10,75,Poor,True
Banana,0.25,9.5,15.2,4.14,119.0,5.7,87.9,22.1,7.23,1721,303,0.15,3702,5,4519,22.1,5,5,5,5,5,Poor,True
Banana,2.25,21.4,77.7,6.9,2189.0,147.5,64.5,27.1,31.9,1421,275,3.54,31182,86,179437,475.5,92,100,100,75,100,Good,True
Banana,1.0,35.1,80.0,5.41,2154.0,104.5,30.1,20.2,28.73,1429,266,1.45,12532,73,71825,473.1,100,63,100,78,82,Moderate,True
Banana,5.0,32.0,77.8,6.8,1393.0,162.3,74.4,84.2,38.31,1408,272,8.72,75426,99,478875,534.9,100,100,100,100,100,Good,True
Banana,2.25,23.8,54.5,5.94,1081.0,62.0,30.4,32.2,22.26,1498,266,2.82,29959,58,125212,317.9,100,100,79,97,31,Moderate,True
Banana,2.25,14.6,91.6,8.06,1275.0,119.5,73.0,66.1,15.25,1727,295,2.13,33561,33,85781,155.6,12,32,27,100,99,Poor,True
Banana,1.5,20.9,61.0,6.23,2737.0,183.7,54.3,76.3,22.51,1399,271,1.87,22337,56,84412,277.9,87,100,100,28,100,Moderate,True
Banana,2.0,38.3,54.3,5.62,1826.0,168.0,67.4,83.7,31.73,1472,275,3.16,30253,80,158650,424.4,73,83,79,100,100,Good,True
Banana,1.0,13.0,66.8,6.1,1873.0,182.3,64.9,51.7,18.1,1413,302,1.09,14487,44,45250,212.3,5,100,100,100,100,Poor,True
Banana,6.25,7.8,19.0,4.04,84.0,13.8,82.1,76.5,6.86,1800,298,3.83,95330,9,107188,12.4,5,5,5,5,5,Poor,True
Banana,2.0,22.0,83.5,6.61,373.0,171.1,38.8,33.5,18.08,1466,273,2.06,27148,41,90400,233.0,100,100,78,5,100,Poor,True
Banana,10.0,28.7,76.0,6.81,1520.0,151.3,62.6,87.2,35.51,1411,271,17.87,144880,99,887750,512.7,100,100,100,100,100,Good,True
Banana,12.25,36.9,73.9,7.26,797.0,112.8,61.1,54.5,26.8,1388,274,17.2,172307,67,820750,376.3,90,96,100,52,91,Moderate,True
Banana,1.5,5.7,34.2,7.24,2586.0,7.5,80.7,21.5,11.09,1771,303,1.13,22043,20,41587,88.7,5,97,5,41,5,Poor,True
Banana,3.0,18.7,67.1,7.23,1376.0,159.5,89.5,61.9,28.62,1385,279,4.62,46475,75,214650,361.9,61,98,100,100,100,Good,True
Banana,2.0,17.1,41.7,6.97,1627.0,50.2,51.2,83.6,17.09,1713,286,2.03,28950,35,85450,195.2,41,100,30,100,17,Poor,True
Banana,16.0,24.4,56.7,7.21,1963.0,178.9,54.9,46.5,33.93,1523,272,26.99,224760,92,1357200,503.8,100,99,88,95,100,Good,True
Banana,10.0,10.7,18.2,6.65,1019.0,108.2,86.6,92.3,15.02,1783,303,9.05,154485,33,375500,143.1,5,100,5,87,86,Poor,True
Banana,6.25,39.9,66.2,8.49,2564.0,133.7,61.5,42.0,15.57,1400,286,5.73,89562,35,243281,171.6,53,5,100,43,100,Poor,True
Banana,0.25,32.0,67.8,6.0,1608.0,172.8,43.3,68.5,37.14,1411,270,0.43,3462,98,23212,570.5,100,100,100,100,100,Good,True
Banana,3.5,33.6,65.9,6.29,1524.0,166.9,34.4,23.4,36.07,1430,271,6.28,45071,99,315612,600.3,100,100,100,100,100,Good,True
Banana,2.0,18.3,78.4,7.39,754.0,82.9,46.3,43.5,22.76,1423,280,2.59,28173,55,113800,303.9,57,85,100,45,56,Moderate,True
Banana,2.25,22.6,17.6,7.19,981.0,44.8,80.1,38.0,15.05,1746,271,2.23,33775,33,84656,150.6,100,100,5,81,11,Poor,True
Banana,7.5,11.4,20.7,8.79,3000.0,32.1,61.0,80.3,7.19,1838,298,4.44,112058,5,134812,20.3,5,5,5,5,5,Poor,True
Banana,3.0,44.0,72.0,5.72,1210.0,145.4,42.6,65.8,18.51,1409,293,3.14,42597,43,138825,225.9,5,92,100,100,100,Poor,True
Banana,7.5,6.4,82.8,7.17,1513.0,150.2,75.0,63.0,18.41,1468,299,8.24,107411,43,345188,221.4,5,100,82,100,100,Poor,True
Banana,4.0,21.1,81.8,6.38,2468.0,102.3,85.7,32.6,25.82,1439,270,5.52,57127,68,258200,352.0,90,100,88,51,79,Moderate,True
Banana,2.25,7.6,19.3,8.77,3000.0,7.0,31.4,95.6,7.2,1767,300,1.34,31829,5,40500,27.2,5,5,5,5,5,Poor,True
Banana,1.0,28.9,60.4,6.29,1144.0,130.2,59.9,45.4,35.11,1363,268,1.76,14253,99,87775,515.8,100,100,100,100,100,Good,True
Banana,12.25,28.2,48.0,7.78,2114.0,51.0,92.0,55.7,17.21,1613,267,13.28,183686,43,527056,186.9,100,54,54,81,18,Poor,True
Banana,16.0,22.0,76.4,6.1,1125.0,135.5,77.4,76.5,36.7,1414,266,28.23,245889,98,1468000,497.0,100,100,100,100,100,Good,True
Banana,5.0,28.9,65.2,6.15,1740.0,88.2,39.1,49.6,29.17,1384,280,7.61,69397,77,364625,425.4,100,100,100,100,62,Good,True
Banana,3.0,22.0,44.1,7.76,1435.0,123.9,59.5,64.2,23.61,1597,264,3.9,43853,59,177075,303.8,100,56,40,100,100,Moderate,True
Banana,1.0,27.6,65.2,7.04,1558.0,132.2,82.9,37.5,35.58,1426,270,1.75,14777,99,88950,501.9,100,100,100,100,100,Good,True
Banana,7.5,29.7,64.6,6.35,1383.0,147.7,87.3,40.0,35.9,1410,272,13.85,110128,99,673125,511.2,100,100,100,100,100,Good,True
Banana,4.0,33.8,65.3,7.2,1880.0,141.8,74.7,23.3,36.56,1441,271,6.9,54598,99,365600,569.6,100,100,100,100,100,Good,True
Banana,16.0,29.6,66.4,6.67,1308.0,130.4,76.1,77.8,36.18,1429,264,28.29,235149,99,1447200,515.4,100,100,100,100,100,Good,True
Banana,12.25,10.6,10.2,4.19,136.0,11.0,66.9,92.4,6.79,1774,290,7.53,189072,5,207944,10.0,5,5,5,5,5,Poor,True
Banana,2.25,29.2,75.4,8.97,1933.0,179.3,72.2,21.8,18.48,1407,263,2.31,31290,44,103950,232.2,100,5,100,97,100,Poor,True
Banana,4.0,36.5,85.6,6.36,2813.0,217.7,38.4,40.6,18.81,1505,273,4.28,53638,44,188100,250.7,94,100,64,21,47,Poor,True
Banana,0.5,31.5,72.2,6.88,1699.0,120.2,72.5,51.3,35.64,1366,279,0.89,7396,99,44550,502.4,100,100,100,100,100,Good,True
Banana,9.0,5.4,16.1,4.32,100.0,8.4,78.1,76.8,7.23,1729,306,5.56,132522,5,162675,22.8,5,5,5,5,5,Poor,True
Banana,1.0,35.2,68.6,5.95,1713.0,180.7,45.6,26.1,36.01,1443,263,1.77,13120,99,90025,586.2,100,100,100,100,100,Good,True
Banana,1.5,31.5,28.1,6.4,1452.0,120.2,99.3,69.4,18.97,1859,268,1.62,24061,42,71138,195.7,100,100,5,100,100,Poor,True
Banana,9.0,12.2,17.1,4.56,127.0,19.2,35.3,25.0,6.88,1765,298,5.55,121825,6,154800,27.1,5,5,5,5,5,Poor,True
Banana,6.25,20.2,58.8,5.88,1965.0,152.7,79.8,71.0,32.38,1408,273,10.23,93523,87,505938,441.0,79,100,95,94,100,Good,True
Banana,1.5,34.0,58.6,5.91,1900.0,135.8,45.8,96.9,35.41,1433,266,2.64,21702,97,132788,511.9,100,100,95,100,100,Good,True
Banana,0.25,42.2,34.9,5.59,620.0,105.6,72.2,71.6,13.03,1828,291,0.21,3772,24,8144,115.9,26,80,5,24,83,Poor,True
Banana,9.0,28.0,56.7,4.28,1470.0,156.1,44.0,59.7,18.15,1435,272,9.38,126807,40,408375,222.0,100,5,88,100,100,Poor,True
Banana,9.0,23.4,72.6,6.63,1582.0,161.5,66.5,44.3,35.65,1440,271,16.15,125887,99,802125,537.2,100,100,100,100,100,Good,True
Banana,1.5,32.2,66.6,7.45,389.0,111.1,91.8,21.9,17.64,1343,268,1.57,21898,42,66150,202.1,100,80,100,5,89,Poor,True
Banana,0.25,12.4,94.0,4.83,3000.0,44.0,53.4,22.8,7.23,1696,299,0.16,3456,6,4519,30.8,5,7,11,5,10,Poor,True
Banana,0.5,21.0,85.1,7.46,980.0,138.3,52.5,97.7,28.4,1475,271,0.78,7339,76,35500,383.7,89,79,67,81,100,Good,True
Banana,3.5,7.9,18.0,4.68,145.0,17.3,79.9,72.2,7.05,1809,305,2.13,51700,5,61688,19.3,5,5,5,5,5,Poor,True
Banana,12.25,34.5,84.7,7.59,1334.0,113.9,57.5,56.2,28.68,1526,275,18.23,171623,79,878325,411.8,100,69,70,100,93,Good,True
Banana,1.0,27.2,76.2,6.01,1381.0,137.9,45.2,51.1,35.73,1408,278,1.78,14189,99,89325,529.5,100,100,100,100,100,Good,True
Banana,2.25,43.0,18.5,4.83,339.0,33.9,65.6,81.5,7.45,1804,287,1.39,32424,7,41906,29.2,17,8,5,5,5,Poor,True
Banana,1.5,35.0,71.3,6.14,1877.0,148.6,85.7,32.5,36.02,1456,266,2.65,22712,98,135075,494.7,100,100,100,100,100,Good,True
Banana,9.0,33.0,68.7,6.08,1682.0,15.0,66.9,75.6,18.11,1413,278,9.85,135393,42,407475,201.0,100,100,100,100,5,Poor,True
Banana,2.25,30.2,71.8,6.4,1638.0,122.7,77.7,79.6,35.55,1447,269,4.07,33969,99,199969,488.7,100,100,100,100,100,Good,True
Banana,3.5,22.4,68.5,5.89,1778.0,169.8,63.2,24.8,36.38,1378,271,6.24,48918,99,318325,550.7,100,100,100,100,100,Good,True
Banana,4.0,34.0,79.5,7.12,2310.0,174.6,57.1,40.8,29.77,1362,276,6.24,56774,78,297700,424.4,100,100,100,65,100,Good,True
Banana,1.0,34.2,68.4,6.83,1775.0,228.6,93.9,22.4,22.19,1430,267,1.28,15147,56,55475,266.2,100,100,100,100,27,Moderate,True
Banana,10.0,9.9,25.7,4.06,218.0,45.7,77.4,94.2,7.23,1789,301,6.29,147898,7,180750,22.2,5,5,5,5,12,Poor,True
Banana,2.25,31.2,48.4,4.63,1609.0,125.2,97.5,57.9,17.42,1602,268,2.29,33877,37,97988,189.2,100,5,56,100,100,Poor,True
Banana,16.0,9.3,13.3,4.0,84.0,19.1,63.0,29.7,7.03,1770,306,9.84,234374,5,281200,20.0,5,5,5,5,5,Poor,True
Banana,2.0,43.0,18.3,8.75,3000.0,48.4,42.7,37.8,7.65,1786,291,1.28,27405,10,38250,39.6,17,5,5,5,15,Poor,True
Banana,1.0,31.7,53.1,5.94,1417.0,152.3,53.9,86.0,31.82,1492,266,1.6,14919,87,79550,433.2,100,100,74,100,100,Good,True
Banana,3.5,5.1,17.8,4.47,195.0,16.3,97.9,39.7,6.78,1813,300,2.17,52913,7,59325,12.1,5,5,5,5,5,Poor,True
Banana,3.5,40.1,56.4,7.97,2341.0,167.8,61.4,69.6,21.87,1404,281,4.24,49908,55,191362,283.4,52,39,86,62,100,Moderate,True
Banana,2.25,43.0,26.5,4.86,3000.0,44.0,55.1,90.1,7.72,1732,301,1.42,32622,8,43425,33.1,17,10,5,5,10,Poor,True
Banana,2.0,11.6,95.8,4.39,431.0,28.0,53.2,77.8,7.07,1812,307,1.23,27912,9,35350,26.6,5,5,5,5,5,Poor,True
Banana,4.0,24.6,74.0,5.93,1847.0,173.8,90.6,61.6,36.94,1419,276,7.31,61452,98,369400,501.1,100,100,100,100,100,Good,True
Banana,3.5,22.8,57.2,7.76,1166.0,117.7,34.4,90.1,27.08,1442,274,5.04,47243,72,236950,401.6,100,56,89,100,97,Moderate,True
Banana,4.0,35.8,56.6,5.36,2920.0,155.6,45.7,30.5,18.63,1434,264,4.22,53614,42,186300,247.5,100,58,87,12,100,Poor,True
Banana,3.5,31.1,69.8,6.61,1646.0,26.7,76.4,91.9,18.86,1446,267,3.91,54035,43,165025,205.4,100,100,100,100,5,Poor,True
Banana,5.0,22.0,79.8,5.39,2747.0,217.5,46.8,45.4,19.91,1394,270,5.7,68221,49,248875,264.8,100,61,100,27,48,Moderate,True
Banana,3.0,26.3,61.4,8.51,1215.0,164.2,34.2,69.2,18.47,1385,273,3.26,42901,44,138525,222.9,100,5,100,100,100,Poor,True
Banana,16.0,27.8,49.8,7.1,2304.0,98.8,99.7,40.8,26.48,1536,264,22.58,230521,70,1059200,359.5,100,100,61,65,75,Moderate,True
Banana,6.25,43.0,95.6,4.7,306.0,45.0,88.8,95.0,7.39,1724,298,4.07,94786,5,115469,21.8,17,5,5,5,11,Poor,True
Banana,7.5,31.1,61.0,6.42,1597.0,189.9,42.2,33.2,34.56,1361,270,13.78,101246,99,648000,540.0,100,100,100,100,100,Good,True
Banana,0.5,22.6,51.9,4.56,1392.0,91.2,63.6,95.4,16.15,1528,260,0.49,7290,37,20188,176.9,100,5,69,100,66,Poor,True
Banana,4.0,5.8,18.9,4.1,182.0,7.4,81.8,36.9,6.96,1810,303,2.41,55615,6,69600,25.1,5,5,5,5,5,Poor,True
